Type,Days for shipping (real),Days for shipment (scheduled),Benefit per order,Sales per customer,Delivery Status,Late_delivery_risk,Category Name,Customer City,Customer Country,Customer Segment,Customer State,Department Name,Market,Order City,Order Country,Order Item Discount,Order Item Discount Rate,Order Item Product Price,Order Item Profit Ratio,Order Item Quantity,Sales,Order Item Total,Order Profit Per Order,Order Region,Order State,Order Status,Product Name,Product Price,Shipping Mode,Shipping_Delay,Shipping_Pressure_Index,Order_Complexity_Score,Profit_Margin,Express_Shipping
PAYMENT,2,4,63.0,179.99,Advance shipping,0,Water Sports,East Lansing,EE. UU.,Consumer,MI,Fan Shop,LATAM,São Gonçalo,Brasil,20.0,0.1,199.99,0.35,1,199.99,179.99,63.0,South America,Río de Janeiro,PENDING_PAYMENT,Pelican Sunstream 100 Kayak,199.99,Standard Class,-2,0.25,199.99,0.3150157507875393,0
PAYMENT,2,4,7.98,30.71,Advance shipping,0,Electronics,Bakersfield,EE. UU.,Consumer,CA,Outdoors,Pacific Asia,Mackay,Australia,1.28,0.04,31.99,0.26,1,31.99,30.71,7.98,Oceania,Queensland,PENDING_PAYMENT,Bridgestone e6 Straight Distance NFL Carolina,31.99,Standard Class,-2,0.25,31.99,0.24945295404814,0
TRANSFER,4,4,30.74,81.97,Shipping on time,0,Indoor/Outdoor Games,Chicago,EE. UU.,Home Office,IL,Fan Shop,Europe,El Ejido,España,17.99,0.18,49.98,0.38,2,99.96,81.97,30.74,Southern Europe,Andalucía,PENDING,O'Brien Men's Neoprene Life Vest,49.98,Standard Class,0,0.5,199.92,0.3075230092036815,0
PAYMENT,6,4,66.9,145.44,Late delivery,1,Indoor/Outdoor Games,Summerville,EE. UU.,Consumer,SC,Fan Shop,Pacific Asia,Yogyakarta,Indonesia,4.5,0.03,49.98,0.46,3,149.94,145.44,66.9,Southeast Asia,Yogyakarta,PENDING_PAYMENT,O'Brien Men's Neoprene Life Vest,49.98,Standard Class,2,0.75,449.82,0.4461784713885555,0
DEBIT,0,0,16.39,48.48,Shipping on time,0,Indoor/Outdoor Games,Caguas,Puerto Rico,Consumer,PR,Fan Shop,Europe,Milan,Italia,1.5,0.03,49.98,0.34,1,49.98,48.48,16.39,Southern Europe,Lombardía,COMPLETE,O'Brien Men's Neoprene Life Vest,49.98,Same Day,0,inf,49.98,0.3279311724689876,1
PAYMENT,4,4,-431.96,269.97,Shipping on time,0,Cardio Equipment,Caguas,Puerto Rico,Consumer,PR,Footwear,Pacific Asia,Hastings,Nueva Zelanda,30.0,0.1,99.99,-1.6,3,299.97,269.97,-431.96,Oceania,Hawke's Bay,PENDING_PAYMENT,Nike Men's Free 5.0+ Running Shoe,99.99,Standard Class,0,0.75,899.9100000000001,-1.44001066773344,0
PAYMENT,2,1,53.75,191.97,Late delivery,1,Cleats,Caguas,Puerto Rico,Consumer,PR,Apparel,Africa,Zinder,Níger,47.99,0.2,59.99,0.28,4,239.96,191.97,53.75,West Africa,Zinder,PENDING_PAYMENT,Perfect Fitness Perfect Rip Deck,59.99,First Class,1,4.0,959.84,0.223995665944324,1
DEBIT,4,4,25.22,97.0,Shipping on time,0,Women's Apparel,New York,EE. UU.,Home Office,NY,Golf,Africa,Makurdi,Nigeria,3.0,0.03,50.0,0.26,2,100.0,97.0,25.22,West Africa,Benue,COMPLETE,Nike Men's Dri-FIT Victory Golf Polo,50.0,Standard Class,0,0.5,200.0,0.2522,0
TRANSFER,5,4,33.47,107.98,Late delivery,1,Cleats,Granada Hills,EE. UU.,Home Office,CA,Apparel,Pacific Asia,Ankara,Turquía,12.0,0.1,59.99,0.31,2,119.98,107.98,33.47,West Asia,Ankara,PROCESSING,Perfect Fitness Perfect Rip Deck,59.99,Standard Class,1,0.5,239.96,0.2789631605267544,0
DEBIT,2,4,30.89,128.69,Advance shipping,0,Men's Footwear,Chicago,EE. UU.,Home Office,IL,Apparel,Europe,Madrid,España,1.3,0.01,129.99,0.24,1,129.99,128.69,30.89,Southern Europe,Madrid,COMPLETE,Nike Men's CJ Elite 2 TD Football Cleat,129.99,Standard Class,-2,0.25,129.99,0.2376336641280098,0
DEBIT,2,2,20.16,335.98,Shipping on time,0,Fishing,San Diego,EE. UU.,Corporate,CA,Fan Shop,Europe,Dudley,Reino Unido,64.0,0.16,399.98,0.06,1,399.98,335.98,20.16,Northern Europe,Inglaterra,COMPLETE,Field & Stream Sportsman 16 Gun Fire Safe,399.98,Second Class,0,0.5,399.98,0.0504025201260062,0
TRANSFER,2,1,56.9,123.7,Late delivery,1,Accessories,York,EE. UU.,Corporate,PA,Outdoors,LATAM,Mexico City,México,1.25,0.01,24.99,0.46,5,124.95,123.7,56.9,Central America,Distrito Federal,PROCESSING,Team Golf St. Louis Cardinals Putter Grip,24.99,First Class,1,5.0,624.75,0.4553821528611444,1
DEBIT,2,4,38.7,290.98,Advance shipping,0,Camping & Hiking,Caguas,Puerto Rico,Consumer,PR,Fan Shop,LATAM,Camagüey,Cuba,9.0,0.03,299.98,0.13,1,299.98,290.98,38.7,Caribbean,Camagüey,COMPLETE,Diamondback Women's Serene Classic Comfort Bi,299.98,Standard Class,-2,0.25,299.98,0.1290086005733715,0
PAYMENT,4,4,0.84,11.19,Shipping on time,0,Toys,Caguas,Puerto Rico,Consumer,PR,Fan Shop,Pacific Asia,Bundaberg,Australia,0.35,0.03,11.54,0.08,1,11.54,11.19,0.84,Oceania,Queensland,PENDING_PAYMENT,Toys ,11.54,Standard Class,0,0.25,11.54,0.072790294627383,0
TRANSFER,6,4,-5.94,59.39,Late delivery,1,Cleats,Caguas,Puerto Rico,Corporate,PR,Apparel,Africa,Bukavu,República Democrática del Congo,0.6,0.01,59.99,-0.1,1,59.99,59.39,-5.94,Central Africa,Kivu del Sur,PROCESSING,Perfect Fitness Perfect Rip Deck,59.99,Standard Class,2,0.25,59.99,-0.0990165027504584,0
PAYMENT,5,4,-67.4,43.48,Late delivery,1,Indoor/Outdoor Games,Caguas,Puerto Rico,Corporate,PR,Fan Shop,USCA,Paterson,Estados Unidos,6.5,0.13,49.98,-1.55,1,49.98,43.48,-67.4,East of USA,Nueva Jersey,PENDING_PAYMENT,O'Brien Men's Neoprene Life Vest,49.98,Standard Class,1,0.25,49.98,-1.3485394157663066,0
DEBIT,6,4,21.88,128.69,Late delivery,1,Men's Footwear,Long Beach,EE. UU.,Corporate,CA,Apparel,Pacific Asia,Yakarta,Indonesia,1.3,0.01,129.99,0.17,1,129.99,128.69,21.88,Southeast Asia,Yakarta,COMPLETE,Nike Men's CJ Elite 2 TD Football Cleat,129.99,Standard Class,2,0.25,129.99,0.1683206400492345,0
PAYMENT,6,4,5.49,148.44,Late delivery,1,Indoor/Outdoor Games,Caguas,Puerto Rico,Corporate,PR,Fan Shop,Europe,Taranto,Italia,1.5,0.01,49.98,0.04,3,149.94,148.44,5.49,Southern Europe,Apulia,PENDING_PAYMENT,O'Brien Men's Neoprene Life Vest,49.98,Standard Class,2,0.75,449.82,0.0366146458583433,0
DEBIT,2,1,-3.16,14.54,Late delivery,1,Golf Balls,Las Vegas,EE. UU.,Corporate,NV,Outdoors,USCA,New York City,Estados Unidos,0.45,0.03,14.99,-0.22,1,14.99,14.54,-3.16,East of USA,Nueva York,COMPLETE,Hirzl Men's Hybrid Golf Glove,14.99,First Class,1,1.0,14.99,-0.2108072048032021,1
CASH,3,4,10.8,40.0,Advance shipping,0,Women's Apparel,Caguas,Puerto Rico,Consumer,PR,Golf,Pacific Asia,Bandung,Indonesia,10.0,0.2,50.0,0.27,1,50.0,40.0,10.8,Southeast Asia,Java Occidental,CLOSED,Nike Men's Dri-FIT Victory Golf Polo,50.0,Standard Class,-1,0.25,50.0,0.216,0
PAYMENT,2,4,67.57,199.92,Advance shipping,0,Indoor/Outdoor Games,Albuquerque,EE. UU.,Consumer,NM,Fan Shop,Europe,Kryvyy Rih,Ucrania,49.98,0.2,49.98,0.34,5,249.9,199.92,67.57,Eastern Europe,Dnipropetrovsk,PENDING_PAYMENT,O'Brien Men's Neoprene Life Vest,49.98,Standard Class,-2,1.25,1249.5,0.2703881552621048,0
PAYMENT,5,4,74.99,299.95,Late delivery,1,Cleats,Escondido,EE. UU.,Corporate,CA,Apparel,LATAM,Avellaneda,Argentina,0.0,0.0,59.99,0.25,5,299.95,299.95,74.99,South America,Santa Fe,PENDING_PAYMENT,Perfect Fitness Perfect Rip Deck,59.99,Standard Class,1,1.25,1499.75,0.2500083347224537,0
PAYMENT,4,2,41.74,86.97,Late delivery,1,Indoor/Outdoor Games,New York,EE. UU.,Corporate,NY,Fan Shop,Europe,London,Reino Unido,12.99,0.13,49.98,0.48,2,99.96,86.97,41.74,Northern Europe,Inglaterra,PENDING_PAYMENT,O'Brien Men's Neoprene Life Vest,49.98,Second Class,2,1.0,199.92,0.4175670268107243,0
DEBIT,2,4,14.85,197.99,Advance shipping,0,Water Sports,Caguas,Puerto Rico,Consumer,PR,Fan Shop,Europe,Apeldoorn,Países Bajos,2.0,0.01,199.99,0.08,1,199.99,197.99,14.85,Western Europe,Güeldres,COMPLETE,Pelican Sunstream 100 Kayak,199.99,Standard Class,-2,0.25,199.99,0.0742537126856342,0
CASH,5,4,31.66,109.18,Late delivery,1,Cleats,Fullerton,EE. UU.,Corporate,CA,Apparel,USCA,Seattle,Estados Unidos,10.8,0.09,59.99,0.29,2,119.98,109.18,31.66,West of USA ,Washington,CLOSED,Perfect Fitness Perfect Rip Deck,59.99,Standard Class,1,0.5,239.96,0.2638773128854809,0
TRANSFER,5,4,-209.97,299.95,Late delivery,1,Cleats,Caguas,Puerto Rico,Corporate,PR,Apparel,USCA,Columbus,Estados Unidos,0.0,0.0,59.99,-0.7,5,299.95,299.95,-209.97,South of  USA ,Georgia,PROCESSING,Perfect Fitness Perfect Rip Deck,59.99,Standard Class,1,1.25,1499.75,-0.7000166694449075,0
DEBIT,2,4,20.59,79.18,Advance shipping,0,Shop By Sport,Bronx,EE. UU.,Corporate,NY,Golf,Europe,Amberes,Bélgica,0.8,0.01,39.99,0.26,2,79.98,79.18,20.59,Western Europe,Amberes,COMPLETE,Under Armour Girls' Toddler Spine Surge Runni,39.99,Standard Class,-2,0.5,159.96,0.2574393598399599,0
DEBIT,5,2,47.99,159.95,Late delivery,1,Electronics,Caguas,Puerto Rico,Corporate,PR,Outdoors,Pacific Asia,Jinjiang,China,0.0,0.0,31.99,0.3,5,159.95,159.95,47.99,Eastern Asia,Fujian,COMPLETE,Bridgestone e6 Straight Distance NFL Carolina,31.99,Second Class,3,2.5,799.75,0.3000312597686777,0
TRANSFER,6,2,20.08,40.98,Late delivery,1,Indoor/Outdoor Games,Rio Grande,Puerto Rico,Corporate,PR,Fan Shop,LATAM,Nicoya,Costa Rica,9.0,0.18,49.98,0.49,1,49.98,40.98,20.08,Central America,Guanacaste,PROCESSING,O'Brien Men's Neoprene Life Vest,49.98,Second Class,4,0.5,49.98,0.4017607042817127,0
CASH,5,2,30.13,83.0,Late delivery,1,Women's Apparel,Caguas,Puerto Rico,Consumer,PR,Golf,Pacific Asia,Changshu,China,17.0,0.17,50.0,0.36,2,100.0,83.0,30.13,Eastern Asia,Jiangsu,CLOSED,Nike Men's Dri-FIT Victory Golf Polo,50.0,Second Class,3,1.0,200.0,0.3013,0
TRANSFER,3,4,64.68,184.79,Advance shipping,0,Women's Golf Clubs,Caguas,Puerto Rico,Home Office,PR,Outdoors,Europe,Sunderland,Reino Unido,25.2,0.12,209.99,0.35,1,209.99,184.79,64.68,Northern Europe,Inglaterra,PROCESSING,Cleveland Golf Collegiate My Custom Wedge 588,209.99,Standard Class,-1,0.25,209.99,0.3080146673651126,0
PAYMENT,2,1,14.31,31.8,Late delivery,1,Video Games,Caguas,Puerto Rico,Consumer,PR,Discs Shop,Pacific Asia,Tegal,Indonesia,7.95,0.2,39.75,0.45,1,39.75,31.8,14.31,Southeast Asia,Java Central,PENDING_PAYMENT,Fighting video games,39.75,First Class,1,1.0,39.75,0.36,1
DEBIT,6,2,36.18,139.16,Late delivery,1,Electronics,Morganton,EE. UU.,Consumer,NC,Outdoors,Europe,Paris,Francia,20.79,0.13,31.99,0.26,5,159.95,139.16,36.18,Western Europe,Isla de Francia,COMPLETE,Bridgestone e6 Straight Distance NFL San Dieg,31.99,Second Class,4,2.5,799.75,0.2261956861519224,0
PAYMENT,4,4,24.99,249.9,Shipping on time,0,Indoor/Outdoor Games,Caguas,Puerto Rico,Consumer,PR,Fan Shop,Pacific Asia,Izmir,Turquía,0.0,0.0,49.98,0.1,5,249.9,249.9,24.99,West Asia,Izmir,PENDING_PAYMENT,O'Brien Men's Neoprene Life Vest,49.98,Standard Class,0,1.25,1249.5,0.0999999999999999,0
PAYMENT,6,4,-699.97,399.98,Late delivery,1,Fishing,Brooklyn,EE. UU.,Home Office,NY,Fan Shop,LATAM,Monterrey,México,0.0,0.0,399.98,-1.75,1,399.98,399.98,-699.97,Central America,Nuevo León,PENDING_PAYMENT,Field & Stream Sportsman 16 Gun Fire Safe,399.98,Standard Class,2,0.25,399.98,-1.750012500625031,0
TRANSFER,4,4,12.55,199.17,Shipping on time,0,Cleats,Caguas,Puerto Rico,Home Office,PR,Apparel,Europe,Bilbao,España,40.79,0.17,59.99,0.06,4,239.96,199.17,12.55,Southern Europe,País Vasco,PROCESSING,Perfect Fitness Perfect Rip Deck,59.99,Standard Class,0,1.0,959.84,0.0523003833972328,0
TRANSFER,4,4,12.45,165.99,Shipping on time,0,Water Sports,Los Angeles,EE. UU.,Consumer,CA,Fan Shop,Europe,Elx,España,34.0,0.17,199.99,0.08,1,199.99,165.99,12.45,Southern Europe,Valenciana,PROCESSING,Pelican Sunstream 100 Kayak,199.99,Standard Class,0,0.25,199.99,0.0622531126556327,0
TRANSFER,2,4,9.41,33.59,Advance shipping,0,Shop By Sport,Victorville,EE. UU.,Home Office,CA,Golf,Europe,Almelo,Países Bajos,6.4,0.16,39.99,0.28,1,39.99,33.59,9.41,Western Europe,Overijssel,PROCESSING,Under Armour Girls' Toddler Spine Surge Runni,39.99,Standard Class,-2,0.25,39.99,0.2353088272068016,0
DEBIT,6,2,20.79,189.0,Late delivery,1,Women's Apparel,Long Beach,EE. UU.,Consumer,CA,Golf,Africa,Rabat,Marruecos,11.0,0.06,50.0,0.11,4,200.0,189.0,20.79,North Africa,Rabat-Salé-Zemur-Zaer,ON_HOLD,Nike Men's Dri-FIT Victory Golf Polo,50.0,Second Class,4,2.0,800.0,0.10395,0
TRANSFER,2,1,60.82,179.93,Shipping canceled,0,Indoor/Outdoor Games,Brownsville,EE. UU.,Consumer,TX,Fan Shop,LATAM,Mexico City,México,19.99,0.1,49.98,0.34,4,199.92,179.93,60.82,Central America,Distrito Federal,SUSPECTED_FRAUD,O'Brien Men's Neoprene Life Vest,49.98,First Class,1,4.0,799.68,0.3042216886754702,1
DEBIT,2,4,114.38,278.98,Advance shipping,0,Camping & Hiking,Honolulu,EE. UU.,Home Office,HI,Fan Shop,Europe,Manchester,Reino Unido,21.0,0.07,299.98,0.41,1,299.98,278.98,114.38,Northern Europe,Inglaterra,COMPLETE,Diamondback Women's Serene Classic Comfort Bi,299.98,Standard Class,-2,0.25,299.98,0.3812920861390759,0
PAYMENT,2,1,13.1,28.48,Late delivery,1,Golf Balls,Vega Baja,Puerto Rico,Consumer,PR,Outdoors,USCA,Arlington,Estados Unidos,1.5,0.05,14.99,0.46,2,29.98,28.48,13.1,US Center ,Texas,PENDING_PAYMENT,Hirzl Women's Hybrid Golf Glove,14.99,First Class,1,2.0,59.96,0.4369579719813208,1
DEBIT,2,1,-171.59,114.39,Late delivery,1,Men's Footwear,Caguas,Puerto Rico,Corporate,PR,Apparel,LATAM,Uberlândia,Brasil,15.6,0.12,129.99,-1.5,1,129.99,114.39,-171.59,South America,Minas Gerais,COMPLETE,Nike Men's CJ Elite 2 TD Football Cleat,129.99,First Class,1,1.0,129.99,-1.3200246172782522,1
TRANSFER,6,4,-435.15,255.97,Shipping canceled,0,Women's Golf Clubs,Chicago,EE. UU.,Corporate,IL,Outdoors,Europe,Flensburg,Alemania,63.99,0.2,79.99,-1.7,4,319.96,255.97,-435.15,Western Europe,Schleswig-Holstein,SUSPECTED_FRAUD,MDGolf Pittsburgh Penguins Putter,79.99,Standard Class,2,1.0,1279.84,-1.360013751718965,0
PAYMENT,2,4,141.11,335.98,Advance shipping,0,Fishing,Bayamon,Puerto Rico,Corporate,PR,Fan Shop,USCA,Dallas,Estados Unidos,64.0,0.16,399.98,0.42,1,399.98,335.98,141.11,US Center ,Texas,PENDING_PAYMENT,Field & Stream Sportsman 16 Gun Fire Safe,399.98,Standard Class,-2,0.25,399.98,0.3527926396319816,0
PAYMENT,6,2,78.9,164.38,Late delivery,1,DVDs,Los Angeles,EE. UU.,Corporate,CA,Discs Shop,Pacific Asia,Korba,India,0.0,0.0,164.38,0.48,1,164.38,164.38,78.9,South Asia,Chhattisgarh,PENDING_PAYMENT,DVDs ,164.38,Second Class,4,0.5,164.38,0.4799853996836599,0
CASH,2,1,-460.92,173.93,Late delivery,1,Indoor/Outdoor Games,Washington,EE. UU.,Corporate,DC,Fan Shop,LATAM,San Miguelito,Panamá,25.99,0.13,49.98,-2.65,4,199.92,173.93,-460.92,Central America,Panamá,CLOSED,O'Brien Men's Neoprene Life Vest,49.98,First Class,1,4.0,799.68,-2.305522208883554,1
PAYMENT,2,2,23.04,383.98,Shipping on time,0,Fishing,Caguas,Puerto Rico,Corporate,PR,Fan Shop,Pacific Asia,Bagdad,Irak,16.0,0.04,399.98,0.06,1,399.98,383.98,23.04,West Asia,Bagdad,PENDING_PAYMENT,Field & Stream Sportsman 16 Gun Fire Safe,399.98,Second Class,0,0.5,399.98,0.0576028801440072,0
TRANSFER,3,4,92.23,224.96,Shipping canceled,0,Cleats,Caguas,Puerto Rico,Corporate,PR,Apparel,Europe,Sesto San Giovanni,Italia,74.99,0.25,59.99,0.41,5,299.95,224.96,92.23,Southern Europe,Lombardía,SUSPECTED_FRAUD,Perfect Fitness Perfect Rip Deck,59.99,Standard Class,-1,1.25,1499.75,0.3074845807634606,0
DEBIT,4,4,40.56,124.79,Shipping on time,0,Men's Footwear,Caguas,Puerto Rico,Consumer,PR,Apparel,Europe,Bayonne,Francia,5.2,0.04,129.99,0.33,1,129.99,124.79,40.56,Western Europe,Aquitania-Lemosín-Poitou-Charentes,COMPLETE,Nike Men's CJ Elite 2 TD Football Cleat,129.99,Standard Class,0,0.25,129.99,0.3120240018462958,0
PAYMENT,5,2,-110.09,299.99,Late delivery,1,Fishing,Caguas,Puerto Rico,Consumer,PR,Fan Shop,Pacific Asia,Mosul,Irak,100.0,0.25,399.98,-0.37,1,399.98,299.99,-110.09,West Asia,Nínive,PENDING_PAYMENT,Field & Stream Sportsman 16 Gun Fire Safe,399.98,Second Class,3,0.5,399.98,-0.2752387619380969,0
TRANSFER,4,4,16.89,53.97,Shipping on time,0,Golf Balls,Hialeah,EE. UU.,Corporate,FL,Outdoors,LATAM,Santo Domingo,República Dominicana,6.0,0.1,19.99,0.31,3,59.97,53.97,16.89,Caribbean,Santo Domingo,PENDING,Glove It Women's Mod Oval Golf Glove,19.99,Standard Class,0,0.75,179.91,0.2816408204102051,0
DEBIT,2,4,23.65,181.93,Advance shipping,0,Indoor/Outdoor Games,Detroit,EE. UU.,Corporate,MI,Fan Shop,LATAM,Saltillo,México,17.99,0.09,49.98,0.13,4,199.92,181.93,23.65,Central America,Coahuila,COMPLETE,O'Brien Men's Neoprene Life Vest,49.98,Standard Class,-2,1.0,799.68,0.118297318927571,0
DEBIT,2,1,13.2,29.99,Late delivery,1,Shop By Sport,Philadelphia,EE. UU.,Consumer,PA,Golf,Pacific Asia,Yakarta,Indonesia,10.0,0.25,39.99,0.44,1,39.99,29.99,13.2,Southeast Asia,Yakarta,COMPLETE,Under Armour Girls' Toddler Spine Surge Runni,39.99,First Class,1,1.0,39.99,0.3300825206301575,1
DEBIT,2,1,60.74,161.97,Late delivery,1,Cleats,Hendersonville,EE. UU.,Consumer,TN,Apparel,Europe,Lyon,Francia,18.0,0.1,59.99,0.38,3,179.97,161.97,60.74,Western Europe,Auvernia-Ródano-Alpes,ON_HOLD,Perfect Fitness Perfect Rip Deck,59.99,First Class,1,3.0,539.91,0.3375006945602045,1
DEBIT,3,4,22.5,179.99,Advance shipping,0,Water Sports,Caguas,Puerto Rico,Home Office,PR,Fan Shop,Pacific Asia,Estambul,Turquía,20.0,0.1,199.99,0.13,1,199.99,179.99,22.5,West Asia,Estambul,COMPLETE,Pelican Sunstream 100 Kayak,199.99,Standard Class,-1,0.25,199.99,0.112505625281264,0
CASH,5,2,16.56,118.29,Late delivery,1,Men's Footwear,Caguas,Puerto Rico,Home Office,PR,Apparel,Pacific Asia,Porirua,Nueva Zelanda,11.7,0.09,129.99,0.14,1,129.99,118.29,16.56,Oceania,Wellington,CLOSED,Nike Men's CJ Elite 2 TD Football Cleat,129.99,Second Class,3,0.5,129.99,0.1273944149549965,0
TRANSFER,4,4,48.57,155.16,Shipping on time,0,Shop By Sport,Caguas,Puerto Rico,Consumer,PR,Golf,Europe,Klagenfurt,Austria,4.8,0.03,39.99,0.31,4,159.96,155.16,48.57,Western Europe,Carintia,PROCESSING,Under Armour Girls' Toddler Spine Surge Runni,39.99,Standard Class,0,1.0,639.84,0.3036384096024005,0
PAYMENT,2,1,-537.57,335.98,Late delivery,1,Fishing,Los Angeles,EE. UU.,Corporate,CA,Fan Shop,USCA,San Francisco,Estados Unidos,64.0,0.16,399.98,-1.6,1,399.98,335.98,-537.57,West of USA ,California,PENDING_PAYMENT,Field & Stream Sportsman 16 Gun Fire Safe,399.98,First Class,1,1.0,399.98,-1.3439921996099806,1
DEBIT,5,4,63.33,197.92,Late delivery,1,Indoor/Outdoor Games,Caguas,Puerto Rico,Consumer,PR,Fan Shop,LATAM,Limeira,Brasil,2.0,0.01,49.98,0.32,4,199.92,197.92,63.33,South America,São Paulo,COMPLETE,O'Brien Men's Neoprene Life Vest,49.98,Standard Class,1,1.0,799.68,0.3167767106842737,0
DEBIT,3,2,39.13,134.95,Late delivery,1,Indoor/Outdoor Games,Bronx,EE. UU.,Corporate,NY,Fan Shop,Pacific Asia,Adelaide,Australia,14.99,0.1,49.98,0.29,3,149.94,134.95,39.13,Oceania,Australia del Sur,COMPLETE,O'Brien Men's Neoprene Life Vest,49.98,Second Class,1,1.5,449.82,0.2609710550887021,0
PAYMENT,2,1,30.54,145.44,Late delivery,1,Indoor/Outdoor Games,Dearborn,EE. UU.,Home Office,MI,Fan Shop,USCA,Salem,Estados Unidos,4.5,0.03,49.98,0.21,3,149.94,145.44,30.54,South of  USA ,Virginia,PENDING_PAYMENT,O'Brien Men's Neoprene Life Vest,49.98,First Class,1,3.0,449.82,0.2036814725890356,1
DEBIT,4,4,24.94,113.38,Shipping on time,0,Cleats,Pico Rivera,EE. UU.,Consumer,CA,Apparel,Europe,Bristol,Reino Unido,6.6,0.06,59.99,0.22,2,119.98,113.38,24.94,Northern Europe,Inglaterra,COMPLETE,Perfect Fitness Perfect Rip Deck,59.99,Standard Class,0,0.5,239.96,0.2078679779963327,0
TRANSFER,3,4,41.5,331.98,Shipping canceled,0,Fishing,Caguas,Puerto Rico,Corporate,PR,Fan Shop,Pacific Asia,Adelaide,Australia,68.0,0.17,399.98,0.13,1,399.98,331.98,41.5,Oceania,Australia del Sur,CANCELED,Field & Stream Sportsman 16 Gun Fire Safe,399.98,Standard Class,-1,0.25,399.98,0.1037551877593879,0
TRANSFER,3,4,-37.5,25.0,Advance shipping,0,Hockey,Caguas,Puerto Rico,Corporate,PR,Fitness,Pacific Asia,Adelaide,Australia,0.0,0.0,25.0,-1.5,1,25.0,25.0,-37.5,Oceania,Australia del Sur,PROCESSING,Nike Women's Legend V-Neck T-Shirt,25.0,Standard Class,-1,0.25,25.0,-1.5,0
PAYMENT,5,4,3.72,124.12,Late delivery,1,Electronics,Pekin,EE. UU.,Corporate,IL,Footwear,Africa,Maroua,Camerún,3.84,0.03,31.99,0.03,4,127.96,124.12,3.72,Central Africa,Extreme-Nord,PENDING_PAYMENT,Under Armour Women's Ignite Slide,31.99,Standard Class,1,1.0,511.84,0.0290715848702719,0
TRANSFER,2,1,-13.86,85.0,Shipping canceled,0,Women's Apparel,Norwalk,EE. UU.,Corporate,CA,Golf,Europe,Járkov,Ucrania,15.0,0.15,50.0,-0.16,2,100.0,85.0,-13.86,Eastern Europe,Járkov,SUSPECTED_FRAUD,Nike Men's Dri-FIT Victory Golf Polo,50.0,First Class,1,2.0,200.0,-0.1386,1
TRANSFER,2,1,140.84,387.98,Late delivery,1,Fishing,Caguas,Puerto Rico,Consumer,PR,Fan Shop,LATAM,Ciego de Ávila,Cuba,12.0,0.03,399.98,0.36,1,399.98,387.98,140.84,Caribbean,Ciego de Ávila,PROCESSING,Field & Stream Sportsman 16 Gun Fire Safe,399.98,First Class,1,1.0,399.98,0.352117605880294,1
DEBIT,6,4,178.55,371.98,Late delivery,1,Fishing,Gardena,EE. UU.,Consumer,CA,Fan Shop,Europe,Arnsberg,Alemania,28.0,0.07,399.98,0.48,1,399.98,371.98,178.55,Western Europe,Renania del Norte-Westfalia,COMPLETE,Field & Stream Sportsman 16 Gun Fire Safe,399.98,Standard Class,2,0.25,399.98,0.4463973198659933,0
TRANSFER,5,4,-37.21,55.79,Late delivery,1,Cleats,Caguas,Puerto Rico,Consumer,PR,Apparel,Pacific Asia,Kandahar,Afganistán,4.2,0.07,59.99,-0.67,1,59.99,55.79,-37.21,South Asia,Kandahar,PROCESSING,Perfect Fitness Perfect Rip Deck,59.99,Standard Class,1,0.25,59.99,-0.6202700450075013,0
CASH,6,4,55.41,113.09,Late delivery,1,Men's Footwear,Caguas,Puerto Rico,Consumer,PR,Apparel,LATAM,Joinville,Brasil,16.9,0.13,129.99,0.49,1,129.99,113.09,55.41,South America,Santa Catarina,CLOSED,Nike Men's CJ Elite 2 TD Football Cleat,129.99,Standard Class,2,0.25,129.99,0.4262635587352872,0
DEBIT,6,4,16.73,92.96,Late delivery,1,Indoor/Outdoor Games,Salem,EE. UU.,Corporate,OR,Fan Shop,LATAM,Ocaña,Colombia,7.0,0.07,49.98,0.18,2,99.96,92.96,16.73,South America,Norte de Santander,COMPLETE,O'Brien Men's Neoprene Life Vest,49.98,Standard Class,2,0.5,199.92,0.1673669467787115,0
PAYMENT,6,4,53.76,191.99,Late delivery,1,Water Sports,Danbury,EE. UU.,Corporate,CT,Fan Shop,LATAM,Avellaneda,Argentina,8.0,0.04,199.99,0.28,1,199.99,191.99,53.76,South America,Santa Fe,PENDING_PAYMENT,Pelican Sunstream 100 Kayak,199.99,Standard Class,2,0.25,199.99,0.2688134406720335,0
TRANSFER,2,4,67.31,203.97,Advance shipping,0,Cleats,Portland,EE. UU.,Consumer,OR,Apparel,Europe,Rotherham,Reino Unido,35.99,0.15,59.99,0.33,4,239.96,203.97,67.31,Northern Europe,Inglaterra,PENDING,Perfect Fitness Perfect Rip Deck,59.99,Standard Class,-2,1.0,959.84,0.2805050841806968,0
DEBIT,4,4,-35.51,113.09,Shipping on time,0,Men's Footwear,Caguas,Puerto Rico,Corporate,PR,Apparel,USCA,Philadelphia,Estados Unidos,16.9,0.13,129.99,-0.31,1,129.99,113.09,-35.51,East of USA,Pensilvania,COMPLETE,Nike Men's CJ Elite 2 TD Football Cleat,129.99,Standard Class,0,0.25,129.99,-0.2731748596045849,0
PAYMENT,3,2,52.92,188.99,Late delivery,1,Water Sports,Caguas,Puerto Rico,Consumer,PR,Fan Shop,Europe,Majadahonda,España,11.0,0.06,199.99,0.28,1,199.99,188.99,52.92,Southern Europe,Madrid,PENDING_PAYMENT,Pelican Sunstream 100 Kayak,199.99,Second Class,1,0.5,199.99,0.2646132306615331,0
DEBIT,2,4,96.99,346.39,Advance shipping,0,Children's Clothing,Caguas,Puerto Rico,Home Office,PR,Apparel,Europe,Glasgow,Reino Unido,10.71,0.03,357.1,0.28,1,357.1,346.39,96.99,Northern Europe,Escocia,COMPLETE,Children's heaters,357.1,Standard Class,-2,0.25,357.1,0.2716045925511061,0
DEBIT,3,4,-9.29,105.59,Advance shipping,0,Golf Apparel,Cleveland,EE. UU.,Home Office,OH,Outdoors,Europe,Reading,Reino Unido,14.4,0.12,119.99,-0.09,1,119.99,105.59,-9.29,Northern Europe,Inglaterra,COMPLETE,Cleveland Golf Women's 588 RTX CB Satin Chrom,119.99,Standard Class,-1,0.25,119.99,-0.0774231185932161,0
DEBIT,3,2,10.38,175.99,Late delivery,1,Water Sports,Caguas,Puerto Rico,Corporate,PR,Fan Shop,USCA,Fresno,Estados Unidos,24.0,0.12,199.99,0.06,1,199.99,175.99,10.38,West of USA ,California,COMPLETE,Pelican Sunstream 100 Kayak,199.99,Second Class,1,0.5,199.99,0.0519025951297564,0
TRANSFER,2,4,-17.99,59.96,Shipping canceled,0,Trade-In,Richmond,EE. UU.,Corporate,KY,Outdoors,Pacific Asia,Jining,China,19.99,0.25,15.99,-0.3,5,79.95,59.96,-17.99,Eastern Asia,Mongolia Interior,SUSPECTED_FRAUD,Glove It Imperial Golf Towel,15.99,Standard Class,-2,1.25,399.75,-0.2250156347717323,0
TRANSFER,3,4,57.41,124.8,Advance shipping,0,Golf Shoes,Morristown,EE. UU.,Consumer,NJ,Outdoors,LATAM,San Pedro Sula,Honduras,5.2,0.04,65.0,0.46,2,130.0,124.8,57.41,Central America,Cortés,PROCESSING,LIJA Women's Eyelet Sleeveless Golf Polo,65.0,Standard Class,-1,0.5,260.0,0.4416153846153846,0
TRANSFER,2,2,47.92,132.0,Shipping on time,0,Women's Apparel,Honolulu,EE. UU.,Home Office,HI,Golf,Europe,Cherkasy,Ucrania,18.0,0.12,50.0,0.36,3,150.0,132.0,47.92,Eastern Europe,Cherkasy,PENDING,Nike Men's Dri-FIT Victory Golf Polo,50.0,Second Class,0,1.5,450.0,0.3194666666666667,0
DEBIT,5,4,48.38,100.78,Late delivery,1,Cleats,Astoria,EE. UU.,Consumer,NY,Apparel,LATAM,Mérida,México,19.2,0.16,59.99,0.48,2,119.98,100.78,48.38,Central America,Yucatán,COMPLETE,Perfect Fitness Perfect Rip Deck,59.99,Standard Class,1,0.5,239.96,0.403233872312052,0
TRANSFER,2,1,10.66,82.0,Late delivery,1,Women's Apparel,Virginia Beach,EE. UU.,Consumer,VA,Golf,LATAM,Durango,México,18.0,0.18,50.0,0.13,2,100.0,82.0,10.66,Central America,Durango,PENDING,Nike Men's Dri-FIT Victory Golf Polo,50.0,First Class,1,2.0,200.0,0.1066,1
DEBIT,6,2,-37.19,199.92,Late delivery,1,Indoor/Outdoor Games,Meridian,EE. UU.,Consumer,ID,Fan Shop,LATAM,Panama City,Panamá,49.98,0.2,49.98,-0.19,5,249.9,199.92,-37.19,Central America,Panamá,COMPLETE,O'Brien Men's Neoprene Life Vest,49.98,Second Class,4,2.5,1249.5,-0.1488195278111244,0
PAYMENT,3,4,-7.31,169.99,Advance shipping,0,Water Sports,Sacramento,EE. UU.,Consumer,CA,Fan Shop,LATAM,Mérida,México,30.0,0.15,199.99,-0.04,1,199.99,169.99,-7.31,Central America,Yucatán,PENDING_PAYMENT,Pelican Sunstream 100 Kayak,199.99,Standard Class,-1,0.25,199.99,-0.0365518275913795,0
TRANSFER,2,4,76.13,217.5,Advance shipping,0,Women's Apparel,Brooklyn,EE. UU.,Corporate,NY,Golf,USCA,Louisville,Estados Unidos,32.5,0.13,50.0,0.35,5,250.0,217.5,76.13,South of  USA ,Kentucky,PENDING,Nike Men's Dri-FIT Victory Golf Polo,50.0,Standard Class,-2,1.25,1250.0,0.3045199999999999,0
PAYMENT,6,4,-99.7,129.99,Late delivery,1,Men's Footwear,Gilroy,EE. UU.,Corporate,CA,Apparel,LATAM,Amatitlán,Guatemala,0.0,0.0,129.99,-0.77,1,129.99,129.99,-99.7,Central America,Guatemala,PENDING_PAYMENT,Nike Men's CJ Elite 2 TD Football Cleat,129.99,Standard Class,2,0.25,129.99,-0.7669820755442726,0
PAYMENT,4,4,19.57,260.98,Shipping on time,0,Camping & Hiking,Staten Island,EE. UU.,Consumer,NY,Fan Shop,USCA,Parker,Estados Unidos,39.0,0.13,299.98,0.08,1,299.98,260.98,19.57,West of USA ,Colorado,PENDING_PAYMENT,Diamondback Women's Serene Classic Comfort Bi,299.98,Standard Class,0,0.25,299.98,0.0652376825121674,0
TRANSFER,6,2,12.61,43.48,Late delivery,1,Indoor/Outdoor Games,Caguas,Puerto Rico,Home Office,PR,Fan Shop,LATAM,Cienfuegos,Cuba,6.5,0.13,49.98,0.29,1,49.98,43.48,12.61,Caribbean,Cienfuegos,PENDING,O'Brien Men's Neoprene Life Vest,49.98,Second Class,4,0.5,49.98,0.2523009203681473,0
DEBIT,0,0,-14.07,159.94,Shipping on time,0,Indoor/Outdoor Games,Miami,EE. UU.,Corporate,FL,Fan Shop,LATAM,Bayeux,Brasil,39.98,0.2,49.98,-0.09,4,199.92,159.94,-14.07,South America,Paraíba,ON_HOLD,O'Brien Men's Neoprene Life Vest,49.98,Same Day,0,inf,799.68,-0.0703781512605042,1
TRANSFER,1,0,-41.98,114.39,Shipping canceled,0,Men's Footwear,Mesa,EE. UU.,Home Office,AZ,Apparel,LATAM,Buenos Aires,Argentina,15.6,0.12,129.99,-0.37,1,129.99,114.39,-41.98,South America,Buenos Aires,CANCELED,Nike Men's CJ Elite 2 TD Football Cleat,129.99,Same Day,1,inf,129.99,-0.3229479190706977,1
TRANSFER,5,4,85.17,251.98,Late delivery,1,Camping & Hiking,Caguas,Puerto Rico,Corporate,PR,Fan Shop,Europe,Frederiksberg,Dinamarca,48.0,0.16,299.98,0.34,1,299.98,251.98,85.17,Northern Europe,Región Capital,PENDING,Diamondback Women's Serene Classic Comfort Bi,299.98,Standard Class,1,0.25,299.98,0.2839189279285286,0
DEBIT,2,1,60.74,134.98,Late delivery,1,Cleats,Chicago,EE. UU.,Home Office,IL,Apparel,USCA,San Francisco,Estados Unidos,44.99,0.25,59.99,0.45,3,179.97,134.98,60.74,West of USA ,California,COMPLETE,Perfect Fitness Perfect Rip Deck,59.99,First Class,1,3.0,539.91,0.3375006945602045,1
TRANSFER,0,0,38.18,83.0,Shipping on time,0,Women's Apparel,West Chester,EE. UU.,Corporate,PA,Golf,Pacific Asia,Wuhan,China,17.0,0.17,50.0,0.46,2,100.0,83.0,38.18,Eastern Asia,Hubei,PENDING,Nike Men's Dri-FIT Victory Golf Polo,50.0,Same Day,0,inf,200.0,0.3818,1
TRANSFER,2,2,17.22,59.39,Shipping on time,0,Cleats,Caguas,Puerto Rico,Corporate,PR,Apparel,USCA,Plano,Estados Unidos,0.6,0.01,59.99,0.29,1,59.99,59.39,17.22,US Center ,Texas,PENDING,Perfect Fitness Perfect Rip Deck,59.99,Second Class,0,0.5,59.99,0.2870478413068844,0
TRANSFER,2,1,105.55,363.98,Shipping canceled,0,Fishing,New York,EE. UU.,Corporate,NY,Fan Shop,USCA,San Francisco,Estados Unidos,36.0,0.09,399.98,0.29,1,399.98,363.98,105.55,West of USA ,California,SUSPECTED_FRAUD,Field & Stream Sportsman 16 Gun Fire Safe,399.98,First Class,1,1.0,399.98,0.2638881944097204,1
TRANSFER,2,4,74.25,247.5,Advance shipping,0,Women's Apparel,Toa Baja,Puerto Rico,Corporate,PR,Golf,Europe,Magdeburg,Alemania,2.5,0.01,50.0,0.3,5,250.0,247.5,74.25,Western Europe,Sajonia-Anhalt,PROCESSING,Nike Men's Dri-FIT Victory Golf Polo,50.0,Standard Class,-2,1.25,1250.0,0.297,0
TRANSFER,4,4,42.99,122.84,Shipping on time,0,Men's Footwear,Bloomfield,EE. UU.,Consumer,NJ,Apparel,LATAM,Medellín,Colombia,7.15,0.06,129.99,0.35,1,129.99,122.84,42.99,South America,Antioquía,PROCESSING,Nike Men's CJ Elite 2 TD Football Cleat,129.99,Standard Class,0,0.25,129.99,0.3307177475190399,0
TRANSFER,3,4,8.03,47.23,Advance shipping,0,Accessories,San Antonio,EE. UU.,Consumer,TX,Outdoors,Pacific Asia,Bellary,India,2.75,0.06,24.99,0.17,2,49.98,47.23,8.03,South Asia,Karnataka,PENDING,Team Golf Pittsburgh Steelers Putter Grip,24.99,Standard Class,-1,0.5,99.96,0.1606642657062825,0
DEBIT,6,4,0.0,284.98,Late delivery,1,Camping & Hiking,Pompano Beach,EE. UU.,Consumer,FL,Fan Shop,LATAM,Jacobina,Brasil,15.0,0.05,299.98,0.0,1,299.98,284.98,0.0,South America,Bahía,COMPLETE,Diamondback Women's Serene Classic Comfort Bi,299.98,Standard Class,2,0.25,299.98,0.0,0
DEBIT,5,4,32.92,117.58,Late delivery,1,Cleats,Greeley,EE. UU.,Consumer,CO,Apparel,Pacific Asia,Qingdao,China,2.4,0.02,59.99,0.28,2,119.98,117.58,32.92,Eastern Asia,Shandong,COMPLETE,Perfect Fitness Perfect Rip Deck,59.99,Standard Class,1,0.5,239.96,0.2743790631771962,0
DEBIT,4,4,82.31,293.95,Shipping on time,0,Cleats,Caguas,Puerto Rico,Consumer,PR,Apparel,USCA,Salem,Estados Unidos,6.0,0.02,59.99,0.28,5,299.95,293.95,82.31,South of  USA ,Virginia,COMPLETE,Perfect Fitness Perfect Rip Deck,59.99,Standard Class,0,1.25,1499.75,0.2744124020670112,0
DEBIT,6,2,92.16,191.99,Late delivery,1,Water Sports,Los Angeles,EE. UU.,Corporate,CA,Fan Shop,LATAM,Pinar del Río,Cuba,8.0,0.04,199.99,0.48,1,199.99,191.99,92.16,Caribbean,Pinar del Río,COMPLETE,Pelican Sunstream 100 Kayak,199.99,Second Class,4,0.5,199.99,0.4608230411520576,0
PAYMENT,5,2,22.5,150.0,Late delivery,1,Women's Apparel,Catonsville,EE. UU.,Consumer,MD,Golf,Pacific Asia,Bangkok,Tailandia,50.0,0.25,50.0,0.15,4,200.0,150.0,22.5,Southeast Asia,Bangkok,PENDING_PAYMENT,Nike Men's Dri-FIT Victory Golf Polo,50.0,Second Class,3,2.0,800.0,0.1125,0
PAYMENT,1,0,192.07,391.98,Late delivery,1,Fishing,Brooklyn,EE. UU.,Corporate,NY,Fan Shop,USCA,Fayetteville,Estados Unidos,8.0,0.02,399.98,0.49,1,399.98,391.98,192.07,South of  USA ,Carolina del Norte,PENDING_PAYMENT,Field & Stream Sportsman 16 Gun Fire Safe,399.98,Same Day,1,inf,399.98,0.4801990099504974,1
DEBIT,3,4,46.24,127.39,Advance shipping,0,Men's Footwear,Huntington Park,EE. UU.,Corporate,CA,Apparel,LATAM,San Justo,Argentina,2.6,0.02,129.99,0.36,1,129.99,127.39,46.24,South America,Santa Fe,COMPLETE,Nike Men's CJ Elite 2 TD Football Cleat,129.99,Standard Class,-1,0.25,129.99,0.3557196707439033,0
PAYMENT,3,4,-20.8,103.99,Advance shipping,0,Men's Footwear,Austin,EE. UU.,Home Office,TX,Apparel,LATAM,Chihuahua,México,26.0,0.2,129.99,-0.2,1,129.99,103.99,-20.8,Central America,Chihuahua,PENDING_PAYMENT,Nike Men's CJ Elite 2 TD Football Cleat,129.99,Standard Class,-1,0.25,129.99,-0.160012308639126,0
CASH,6,2,34.58,110.49,Late delivery,1,Men's Footwear,Baltimore,EE. UU.,Home Office,MD,Apparel,Europe,Grodno,Bielorrusia,19.5,0.15,129.99,0.31,1,129.99,110.49,34.58,Eastern Europe,Grodno,CLOSED,Nike Men's CJ Elite 2 TD Football Cleat,129.99,Second Class,4,0.5,129.99,0.266020463112547,0
DEBIT,4,4,9.9,22.5,Shipping on time,0,Hockey,San Francisco,EE. UU.,Consumer,CA,Fitness,Pacific Asia,Sydney,Australia,2.5,0.1,25.0,0.44,1,25.0,22.5,9.9,Oceania,Nueva Gales del Sur,COMPLETE,Nike Women's Legend V-Neck T-Shirt,25.0,Standard Class,0,0.25,25.0,0.396,0
TRANSFER,6,2,-47.54,124.12,Late delivery,1,Electronics,Caguas,Puerto Rico,Consumer,PR,Footwear,LATAM,Chapecó,Brasil,3.84,0.03,31.99,-0.38,4,127.96,124.12,-47.54,South America,Santa Catarina,PROCESSING,Under Armour Women's Ignite PIP VI Slide,31.99,Second Class,4,2.0,511.84,-0.3715223507346046,0
TRANSFER,6,4,63.92,339.98,Late delivery,1,Fishing,Caguas,Puerto Rico,Consumer,PR,Fan Shop,USCA,Seattle,Estados Unidos,60.0,0.15,399.98,0.19,1,399.98,339.98,63.92,West of USA ,Washington,PENDING,Field & Stream Sportsman 16 Gun Fire Safe,399.98,Standard Class,2,0.25,399.98,0.1598079903995199,0
DEBIT,2,2,30.94,110.49,Shipping on time,0,Men's Footwear,Cleveland,EE. UU.,Consumer,OH,Apparel,LATAM,David,Panamá,19.5,0.15,129.99,0.28,1,129.99,110.49,30.94,Central America,Chiriquí,COMPLETE,Nike Men's CJ Elite 2 TD Football Cleat,129.99,Second Class,0,0.5,129.99,0.2380183091007,0
DEBIT,2,1,6.72,53.76,Late delivery,1,Baby ,New York,EE. UU.,Corporate,NY,Apparel,Europe,Rome,Italia,5.32,0.09,59.08,0.13,1,59.08,53.76,6.72,Southern Europe,Lacio,COMPLETE,Baby sweater,59.08,First Class,1,1.0,59.08,0.1137440758293838,1
DEBIT,3,4,59.13,227.41,Advance shipping,0,Indoor/Outdoor Games,Detroit,EE. UU.,Corporate,MI,Fan Shop,LATAM,Junín,Argentina,22.49,0.09,49.98,0.26,5,249.9,227.41,59.13,South America,Buenos Aires (provincia),COMPLETE,O'Brien Men's Neoprene Life Vest,49.98,Standard Class,-1,1.25,1249.5,0.2366146458583433,0
TRANSFER,6,4,87.74,269.98,Late delivery,1,Camping & Hiking,Jamaica,EE. UU.,Consumer,NY,Fan Shop,USCA,Philadelphia,Estados Unidos,30.0,0.1,299.98,0.33,1,299.98,269.98,87.74,East of USA,Pensilvania,PROCESSING,Diamondback Women's Serene Classic Comfort Bi,299.98,Standard Class,2,0.25,299.98,0.2924861657443829,0
TRANSFER,6,4,16.57,110.49,Late delivery,1,Men's Footwear,Caguas,Puerto Rico,Home Office,PR,Apparel,LATAM,Soyapango,El Salvador,19.5,0.15,129.99,0.15,1,129.99,110.49,16.57,Central America,San Salvador,PROCESSING,Nike Men's CJ Elite 2 TD Football Cleat,129.99,Standard Class,2,0.25,129.99,0.1274713439495345,0
TRANSFER,4,2,13.46,152.97,Late delivery,1,Cleats,Caguas,Puerto Rico,Corporate,PR,Apparel,LATAM,Talcahuano,Chile,27.0,0.15,59.99,0.09,3,179.97,152.97,13.46,South America,Bío-Bío,PENDING,Perfect Fitness Perfect Rip Deck,59.99,Second Class,2,1.5,539.91,0.0747902428182474,0
DEBIT,2,1,27.03,161.87,Late delivery,1,Women's Clothing,Caguas,Puerto Rico,Consumer,PR,Apparel,Pacific Asia,Yangzhou,China,53.96,0.25,215.82,0.17,1,215.82,161.87,27.03,Eastern Asia,Jiangsu,COMPLETE,Summer dresses,215.82,First Class,1,1.0,215.82,0.1252432582707812,1
DEBIT,2,4,-28.43,116.99,Advance shipping,0,Men's Footwear,Silver Spring,EE. UU.,Consumer,MD,Apparel,USCA,Houston,Estados Unidos,13.0,0.1,129.99,-0.24,1,129.99,116.99,-28.43,US Center ,Texas,COMPLETE,Nike Men's CJ Elite 2 TD Football Cleat,129.99,Standard Class,-2,0.25,129.99,-0.2187091314716516,0
DEBIT,6,4,138.11,424.96,Late delivery,1,Cardio Equipment,Hesperia,EE. UU.,Corporate,CA,Footwear,Europe,Ploiesti,Rumania,74.99,0.15,99.99,0.33,5,499.95,424.96,138.11,Eastern Europe,Prahova,COMPLETE,Nike Men's Free 5.0+ Running Shoe,99.99,Standard Class,2,1.25,2499.75,0.2762476247624763,0
DEBIT,0,0,55.55,113.37,Shipping on time,0,Shop By Sport,Caguas,Puerto Rico,Consumer,PR,Golf,USCA,Mission Viejo,Estados Unidos,6.6,0.06,39.99,0.49,3,119.97,113.37,55.55,West of USA ,California,COMPLETE,Under Armour Girls' Toddler Spine Surge Runni,39.99,Same Day,0,inf,359.91,0.4630324247728599,1
DEBIT,2,4,8.91,118.77,Advance shipping,0,Shop By Sport,Wilmington,EE. UU.,Consumer,CA,Golf,Europe,London,Reino Unido,1.2,0.01,39.99,0.08,3,119.97,118.77,8.91,Northern Europe,Inglaterra,COMPLETE,Under Armour Girls' Toddler Spine Surge Runni,39.99,Standard Class,-2,0.75,359.91,0.0742685671417854,0
PAYMENT,2,4,33.75,112.5,Advance shipping,0,Women's Apparel,Humacao,Puerto Rico,Consumer,PR,Golf,LATAM,São Paulo,Brasil,37.5,0.25,50.0,0.3,3,150.0,112.5,33.75,South America,São Paulo,PAYMENT_REVIEW,Nike Men's Dri-FIT Victory Golf Polo,50.0,Standard Class,-2,0.75,450.0,0.225,0
CASH,5,4,42.75,95.0,Late delivery,1,Women's Apparel,Amarillo,EE. UU.,Corporate,TX,Golf,LATAM,Montes Claros,Brasil,5.0,0.05,50.0,0.45,2,100.0,95.0,42.75,South America,Minas Gerais,CLOSED,Nike Men's Dri-FIT Victory Golf Polo,50.0,Standard Class,1,0.5,200.0,0.4275,0
PAYMENT,6,4,8.19,45.48,Late delivery,1,Indoor/Outdoor Games,Louisville,EE. UU.,Home Office,KY,Fan Shop,USCA,Fayetteville,Estados Unidos,4.5,0.09,49.98,0.18,1,49.98,45.48,8.19,South of  USA ,Carolina del Norte,PENDING_PAYMENT,O'Brien Men's Neoprene Life Vest,49.98,Standard Class,2,0.25,49.98,0.1638655462184874,0
DEBIT,2,1,42.0,150.0,Late delivery,1,Women's Apparel,Potomac,EE. UU.,Corporate,MD,Golf,Europe,Gothenburg,Suecia,50.0,0.25,50.0,0.28,4,200.0,150.0,42.0,Northern Europe,Västra Götaland,COMPLETE,Nike Men's Dri-FIT Victory Golf Polo,50.0,First Class,1,4.0,800.0,0.21,1
PAYMENT,4,4,70.2,269.98,Shipping on time,0,Camping & Hiking,Caguas,Puerto Rico,Consumer,PR,Fan Shop,Europe,Munster,Alemania,30.0,0.1,299.98,0.26,1,299.98,269.98,70.2,Western Europe,Baja Sajonia,PENDING_PAYMENT,Diamondback Women's Serene Classic Comfort Bi,299.98,Standard Class,0,0.25,299.98,0.2340156010400693,0
PAYMENT,5,2,93.15,321.2,Late delivery,1,Sporting Goods,Peoria,EE. UU.,Corporate,AZ,Fitness,Pacific Asia,Rajkot,India,6.56,0.02,327.75,0.29,1,327.75,321.2,93.15,South Asia,Guyarat,PENDING_PAYMENT,Smart watch ,327.75,Second Class,3,0.5,327.75,0.2842105263157894,0
PAYMENT,5,4,159.99,319.98,Late delivery,1,Fishing,Portland,EE. UU.,Consumer,OR,Fan Shop,LATAM,Lima,Perú,80.0,0.2,399.98,0.5,1,399.98,319.98,159.99,South America,Lima (ciudad),PENDING_PAYMENT,Field & Stream Sportsman 16 Gun Fire Safe,399.98,Standard Class,1,0.25,399.98,0.3999949997499875,0
TRANSFER,3,4,15.25,134.98,Advance shipping,0,Cleats,Canton,EE. UU.,Home Office,MI,Apparel,Europe,Sheffield,Reino Unido,44.99,0.25,59.99,0.11,3,179.97,134.98,15.25,Northern Europe,Inglaterra,PROCESSING,Perfect Fitness Perfect Rip Deck,59.99,Standard Class,-1,0.75,539.91,0.0847363449463799,0
TRANSFER,2,1,45.35,161.97,Late delivery,1,Cleats,Caguas,Puerto Rico,Consumer,PR,Apparel,USCA,Mesa,Estados Unidos,18.0,0.1,59.99,0.28,3,179.97,161.97,45.35,West of USA ,Arizona,PENDING,Perfect Fitness Perfect Rip Deck,59.99,First Class,1,3.0,539.91,0.2519864421848086,1
TRANSFER,3,2,16.63,188.92,Late delivery,1,Indoor/Outdoor Games,Annandale,EE. UU.,Consumer,VA,Fan Shop,Pacific Asia,Nagpur,India,11.0,0.06,49.98,0.09,4,199.92,188.92,16.63,South Asia,Maharashtra,PENDING,O'Brien Men's Neoprene Life Vest,49.98,Second Class,1,2.0,799.68,0.0831832733093237,0
PAYMENT,5,4,32.39,119.97,Late delivery,1,Shop By Sport,Caguas,Puerto Rico,Consumer,PR,Golf,Pacific Asia,Townsville,Australia,39.99,0.25,39.99,0.27,4,159.96,119.97,32.39,Oceania,Queensland,PENDING_PAYMENT,Under Armour Girls' Toddler Spine Surge Runni,39.99,Standard Class,1,1.0,639.84,0.2024881220305076,0
PAYMENT,2,1,69.71,199.17,Late delivery,1,Cleats,Caguas,Puerto Rico,Home Office,PR,Apparel,LATAM,Apatzingán de la Constitución,México,40.79,0.17,59.99,0.35,4,239.96,199.17,69.71,Central America,Michoacán,PENDING_PAYMENT,Perfect Fitness Perfect Rip Deck,59.99,First Class,1,4.0,959.84,0.2905067511251875,1
TRANSFER,6,2,96.0,199.99,Late delivery,1,Water Sports,Caguas,Puerto Rico,Consumer,PR,Fan Shop,LATAM,Santa Fe,Argentina,0.0,0.0,199.99,0.48,1,199.99,199.99,96.0,South America,Santa Fe,PROCESSING,Pelican Sunstream 100 Kayak,199.99,Second Class,4,0.5,199.99,0.48002400120006,0
CASH,6,4,18.08,160.0,Late delivery,1,Women's Apparel,Pompano Beach,EE. UU.,Home Office,FL,Golf,Europe,Berlín,Alemania,40.0,0.2,50.0,0.11,4,200.0,160.0,18.08,Western Europe,Berlín,CLOSED,Nike Men's Dri-FIT Victory Golf Polo,50.0,Standard Class,2,1.0,800.0,0.0904,0
DEBIT,5,4,-33.55,143.98,Late delivery,1,Cleats,Pawtucket,EE. UU.,Consumer,RI,Apparel,LATAM,Soyapango,El Salvador,35.99,0.2,59.99,-0.23,3,179.97,143.98,-33.55,Central America,San Salvador,COMPLETE,Perfect Fitness Perfect Rip Deck,59.99,Standard Class,1,0.75,539.91,-0.1864199588820358,0
TRANSFER,5,2,6.86,49.0,Late delivery,1,Women's Apparel,Caguas,Puerto Rico,Consumer,PR,Golf,LATAM,Holguín,Cuba,1.0,0.02,50.0,0.14,1,50.0,49.0,6.86,Caribbean,Holguín,PROCESSING,Nike Men's Dri-FIT Victory Golf Polo,50.0,Second Class,3,0.5,50.0,0.1372,0
TRANSFER,4,4,20.25,161.97,Shipping on time,0,Cleats,Visalia,EE. UU.,Home Office,CA,Apparel,Pacific Asia,Manila,Filipinas,18.0,0.1,59.99,0.13,3,179.97,161.97,20.25,Southeast Asia,Capital Nacional,PENDING,Perfect Fitness Perfect Rip Deck,59.99,Standard Class,0,0.75,539.91,0.1125187531255209,0
TRANSFER,5,2,136.61,296.97,Late delivery,1,Cardio Equipment,Philadelphia,EE. UU.,Consumer,PA,Footwear,LATAM,Surubim,Brasil,3.0,0.01,99.99,0.46,3,299.97,296.97,136.61,South America,Pernambuco,PENDING,Nike Men's Free 5.0+ Running Shoe,99.99,Second Class,3,1.5,899.9100000000001,0.4554122078874554,0
TRANSFER,0,0,6.85,26.03,Shipping canceled,0,Electronics,Hickory,EE. UU.,Corporate,NC,Footwear,Pacific Asia,Melbourne,Australia,1.96,0.07,27.99,0.26,1,27.99,26.03,6.85,Oceania,Victoria,SUSPECTED_FRAUD,Under Armour Kids' Mercenary Slide,27.99,Same Day,0,inf,27.99,0.2447302608074312,1
CASH,2,4,76.49,169.98,Advance shipping,0,Cardio Equipment,Davis,EE. UU.,Consumer,CA,Footwear,Pacific Asia,Matsumoto,Japón,30.0,0.15,99.99,0.45,2,199.98,169.98,76.49,Eastern Asia,Nagano,CLOSED,Nike Men's Free 5.0+ Running Shoe,99.99,Standard Class,-2,0.5,399.96,0.3824882488248824,0
CASH,6,4,62.2,172.77,Late delivery,1,Cleats,Miami,EE. UU.,Consumer,FL,Apparel,Europe,Marseille,Francia,7.2,0.04,59.99,0.36,3,179.97,172.77,62.2,Western Europe,Provenza-Alpes-Costa Azul,CLOSED,Perfect Fitness Perfect Rip Deck,59.99,Standard Class,2,0.75,539.91,0.3456131577485136,0
DEBIT,3,2,-4.51,118.77,Late delivery,1,Shop By Sport,Pasadena,EE. UU.,Consumer,MD,Golf,LATAM,Maturín,Venezuela,1.2,0.01,39.99,-0.04,3,119.97,118.77,-4.51,South America,Monagas,COMPLETE,Under Armour Girls' Toddler Spine Surge Runni,39.99,Second Class,1,1.5,359.91,-0.0375927315162123,0
PAYMENT,3,4,18.2,181.99,Advance shipping,0,Water Sports,Caguas,Puerto Rico,Consumer,PR,Fan Shop,USCA,Regina,Canada,18.0,0.09,199.99,0.1,1,199.99,181.99,18.2,Canada,Saskatchewan,PENDING_PAYMENT,Pelican Sunstream 100 Kayak,199.99,Standard Class,-1,0.25,199.99,0.0910045502275113,0
CASH,0,0,-7.29,191.92,Shipping on time,0,Indoor/Outdoor Games,O Fallon,EE. UU.,Consumer,MO,Fan Shop,Europe,Alicante,España,8.0,0.04,49.98,-0.04,4,199.92,191.92,-7.29,Southern Europe,Valenciana,CLOSED,O'Brien Men's Neoprene Life Vest,49.98,Same Day,0,inf,799.68,-0.0364645858343337,1
DEBIT,3,2,-9.29,215.96,Late delivery,1,Cleats,Salem,EE. UU.,Consumer,OR,Apparel,USCA,Whittier,Estados Unidos,24.0,0.1,59.99,-0.04,4,239.96,215.96,-9.29,West of USA ,California,COMPLETE,Perfect Fitness Perfect Rip Deck,59.99,Second Class,1,2.0,959.84,-0.0387147857976329,0
DEBIT,2,1,119.06,327.98,Late delivery,1,Fishing,Elyria,EE. UU.,Corporate,OH,Fan Shop,Europe,Reims,Francia,72.0,0.18,399.98,0.36,1,399.98,327.98,119.06,Western Europe,Alsacia-Champaña-Ardenas-Lorena,ON_HOLD,Field & Stream Sportsman 16 Gun Fire Safe,399.98,First Class,1,1.0,399.98,0.2976648832441622,1
DEBIT,0,0,36.06,124.79,Shipping on time,0,Men's Footwear,Painesville,EE. UU.,Consumer,OH,Apparel,LATAM,Santa Catarina,México,5.2,0.04,129.99,0.29,1,129.99,124.79,36.06,Central America,Nuevo León,COMPLETE,Nike Men's CJ Elite 2 TD Football Cleat,129.99,Same Day,0,inf,129.99,0.2774059543041772,1
PAYMENT,5,4,18.14,201.57,Late delivery,1,Cleats,Hendersonville,EE. UU.,Consumer,TN,Apparel,Pacific Asia,Wollongong,Australia,38.39,0.16,59.99,0.09,4,239.96,201.57,18.14,Oceania,Nueva Gales del Sur,PENDING_PAYMENT,Perfect Fitness Perfect Rip Deck,59.99,Standard Class,1,1.0,959.84,0.0755959326554425,0
DEBIT,5,4,-121.72,383.96,Late delivery,1,Cardio Equipment,Caguas,Puerto Rico,Consumer,PR,Footwear,Pacific Asia,Lahore,Pakistán,16.0,0.04,99.99,-0.32,4,399.96,383.96,-121.72,South Asia,Punyab,COMPLETE,Nike Men's Free 5.0+ Running Shoe,99.99,Standard Class,1,1.0,1599.84,-0.3043304330433043,0
PAYMENT,5,4,-1.82,129.99,Late delivery,1,Men's Footwear,Aurora,EE. UU.,Corporate,CO,Apparel,LATAM,Puebla,México,0.0,0.0,129.99,-0.01,1,129.99,129.99,-1.82,Central America,Puebla,PENDING_PAYMENT,Nike Men's CJ Elite 2 TD Football Cleat,129.99,Standard Class,1,0.25,129.99,-0.0140010770059235,0
PAYMENT,0,0,65.25,260.98,Shipping on time,0,Camping & Hiking,Ventura,EE. UU.,Corporate,CA,Fan Shop,LATAM,Osasco,Brasil,39.0,0.13,299.98,0.25,1,299.98,260.98,65.25,South America,São Paulo,PENDING_PAYMENT,Diamondback Women's Serene Classic Comfort Bi,299.98,Same Day,0,inf,299.98,0.2175145009667311,1
DEBIT,2,1,25.8,122.84,Late delivery,1,Men's Footwear,Columbus,EE. UU.,Consumer,OH,Apparel,LATAM,Mexico City,México,7.15,0.06,129.99,0.21,1,129.99,122.84,25.8,Central America,Distrito Federal,COMPLETE,Nike Men's CJ Elite 2 TD Football Cleat,129.99,First Class,1,1.0,129.99,0.1984768059081467,1
DEBIT,6,2,-23.46,170.0,Late delivery,1,Women's Apparel,Valrico,EE. UU.,Corporate,FL,Golf,Europe,Madrid,España,30.0,0.15,50.0,-0.14,4,200.0,170.0,-23.46,Southern Europe,Madrid,ON_HOLD,Nike Men's Dri-FIT Victory Golf Polo,50.0,Second Class,4,2.0,800.0,-0.1173,0
TRANSFER,5,2,57.4,164.0,Late delivery,1,Women's Apparel,Virginia Beach,EE. UU.,Consumer,VA,Golf,LATAM,Chinautla,Guatemala,36.0,0.18,50.0,0.35,4,200.0,164.0,57.4,Central America,Guatemala,PROCESSING,Nike Men's Dri-FIT Victory Golf Polo,50.0,Second Class,3,2.0,800.0,0.287,0
CASH,4,4,107.99,399.98,Shipping on time,0,Fishing,Caguas,Puerto Rico,Consumer,PR,Fan Shop,Europe,London,Reino Unido,0.0,0.0,399.98,0.27,1,399.98,399.98,107.99,Northern Europe,Inglaterra,CLOSED,Field & Stream Sportsman 16 Gun Fire Safe,399.98,Standard Class,0,0.25,399.98,0.2699884994249712,0
PAYMENT,3,4,19.42,194.24,Advance shipping,0,Women's Clothing,San Antonio,EE. UU.,Consumer,TX,Apparel,Pacific Asia,Manila,Filipinas,21.58,0.1,215.82,0.1,1,215.82,194.24,19.42,Southeast Asia,Capital Nacional,PENDING_PAYMENT,Summer dresses,215.82,Standard Class,-1,0.25,215.82,0.0899823927346863,0
TRANSFER,2,2,-153.58,191.98,Shipping canceled,0,Cardio Equipment,Lakewood,EE. UU.,Consumer,NJ,Footwear,Europe,Santander,España,8.0,0.04,99.99,-0.8,2,199.98,191.98,-153.58,Southern Europe,Cantabria,CANCELED,Nike Men's Free 5.0+ Running Shoe,99.99,Second Class,0,1.0,399.96,-0.7679767976797681,0
DEBIT,6,2,75.16,260.98,Late delivery,1,Camping & Hiking,Lakewood,EE. UU.,Corporate,NJ,Fan Shop,USCA,Columbia,Estados Unidos,39.0,0.13,299.98,0.29,1,299.98,260.98,75.16,East of USA,Maryland,COMPLETE,Diamondback Women's Serene Classic Comfort Bi,299.98,Second Class,4,0.5,299.98,0.2505500366691112,0
TRANSFER,3,4,41.75,143.98,Advance shipping,0,Cleats,Caguas,Puerto Rico,Corporate,PR,Apparel,USCA,Los Angeles,Estados Unidos,35.99,0.2,59.99,0.29,3,179.97,143.98,41.75,West of USA ,California,PROCESSING,Perfect Fitness Perfect Rip Deck,59.99,Standard Class,-1,0.75,539.91,0.231983108295827,0
DEBIT,4,2,50.89,113.09,Late delivery,1,Men's Footwear,Katy,EE. UU.,Corporate,TX,Apparel,Europe,Derbent,Rusia,16.9,0.13,129.99,0.45,1,129.99,113.09,50.89,Eastern Europe,Daguestán,COMPLETE,Nike Men's CJ Elite 2 TD Football Cleat,129.99,Second Class,2,0.5,129.99,0.3914916532040926,0
DEBIT,4,4,40.31,115.17,Shipping on time,0,Shop By Sport,Caguas,Puerto Rico,Consumer,PR,Golf,LATAM,Puente Alto,Chile,4.8,0.04,39.99,0.35,3,119.97,115.17,40.31,South America,Santiago de Chile,COMPLETE,Under Armour Girls' Toddler Spine Surge Runni,39.99,Standard Class,0,0.75,359.91,0.336000666833375,0
DEBIT,4,2,-77.37,89.96,Late delivery,1,Lacrosse,Harlingen,EE. UU.,Consumer,TX,Fitness,Pacific Asia,Wollongong,Australia,10.0,0.1,24.99,-0.86,4,99.96,89.96,-77.37,Oceania,Nueva Gales del Sur,COMPLETE,Under Armour Men's Tech II T-Shirt,24.99,Second Class,2,2.0,399.84,-0.7740096038415367,0
DEBIT,4,4,51.98,120.89,Shipping on time,0,Men's Footwear,San Jose,EE. UU.,Consumer,CA,Apparel,Europe,London,Reino Unido,9.1,0.07,129.99,0.43,1,129.99,120.89,51.98,Northern Europe,Inglaterra,COMPLETE,Nike Men's CJ Elite 2 TD Football Cleat,129.99,Standard Class,0,0.25,129.99,0.399876913608739,0
DEBIT,2,4,31.97,98.38,Advance shipping,0,Cleats,San Benito,EE. UU.,Corporate,TX,Apparel,Europe,Magnitogorsk,Rusia,21.6,0.18,59.99,0.33,2,119.98,98.38,31.97,Eastern Europe,Cheliábinsk,COMPLETE,Perfect Fitness Perfect Rip Deck,59.99,Standard Class,-2,0.5,239.96,0.266461076846141,0
DEBIT,2,1,5.88,293.98,Late delivery,1,Camping & Hiking,Houston,EE. UU.,Consumer,TX,Fan Shop,LATAM,Masaya,Nicaragua,6.0,0.02,299.98,0.02,1,299.98,293.98,5.88,Central America,Masaya,COMPLETE,Diamondback Women's Serene Classic Comfort Bi,299.98,First Class,1,1.0,299.98,0.0196013067537835,1
TRANSFER,4,4,79.68,165.99,Shipping on time,0,Water Sports,Caguas,Puerto Rico,Consumer,PR,Fan Shop,Europe,Laval,Francia,34.0,0.17,199.99,0.48,1,199.99,165.99,79.68,Western Europe,Países del Loira,PENDING,Pelican Sunstream 100 Kayak,199.99,Standard Class,0,0.25,199.99,0.3984199209960498,0
TRANSFER,2,1,47.19,129.99,Late delivery,1,Men's Footwear,Caguas,Puerto Rico,Corporate,PR,Apparel,Europe,Oviedo,España,0.0,0.0,129.99,0.36,1,129.99,129.99,47.19,Southern Europe,Asturias,PROCESSING,Nike Men's CJ Elite 2 TD Football Cleat,129.99,First Class,1,1.0,129.99,0.3630279252250172,1
DEBIT,2,4,181.42,377.96,Advance shipping,0,Cardio Equipment,Caguas,Puerto Rico,Home Office,PR,Footwear,Pacific Asia,Gaya,India,22.0,0.06,99.99,0.48,4,399.96,377.96,181.42,South Asia,Bihar,COMPLETE,Nike Men's Free 5.0+ Running Shoe,99.99,Standard Class,-2,1.0,1599.84,0.4535953595359536,0
PAYMENT,6,2,49.6,159.99,Late delivery,1,Water Sports,Caguas,Puerto Rico,Home Office,PR,Fan Shop,USCA,San Francisco,Estados Unidos,40.0,0.2,199.99,0.31,1,199.99,159.99,49.6,West of USA ,California,PENDING_PAYMENT,Pelican Sunstream 100 Kayak,199.99,Second Class,4,0.5,199.99,0.248012400620031,0
PAYMENT,6,4,-83.32,383.98,Late delivery,1,Fishing,Brownsville,EE. UU.,Consumer,TX,Fan Shop,LATAM,Soyapango,El Salvador,16.0,0.04,399.98,-0.22,1,399.98,383.98,-83.32,Central America,San Salvador,PAYMENT_REVIEW,Field & Stream Sportsman 16 Gun Fire Safe,399.98,Standard Class,2,0.25,399.98,-0.208310415520776,0
PAYMENT,4,4,-83.69,55.79,Shipping on time,0,Cleats,Caguas,Puerto Rico,Consumer,PR,Apparel,Europe,Mansfield,Reino Unido,4.2,0.07,59.99,-1.5,1,59.99,55.79,-83.69,Northern Europe,Inglaterra,PENDING_PAYMENT,Perfect Fitness Perfect Rip Deck,59.99,Standard Class,0,0.25,59.99,-1.3950658443073845,0
DEBIT,5,2,82.64,196.77,Late delivery,1,Cleats,Winter Park,EE. UU.,Home Office,FL,Apparel,Pacific Asia,Surat,India,43.19,0.18,59.99,0.42,4,239.96,196.77,82.64,South Asia,Guyarat,COMPLETE,Perfect Fitness Perfect Rip Deck,59.99,Second Class,3,2.0,959.84,0.3443907317886314,0
TRANSFER,2,1,18.9,53.99,Late delivery,1,Cleats,Tonawanda,EE. UU.,Consumer,NY,Apparel,LATAM,Mixco,Guatemala,6.0,0.1,59.99,0.35,1,59.99,53.99,18.9,Central America,Guatemala,PROCESSING,Perfect Fitness Perfect Rip Deck,59.99,First Class,1,1.0,59.99,0.3150525087514585,1
PAYMENT,3,4,90.71,249.9,Advance shipping,0,Indoor/Outdoor Games,Caguas,Puerto Rico,Corporate,PR,Fan Shop,Europe,Reims,Francia,0.0,0.0,49.98,0.36,5,249.9,249.9,90.71,Western Europe,Alsacia-Champaña-Ardenas-Lorena,PENDING_PAYMENT,O'Brien Men's Neoprene Life Vest,49.98,Standard Class,-1,1.25,1249.5,0.362985194077631,0
DEBIT,5,2,34.85,99.58,Late delivery,1,Shop By Sport,Dayton,EE. UU.,Consumer,OH,Golf,USCA,Montréal,Canada,20.39,0.17,39.99,0.35,3,119.97,99.58,34.85,Canada,Quebec,COMPLETE,Under Armour Girls' Toddler Spine Surge Runni,39.99,Second Class,3,1.5,359.91,0.2904892889889139,0
TRANSFER,3,4,-116.05,173.99,Advance shipping,0,Water Sports,San Benito,EE. UU.,Corporate,TX,Fan Shop,Pacific Asia,Kolhapur,India,26.0,0.13,199.99,-0.67,1,199.99,173.99,-116.05,South Asia,Maharashtra,PROCESSING,Pelican Sunstream 100 Kayak,199.99,Standard Class,-1,0.25,199.99,-0.5802790139506975,0
TRANSFER,6,2,2.02,201.57,Late delivery,1,Cleats,Denver,EE. UU.,Corporate,CO,Apparel,Africa,Marsa Matruh,Egipto,38.39,0.16,59.99,0.01,4,239.96,201.57,2.02,North Africa,Matruh,PROCESSING,Perfect Fitness Perfect Rip Deck,59.99,Second Class,4,2.0,959.84,0.0084180696782797,0
TRANSFER,3,4,-17.63,41.48,Advance shipping,0,Indoor/Outdoor Games,Sandusky,EE. UU.,Corporate,OH,Fan Shop,Europe,Lyon,Francia,8.5,0.17,49.98,-0.43,1,49.98,41.48,-17.63,Western Europe,Auvernia-Ródano-Alpes,PENDING,O'Brien Men's Neoprene Life Vest,49.98,Standard Class,-1,0.25,49.98,-0.3527410964385754,0
TRANSFER,2,1,15.49,175.99,Shipping canceled,0,Water Sports,Caguas,Puerto Rico,Consumer,PR,Fan Shop,Pacific Asia,Wuhan,China,24.0,0.12,199.99,0.09,1,199.99,175.99,15.49,Eastern Asia,Hubei,SUSPECTED_FRAUD,Pelican Sunstream 100 Kayak,199.99,First Class,1,1.0,199.99,0.0774538726936346,1
PAYMENT,2,2,82.32,167.99,Shipping on time,0,Water Sports,Corona,EE. UU.,Consumer,CA,Fan Shop,Pacific Asia,Kaifeng,China,32.0,0.16,199.99,0.49,1,199.99,167.99,82.32,Eastern Asia,Henan,PENDING_PAYMENT,Pelican Sunstream 100 Kayak,199.99,Second Class,0,0.5,199.99,0.4116205810290514,0
DEBIT,2,4,-31.95,150.0,Advance shipping,0,Women's Apparel,Milpitas,EE. UU.,Home Office,CA,Golf,Europe,Palma de Mallorca,España,0.0,0.0,50.0,-0.21,3,150.0,150.0,-31.95,Southern Europe,Islas Baleares,ON_HOLD,Nike Men's Dri-FIT Victory Golf Polo,50.0,Standard Class,-2,0.75,450.0,-0.213,0
TRANSFER,2,4,69.69,191.99,Advance shipping,0,Water Sports,Caguas,Puerto Rico,Consumer,PR,Fan Shop,Europe,Letchworth,Reino Unido,8.0,0.04,199.99,0.36,1,199.99,191.99,69.69,Northern Europe,Inglaterra,PROCESSING,Pelican Sunstream 100 Kayak,199.99,Standard Class,-2,0.25,199.99,0.3484674233711685,0
PAYMENT,6,2,39.19,142.5,Late delivery,1,Women's Apparel,Chicago,EE. UU.,Consumer,IL,Golf,LATAM,São Leopoldo,Brasil,7.5,0.05,50.0,0.28,3,150.0,142.5,39.19,South America,Rio Grande do Sul,PENDING_PAYMENT,Nike Men's Dri-FIT Victory Golf Polo,50.0,Second Class,4,1.5,450.0,0.2612666666666666,0
DEBIT,3,4,133.84,395.98,Advance shipping,0,Fishing,Caguas,Puerto Rico,Consumer,PR,Fan Shop,USCA,Fort Lauderdale,Estados Unidos,4.0,0.01,399.98,0.34,1,399.98,395.98,133.84,South of  USA ,Florida,COMPLETE,Field & Stream Sportsman 16 Gun Fire Safe,399.98,Standard Class,-1,0.25,399.98,0.3346167308365418,0
DEBIT,4,2,-239.98,299.98,Late delivery,1,Camping & Hiking,Caguas,Puerto Rico,Corporate,PR,Fan Shop,Europe,Bebington,Reino Unido,0.0,0.0,299.98,-0.8,1,299.98,299.98,-239.98,Northern Europe,Inglaterra,COMPLETE,Diamondback Women's Serene Classic Comfort Bi,299.98,Second Class,2,0.5,299.98,-0.7999866657777185,0
PAYMENT,1,0,42.76,158.36,Late delivery,1,Shop By Sport,Caguas,Puerto Rico,Consumer,PR,Golf,USCA,Hialeah,Estados Unidos,1.6,0.01,39.99,0.27,4,159.96,158.36,42.76,South of  USA ,Florida,PENDING_PAYMENT,Under Armour Girls' Toddler Spine Surge Runni,39.99,Same Day,1,inf,639.84,0.2673168292073018,1
CASH,4,4,-627.61,392.26,Shipping on time,0,Crafts,Caguas,Puerto Rico,Consumer,PR,Apparel,Europe,London,Reino Unido,69.22,0.15,461.48,-1.6,1,461.48,392.26,-627.61,Northern Europe,Inglaterra,CLOSED,Porcelain crafts,461.48,Standard Class,0,0.25,461.48,-1.3599939325647916,0
TRANSFER,3,4,56.0,199.99,Shipping canceled,0,Water Sports,Philadelphia,EE. UU.,Corporate,PA,Fan Shop,LATAM,Camagüey,Cuba,0.0,0.0,199.99,0.28,1,199.99,199.99,56.0,Caribbean,Camagüey,CANCELED,Pelican Sunstream 100 Kayak,199.99,Standard Class,-1,0.25,199.99,0.280014000700035,0
PAYMENT,4,2,27.62,110.49,Late delivery,1,Men's Footwear,Caguas,Puerto Rico,Consumer,PR,Apparel,USCA,New York City,Estados Unidos,19.5,0.15,129.99,0.25,1,129.99,110.49,27.62,East of USA,Nueva York,PENDING_PAYMENT,Nike Men's CJ Elite 2 TD Football Cleat,129.99,Second Class,2,0.5,129.99,0.2124778829140703,0
PAYMENT,2,4,18.32,49.5,Advance shipping,0,Women's Apparel,Caguas,Puerto Rico,Home Office,PR,Golf,LATAM,Salvador,Brasil,0.5,0.01,50.0,0.37,1,50.0,49.5,18.32,South America,Bahía,PENDING_PAYMENT,Nike Men's Dri-FIT Victory Golf Polo,50.0,Standard Class,-2,0.25,50.0,0.3664,0
TRANSFER,6,4,101.39,299.98,Late delivery,1,Camping & Hiking,Caguas,Puerto Rico,Consumer,PR,Fan Shop,Pacific Asia,Daejeon,Corea del Sur,0.0,0.0,299.98,0.34,1,299.98,299.98,101.39,Eastern Asia,Daejeon,PROCESSING,Diamondback Women's Serene Classic Comfort Bi,299.98,Standard Class,2,0.25,299.98,0.3379891992799519,0
PAYMENT,2,4,-12.5,50.0,Advance shipping,0,Women's Apparel,Enfield,EE. UU.,Home Office,CT,Golf,Pacific Asia,Auckland,Nueva Zelanda,0.0,0.0,50.0,-0.25,1,50.0,50.0,-12.5,Oceania,Auckland,PENDING_PAYMENT,Nike Men's Dri-FIT Victory Golf Polo,50.0,Standard Class,-2,0.25,50.0,-0.25,0
TRANSFER,5,2,-64.02,95.98,Late delivery,1,Shop By Sport,Rego Park,EE. UU.,Corporate,NY,Golf,Pacific Asia,Christchurch,Nueva Zelanda,23.99,0.2,39.99,-0.67,3,119.97,95.98,-64.02,Oceania,Canterbury,PENDING,Under Armour Girls' Toddler Spine Surge Runni,39.99,Second Class,3,1.5,359.91,-0.533633408352088,0
DEBIT,5,4,-134.39,191.99,Late delivery,1,Water Sports,Caguas,Puerto Rico,Consumer,PR,Fan Shop,Pacific Asia,Najafabad,Irán,8.0,0.04,199.99,-0.7,1,199.99,191.99,-134.39,South Asia,Isfahán,COMPLETE,Pelican Sunstream 100 Kayak,199.99,Standard Class,1,0.25,199.99,-0.6719835991799589,0
TRANSFER,5,2,7.59,122.45,Late delivery,1,Accessories,Caguas,Puerto Rico,Consumer,PR,Outdoors,LATAM,Carrefour,Haití,2.5,0.02,24.99,0.06,5,124.95,122.45,7.59,Caribbean,Ouest,PENDING,Team Golf San Francisco Giants Putter Grip,24.99,Second Class,3,2.5,624.75,0.0607442977190876,0
TRANSFER,6,4,-21.08,98.99,Late delivery,1,Cardio Equipment,Long Beach,EE. UU.,Consumer,CA,Footwear,Pacific Asia,Gold Coast,Australia,1.0,0.01,99.99,-0.21,1,99.99,98.99,-21.08,Oceania,Queensland,PROCESSING,Nike Men's Free 5.0+ Running Shoe,99.99,Standard Class,2,0.25,99.99,-0.2108210821082108,0
PAYMENT,4,4,27.72,395.96,Shipping on time,0,Cardio Equipment,Highland Park,EE. UU.,Home Office,MI,Footwear,Europe,Nottingham,Reino Unido,4.0,0.01,99.99,0.07,4,399.96,395.96,27.72,Northern Europe,Inglaterra,PENDING_PAYMENT,Nike Men's Free 5.0+ Running Shoe,99.99,Standard Class,0,1.0,1599.84,0.0693069306930693,0
TRANSFER,2,1,-263.83,387.98,Late delivery,1,Fishing,Caguas,Puerto Rico,Corporate,PR,Fan Shop,Europe,Versailles,Francia,12.0,0.03,399.98,-0.68,1,399.98,387.98,-263.83,Western Europe,Isla de Francia,PENDING,Field & Stream Sportsman 16 Gun Fire Safe,399.98,First Class,1,1.0,399.98,-0.6596079803990199,1
TRANSFER,6,4,32.17,128.69,Late delivery,1,Men's Footwear,Elmhurst,EE. UU.,Consumer,IL,Apparel,LATAM,Tegucigalpa,Honduras,1.3,0.01,129.99,0.25,1,129.99,128.69,32.17,Central America,Francisco Morazán,PENDING,Nike Men's CJ Elite 2 TD Football Cleat,129.99,Standard Class,2,0.25,129.99,0.2474805754288791,0
DEBIT,2,1,20.45,232.41,Late delivery,1,Indoor/Outdoor Games,Forest Hills,EE. UU.,Corporate,NY,Fan Shop,Africa,Mogadishu,Somalia,17.49,0.07,49.98,0.09,5,249.9,232.41,20.45,East Africa,Benadir,COMPLETE,O'Brien Men's Neoprene Life Vest,49.98,First Class,1,5.0,1249.5,0.0818327330932372,1
PAYMENT,3,4,101.24,224.99,Advance shipping,0,Camping & Hiking,Caguas,Puerto Rico,Corporate,PR,Fan Shop,LATAM,Palma Soriano,Cuba,75.0,0.25,299.98,0.45,1,299.98,224.99,101.24,Caribbean,Santiago de Cuba,PENDING_PAYMENT,Diamondback Women's Serene Classic Comfort Bi,299.98,Standard Class,-1,0.25,299.98,0.3374891659443962,0
TRANSFER,6,2,54.86,195.92,Late delivery,1,Indoor/Outdoor Games,Zanesville,EE. UU.,Corporate,OH,Fan Shop,Europe,Bordeaux,Francia,4.0,0.02,49.98,0.28,4,199.92,195.92,54.86,Western Europe,Aquitania-Lemosín-Poitou-Charentes,PENDING,O'Brien Men's Neoprene Life Vest,49.98,Second Class,4,2.0,799.68,0.2744097639055622,0
TRANSFER,5,2,14.91,134.37,Late delivery,1,Shop By Sport,Chicago,EE. UU.,Consumer,IL,Golf,USCA,Fort Collins,Estados Unidos,25.59,0.16,39.99,0.11,4,159.96,134.37,14.91,West of USA ,Colorado,PROCESSING,Under Armour Girls' Toddler Spine Surge Runni,39.99,Second Class,3,2.0,639.84,0.0932108027006751,0
TRANSFER,6,2,46.45,127.97,Late delivery,1,Shop By Sport,Tampa,EE. UU.,Consumer,FL,Golf,USCA,Buffalo,Estados Unidos,31.99,0.2,39.99,0.36,4,159.96,127.97,46.45,East of USA,Nueva York,PENDING,Under Armour Girls' Toddler Spine Surge Runni,39.99,Second Class,4,2.0,639.84,0.2903850962740685,0
TRANSFER,5,4,16.54,47.25,Shipping canceled,0,Women's Apparel,Wyandotte,EE. UU.,Home Office,MI,Golf,Europe,Mainz,Alemania,2.75,0.06,50.0,0.35,1,50.0,47.25,16.54,Western Europe,Renania-Palatinado,CANCELED,Nike Men's Dri-FIT Victory Golf Polo,50.0,Standard Class,1,0.25,50.0,0.3308,0
TRANSFER,5,4,78.0,299.99,Late delivery,1,Fishing,Pacoima,EE. UU.,Corporate,CA,Fan Shop,LATAM,Lima,Perú,100.0,0.25,399.98,0.26,1,399.98,299.99,78.0,South America,Lima (ciudad),PROCESSING,Field & Stream Sportsman 16 Gun Fire Safe,399.98,Standard Class,1,0.25,399.98,0.1950097504875243,0
DEBIT,5,4,25.17,113.38,Late delivery,1,Cleats,Irving,EE. UU.,Consumer,TX,Apparel,LATAM,San Pedro de Macorís,República Dominicana,6.6,0.06,59.99,0.22,2,119.98,113.38,25.17,Caribbean,San Pedro de Macorís,COMPLETE,Perfect Fitness Perfect Rip Deck,59.99,Standard Class,1,0.5,239.96,0.2097849641606934,0
PAYMENT,3,4,9.18,18.74,Advance shipping,0,Accessories,Caguas,Puerto Rico,Corporate,PR,Outdoors,Pacific Asia,Gold Coast,Australia,6.25,0.25,24.99,0.49,1,24.99,18.74,9.18,Oceania,Queensland,PENDING_PAYMENT,Team Golf Texas Longhorns Putter Grip,24.99,Standard Class,-1,0.25,24.99,0.3673469387755102,0
TRANSFER,6,2,74.08,151.19,Late delivery,1,Baseball & Softball,South Richmond Hill,EE. UU.,Consumer,NY,Fitness,Europe,Lyon,Francia,8.8,0.06,159.99,0.49,1,159.99,151.19,74.08,Western Europe,Auvernia-Ródano-Alpes,PENDING,adidas Brazuca 2014 Official Match Ball,159.99,Second Class,4,0.5,159.99,0.4630289393087067,0
TRANSFER,2,2,29.49,260.96,Shipping on time,0,Cleats,Caguas,Puerto Rico,Consumer,PR,Apparel,LATAM,San Francisco de Macorís,República Dominicana,38.99,0.13,59.99,0.11,5,299.95,260.96,29.49,Caribbean,Duarte,PENDING,Perfect Fitness Perfect Rip Deck,59.99,Second Class,0,2.5,1499.75,0.098316386064344,0
DEBIT,2,1,92.15,383.96,Late delivery,1,Cardio Equipment,Bakersfield,EE. UU.,Consumer,CA,Footwear,Europe,Severodvinsk,Rusia,16.0,0.04,99.99,0.24,4,399.96,383.96,92.15,Eastern Europe,Arjánguelsk,COMPLETE,Nike Men's Free 5.0+ Running Shoe,99.99,First Class,1,4.0,1599.84,0.2303980398039804,1
TRANSFER,5,4,20.0,199.98,Late delivery,1,Cardio Equipment,Jackson,EE. UU.,Home Office,MI,Footwear,Africa,Bisáu,Guinea-Bissau,0.0,0.0,99.99,0.1,2,199.98,199.98,20.0,West Africa,Bisáu,PENDING,Nike Men's Free 5.0+ Running Shoe,99.99,Standard Class,1,0.5,399.96,0.1000100010001,0
DEBIT,5,4,114.91,339.98,Late delivery,1,Fishing,Sacramento,EE. UU.,Consumer,CA,Fan Shop,LATAM,Saltillo,México,60.0,0.15,399.98,0.34,1,399.98,339.98,114.91,Central America,Coahuila,COMPLETE,Field & Stream Sportsman 16 Gun Fire Safe,399.98,Standard Class,1,0.25,399.98,0.2872893644682234,0
TRANSFER,5,2,9.45,149.99,Late delivery,1,Water Sports,New York,EE. UU.,Corporate,NY,Fan Shop,LATAM,Santo Domingo,República Dominicana,50.0,0.25,199.99,0.06,1,199.99,149.99,9.45,Caribbean,Santo Domingo,PROCESSING,Pelican Sunstream 100 Kayak,199.99,Second Class,3,0.5,199.99,0.0472523626181309,0
DEBIT,5,4,82.21,283.48,Late delivery,1,Camping & Hiking,Kaneohe,EE. UU.,Corporate,HI,Fan Shop,USCA,Santa Barbara,Estados Unidos,16.5,0.06,299.98,0.29,1,299.98,283.48,82.21,West of USA ,California,COMPLETE,Diamondback Women's Serene Classic Comfort Bi,299.98,Standard Class,1,0.25,299.98,0.2740516034402293,0
DEBIT,5,2,6.51,57.59,Late delivery,1,Cleats,La Mesa,EE. UU.,Home Office,CA,Apparel,LATAM,Betim,Brasil,2.4,0.04,59.99,0.11,1,59.99,57.59,6.51,South America,Minas Gerais,ON_HOLD,Perfect Fitness Perfect Rip Deck,59.99,Second Class,3,0.5,59.99,0.1085180863477246,0
PAYMENT,5,4,-4.65,92.99,Late delivery,1,Cardio Equipment,Raleigh,EE. UU.,Consumer,NC,Footwear,Europe,Le Havre,Francia,7.0,0.07,99.99,-0.05,1,99.99,92.99,-4.65,Western Europe,Normandía,PENDING_PAYMENT,Nike Men's Free 5.0+ Running Shoe,99.99,Standard Class,1,0.25,99.99,-0.0465046504650465,0
CASH,4,4,0.0,106.59,Shipping on time,0,Men's Footwear,Caguas,Puerto Rico,Home Office,PR,Apparel,LATAM,São Paulo,Brasil,23.4,0.18,129.99,0.0,1,129.99,106.59,0.0,South America,São Paulo,CLOSED,Nike Men's CJ Elite 2 TD Football Cleat,129.99,Standard Class,0,0.25,129.99,0.0,0
PAYMENT,3,4,-9.74,335.97,Advance shipping,0,Cardio Equipment,Virginia Beach,EE. UU.,Consumer,VA,Footwear,Pacific Asia,Manila,Filipinas,63.99,0.16,99.99,-0.03,4,399.96,335.97,-9.74,Southeast Asia,Capital Nacional,PENDING_PAYMENT,Nike Men's Free 5.0+ Running Shoe,99.99,Standard Class,-1,1.0,1599.84,-0.0243524352435243,0
TRANSFER,4,4,22.4,80.0,Shipping canceled,0,Women's Apparel,Saint Paul,EE. UU.,Corporate,MN,Golf,LATAM,Guarulhos,Brasil,20.0,0.2,50.0,0.28,2,100.0,80.0,22.4,South America,São Paulo,SUSPECTED_FRAUD,Nike Men's Dri-FIT Victory Golf Polo,50.0,Standard Class,0,0.5,200.0,0.2239999999999999,0
TRANSFER,6,4,49.8,248.98,Shipping canceled,0,Camping & Hiking,Hendersonville,EE. UU.,Consumer,TN,Fan Shop,LATAM,Oruro,Bolivia,51.0,0.17,299.98,0.2,1,299.98,248.98,49.8,South America,Oruro,SUSPECTED_FRAUD,Diamondback Women's Serene Classic Comfort Bi,299.98,Standard Class,2,0.25,299.98,0.1660110674044936,0
DEBIT,3,4,9.55,31.84,Advance shipping,0,Baseball & Softball,Chicago,EE. UU.,Consumer,IL,Fitness,USCA,Springfield,Estados Unidos,3.15,0.09,34.99,0.3,1,34.99,31.84,9.55,South of  USA ,Virginia,COMPLETE,adidas Kids' F5 Messi FG Soccer Cleat,34.99,Standard Class,-1,0.25,34.99,0.2729351243212346,0
PAYMENT,5,4,49.12,188.92,Late delivery,1,Indoor/Outdoor Games,Caguas,Puerto Rico,Corporate,PR,Fan Shop,Africa,Kano,Nigeria,11.0,0.06,49.98,0.26,4,199.92,188.92,49.12,West Africa,Kano,PENDING_PAYMENT,O'Brien Men's Neoprene Life Vest,49.98,Standard Class,1,1.0,799.68,0.2456982793117247,0
DEBIT,2,1,2.25,44.98,Late delivery,1,Indoor/Outdoor Games,Plano,EE. UU.,Consumer,TX,Fan Shop,LATAM,Tehuacán,México,5.0,0.1,49.98,0.05,1,49.98,44.98,2.25,Central America,Puebla,COMPLETE,O'Brien Men's Neoprene Life Vest,49.98,First Class,1,1.0,49.98,0.0450180072028811,1
DEBIT,5,2,63.49,226.77,Late delivery,1,Music,Caguas,Puerto Rico,Consumer,PR,Discs Shop,Pacific Asia,Melbourne,Australia,33.88,0.13,260.65,0.28,1,260.65,226.77,63.49,Oceania,Victoria,COMPLETE,Rock music,260.65,Second Class,3,0.5,260.65,0.2435833493190101,0
PAYMENT,4,4,5.62,44.99,Shipping on time,0,Cleats,Caguas,Puerto Rico,Corporate,PR,Apparel,Pacific Asia,Bihar Sharif,India,15.0,0.25,59.99,0.13,1,59.99,44.99,5.62,South Asia,Bihar,PENDING_PAYMENT,Perfect Fitness Perfect Rip Deck,59.99,Standard Class,0,0.25,59.99,0.0936822803800633,0
TRANSFER,2,2,91.33,260.96,Shipping canceled,0,Cleats,Caguas,Puerto Rico,Corporate,PR,Apparel,LATAM,Santo Domingo,República Dominicana,38.99,0.13,59.99,0.35,5,299.95,260.96,91.33,Caribbean,Santo Domingo,SUSPECTED_FRAUD,Perfect Fitness Perfect Rip Deck,59.99,Second Class,0,2.5,1499.75,0.3044840806801133,0
CASH,3,4,10.56,175.96,Advance shipping,0,Shop By Sport,Los Angeles,EE. UU.,Consumer,CA,Golf,Europe,Aprilia,Italia,23.99,0.12,39.99,0.06,5,199.95,175.96,10.56,Southern Europe,Lacio,CLOSED,Under Armour Girls' Toddler Spine Surge Runni,39.99,Standard Class,-1,1.25,999.75,0.0528132033008252,0
TRANSFER,2,4,100.37,296.95,Advance shipping,0,Cleats,Tempe,EE. UU.,Consumer,AZ,Apparel,Pacific Asia,Kabul,Afganistán,3.0,0.01,59.99,0.34,5,299.95,296.95,100.37,South Asia,Kabul,PENDING,Perfect Fitness Perfect Rip Deck,59.99,Standard Class,-2,1.25,1499.75,0.3346224370728455,0
CASH,5,4,20.69,149.94,Late delivery,1,Indoor/Outdoor Games,Caguas,Puerto Rico,Consumer,PR,Fan Shop,Europe,Emmen,Países Bajos,49.98,0.25,49.98,0.14,4,199.92,149.94,20.69,Western Europe,Drenthe,CLOSED,O'Brien Men's Neoprene Life Vest,49.98,Standard Class,1,1.0,799.68,0.1034913965586234,0
TRANSFER,2,1,115.99,399.98,Late delivery,1,Fishing,Caguas,Puerto Rico,Consumer,PR,Fan Shop,Pacific Asia,Manila,Filipinas,0.0,0.0,399.98,0.29,1,399.98,399.98,115.99,Southeast Asia,Capital Nacional,PENDING,Field & Stream Sportsman 16 Gun Fire Safe,399.98,First Class,1,1.0,399.98,0.2899894994749737,1
DEBIT,6,4,58.74,172.77,Late delivery,1,Cleats,Oxnard,EE. UU.,Corporate,CA,Apparel,LATAM,Tijuana,México,7.2,0.04,59.99,0.34,3,179.97,172.77,58.74,Central America,Baja California,COMPLETE,Perfect Fitness Perfect Rip Deck,59.99,Standard Class,2,0.75,539.91,0.3263877312885481,0
TRANSFER,0,0,3.54,31.35,Shipping on time,0,Electronics,North Hollywood,EE. UU.,Consumer,CA,Outdoors,USCA,Fayetteville,Estados Unidos,0.64,0.02,31.99,0.11,1,31.99,31.35,3.54,South of  USA ,Arkansas,PROCESSING,Bridgestone e6 Straight Distance NFL Tennesse,31.99,Same Day,0,inf,31.99,0.1106595811190997,1
DEBIT,2,1,59.39,134.98,Late delivery,1,Cleats,San Marcos,EE. UU.,Consumer,CA,Apparel,LATAM,Bayeux,Brasil,44.99,0.25,59.99,0.44,3,179.97,134.98,59.39,South America,Paraíba,COMPLETE,Perfect Fitness Perfect Rip Deck,59.99,First Class,1,3.0,539.91,0.3299994443518364,1
DEBIT,0,0,-197.45,127.39,Shipping on time,0,Men's Footwear,Los Angeles,EE. UU.,Corporate,CA,Apparel,Pacific Asia,Perth,Australia,2.6,0.02,129.99,-1.55,1,129.99,127.39,-197.45,Oceania,Australia Occidental,COMPLETE,Nike Men's CJ Elite 2 TD Football Cleat,129.99,Same Day,0,inf,129.99,-1.518962997153627,1
PAYMENT,3,4,218.38,454.95,Advance shipping,0,Cardio Equipment,Caguas,Puerto Rico,Home Office,PR,Footwear,Europe,Le Blanc-Mesnil,Francia,45.0,0.09,99.99,0.48,5,499.95,454.95,218.38,Western Europe,Isla de Francia,PENDING_PAYMENT,Nike Men's Free 5.0+ Running Shoe,99.99,Standard Class,-1,1.25,2499.75,0.4368036803680368,0
TRANSFER,4,4,16.9,191.99,Shipping on time,0,Water Sports,Caguas,Puerto Rico,Home Office,PR,Fan Shop,LATAM,Limeira,Brasil,8.0,0.04,199.99,0.09,1,199.99,191.99,16.9,South America,São Paulo,PENDING,Pelican Sunstream 100 Kayak,199.99,Standard Class,0,0.25,199.99,0.0845042252112605,0
DEBIT,6,4,73.07,173.98,Late delivery,1,Cardio Equipment,Revere,EE. UU.,Corporate,MA,Footwear,Pacific Asia,Newcastle,Australia,26.0,0.13,99.99,0.42,2,199.98,173.98,73.07,Oceania,Nueva Gales del Sur,COMPLETE,Nike Men's Free 5.0+ Running Shoe,99.99,Standard Class,2,0.5,399.96,0.3653865386538654,0
PAYMENT,2,1,20.25,269.96,Late delivery,1,Cleats,Caguas,Puerto Rico,Consumer,PR,Apparel,Pacific Asia,Dhule,India,30.0,0.1,59.99,0.08,5,299.95,269.96,20.25,South Asia,Maharashtra,PENDING_PAYMENT,Perfect Fitness Perfect Rip Deck,59.99,First Class,1,5.0,1499.75,0.0675112518753125,1
DEBIT,0,0,30.0,299.98,Shipping on time,0,Camping & Hiking,Sugar Land,EE. UU.,Consumer,TX,Fan Shop,Europe,Roissy-en-Brie,Francia,0.0,0.0,299.98,0.1,1,299.98,299.98,30.0,Western Europe,Isla de Francia,COMPLETE,Diamondback Women's Serene Classic Comfort Bi,299.98,Same Day,0,inf,299.98,0.1000066671111407,1
DEBIT,4,4,96.0,192.0,Shipping on time,0,Women's Apparel,Caguas,Puerto Rico,Home Office,PR,Golf,Europe,Luts'k,Ucrania,8.0,0.04,50.0,0.5,4,200.0,192.0,96.0,Eastern Europe,Volinia,COMPLETE,Nike Men's Dri-FIT Victory Golf Polo,50.0,Standard Class,0,1.0,800.0,0.48,0
CASH,3,4,81.56,217.5,Advance shipping,0,Women's Apparel,Caguas,Puerto Rico,Consumer,PR,Golf,USCA,Beverly,Estados Unidos,32.5,0.13,50.0,0.38,5,250.0,217.5,81.56,East of USA,Massachusetts,CLOSED,Nike Men's Dri-FIT Victory Golf Polo,50.0,Standard Class,-1,1.25,1250.0,0.32624,0
TRANSFER,1,0,16.8,168.0,Late delivery,1,Women's Apparel,Duluth,EE. UU.,Corporate,GA,Golf,Europe,Pulheim,Alemania,32.0,0.16,50.0,0.1,4,200.0,168.0,16.8,Western Europe,Renania del Norte-Westfalia,PENDING,Nike Men's Dri-FIT Victory Golf Polo,50.0,Same Day,1,inf,800.0,0.084,1
PAYMENT,5,4,-8.26,217.41,Late delivery,1,Indoor/Outdoor Games,Fairfield,EE. UU.,Consumer,CA,Fan Shop,Pacific Asia,Wagga Wagga,Australia,32.49,0.13,49.98,-0.04,5,249.9,217.41,-8.26,Oceania,Nueva Gales del Sur,PAYMENT_REVIEW,O'Brien Men's Neoprene Life Vest,49.98,Standard Class,1,1.25,1249.5,-0.0330532212885154,0
PAYMENT,3,4,27.54,94.96,Advance shipping,0,Indoor/Outdoor Games,San Juan,Puerto Rico,Consumer,PR,Fan Shop,Pacific Asia,Kendari,Indonesia,5.0,0.05,49.98,0.29,2,99.96,94.96,27.54,Southeast Asia,Célebes Suroriental,PENDING_PAYMENT,O'Brien Men's Neoprene Life Vest,49.98,Standard Class,-1,0.5,199.92,0.2755102040816327,0
CASH,6,4,-556.74,347.97,Late delivery,1,Cardio Equipment,Kent,EE. UU.,Consumer,WA,Footwear,Pacific Asia,Estambul,Turquía,51.99,0.13,99.99,-1.6,4,399.96,347.97,-556.74,West Asia,Estambul,CLOSED,Nike Men's Free 5.0+ Running Shoe,99.99,Standard Class,2,1.0,1599.84,-1.391989198919892,0
DEBIT,5,2,42.41,113.09,Late delivery,1,Men's Footwear,North Hollywood,EE. UU.,Consumer,CA,Apparel,Pacific Asia,Melbourne,Australia,16.9,0.13,129.99,0.38,1,129.99,113.09,42.41,Oceania,Victoria,COMPLETE,Nike Men's CJ Elite 2 TD Football Cleat,129.99,Second Class,3,0.5,129.99,0.3262558658358335,0
DEBIT,2,1,5.1,101.97,Late delivery,1,Shop By Sport,Caguas,Puerto Rico,Consumer,PR,Golf,Europe,Issy-les-Moulineaux,Francia,18.0,0.15,39.99,0.05,3,119.97,101.97,5.1,Western Europe,Isla de Francia,COMPLETE,Under Armour Girls' Toddler Spine Surge Runni,39.99,First Class,1,3.0,359.91,0.0425106276569142,1
CASH,3,4,14.44,165.99,Advance shipping,0,Water Sports,Caguas,Puerto Rico,Consumer,PR,Fan Shop,LATAM,Tegucigalpa,Honduras,34.0,0.17,199.99,0.09,1,199.99,165.99,14.44,Central America,Francisco Morazán,CLOSED,Pelican Sunstream 100 Kayak,199.99,Standard Class,-1,0.25,199.99,0.072203610180509,0
PAYMENT,4,4,39.16,107.89,Shipping on time,0,Men's Footwear,Cypress,EE. UU.,Corporate,CA,Apparel,Europe,Berlín,Alemania,22.1,0.17,129.99,0.36,1,129.99,107.89,39.16,Western Europe,Berlín,PENDING_PAYMENT,Nike Men's CJ Elite 2 TD Football Cleat,129.99,Standard Class,0,0.25,129.99,0.30125394261097,0
PAYMENT,4,4,-682.43,454.95,Shipping on time,0,Cardio Equipment,Caguas,Puerto Rico,Corporate,PR,Footwear,LATAM,Mixco,Guatemala,45.0,0.09,99.99,-1.5,5,499.95,454.95,-682.43,Central America,Guatemala,PENDING_PAYMENT,Nike Men's Free 5.0+ Running Shoe,99.99,Standard Class,0,1.25,2499.75,-1.3649964996499648,0
TRANSFER,4,4,-28.47,251.97,Shipping on time,0,Cardio Equipment,Van Nuys,EE. UU.,Corporate,CA,Footwear,LATAM,Curitiba,Brasil,48.0,0.16,99.99,-0.11,3,299.97,251.97,-28.47,South America,Paraná,PROCESSING,Nike Men's Free 5.0+ Running Shoe,99.99,Standard Class,0,0.75,899.9100000000001,-0.0949094909490949,0
PAYMENT,2,4,40.8,85.0,Advance shipping,0,Women's Apparel,Carmichael,EE. UU.,Consumer,CA,Golf,Pacific Asia,Ho Chi Minh City,Vietnam,15.0,0.15,50.0,0.48,2,100.0,85.0,40.8,Southeast Asia,Ciudad Ho Chi Minh,PENDING_PAYMENT,Nike Men's Dri-FIT Victory Golf Polo,50.0,Standard Class,-2,0.5,200.0,0.408,0
PAYMENT,4,4,-21.1,134.37,Shipping on time,0,Shop By Sport,Colorado Springs,EE. UU.,Corporate,CO,Golf,Europe,London,Reino Unido,25.59,0.16,39.99,-0.16,4,159.96,134.37,-21.1,Northern Europe,Inglaterra,PENDING_PAYMENT,Under Armour Girls' Toddler Spine Surge Runni,39.99,Standard Class,0,1.0,639.84,-0.1319079769942485,0
DEBIT,2,1,28.78,106.59,Late delivery,1,Men's Footwear,Lancaster,EE. UU.,Consumer,PA,Apparel,Pacific Asia,Bekasi,Indonesia,23.4,0.18,129.99,0.27,1,129.99,106.59,28.78,Southeast Asia,Java Occidental,COMPLETE,Nike Men's CJ Elite 2 TD Football Cleat,129.99,First Class,1,1.0,129.99,0.2214016462804831,1
DEBIT,4,2,99.94,293.95,Late delivery,1,Cleats,Wayne,EE. UU.,Corporate,NJ,Apparel,Europe,London,Reino Unido,6.0,0.02,59.99,0.34,5,299.95,293.95,99.94,Northern Europe,Inglaterra,ON_HOLD,Perfect Fitness Perfect Rip Deck,59.99,Second Class,2,2.5,1499.75,0.3331888648108018,0
DEBIT,2,2,53.23,118.29,Shipping on time,0,Men's Footwear,Aurora,EE. UU.,Consumer,CO,Apparel,LATAM,Matagalpa,Nicaragua,11.7,0.09,129.99,0.45,1,129.99,118.29,53.23,Central America,Matagalpa,COMPLETE,Nike Men's CJ Elite 2 TD Football Cleat,129.99,Second Class,0,0.5,129.99,0.4094930379259942,0
DEBIT,0,0,31.58,167.99,Shipping on time,0,Water Sports,Campbell,EE. UU.,Consumer,CA,Fan Shop,USCA,Henderson,Estados Unidos,32.0,0.16,199.99,0.19,1,199.99,167.99,31.58,South of  USA ,Kentucky,COMPLETE,Pelican Sunstream 100 Kayak,199.99,Same Day,0,inf,199.99,0.1579078953947697,1
DEBIT,5,2,81.66,224.96,Late delivery,1,Cleats,Caguas,Puerto Rico,Consumer,PR,Apparel,LATAM,Zapopan,México,74.99,0.25,59.99,0.36,5,299.95,224.96,81.66,Central America,Jalisco,COMPLETE,Perfect Fitness Perfect Rip Deck,59.99,Second Class,3,2.5,1499.75,0.2722453742290381,0
TRANSFER,4,4,15.94,159.45,Shipping on time,0,DVDs,La Crosse,EE. UU.,Home Office,WI,Discs Shop,Europe,Cork,Irlanda,4.93,0.03,164.38,0.1,1,164.38,159.45,15.94,Northern Europe,Cork,PROCESSING,DVDs ,164.38,Standard Class,0,0.25,164.38,0.0969704343594111,0
PAYMENT,0,0,8.29,66.36,Shipping on time,0,Trade-In,Brooklyn,EE. UU.,Corporate,NY,Outdoors,Pacific Asia,Wafangdian,China,13.59,0.17,15.99,0.13,5,79.95,66.36,8.29,Eastern Asia,Liaoning,PENDING_PAYMENT,Glove It Imperial Golf Towel,15.99,Same Day,0,inf,399.75,0.1036898061288305,1
DEBIT,5,4,-3.28,251.97,Late delivery,1,Cardio Equipment,Tustin,EE. UU.,Consumer,CA,Footwear,Europe,Milan,Italia,48.0,0.16,99.99,-0.01,3,299.97,251.97,-3.28,Southern Europe,Lombardía,COMPLETE,Nike Men's Free 5.0+ Running Shoe,99.99,Standard Class,1,0.75,899.9100000000001,-0.0109344267760109,0
PAYMENT,5,4,94.64,363.98,Late delivery,1,Fishing,Caguas,Puerto Rico,Consumer,PR,Fan Shop,Europe,Alicante,España,36.0,0.09,399.98,0.26,1,399.98,363.98,94.64,Southern Europe,Valenciana,PENDING_PAYMENT,Field & Stream Sportsman 16 Gun Fire Safe,399.98,Standard Class,1,0.25,399.98,0.2366118305915295,0
DEBIT,4,4,-289.91,377.98,Shipping on time,0,Fishing,Marion,EE. UU.,Consumer,OH,Fan Shop,LATAM,Maracay,Venezuela,22.0,0.06,399.98,-0.77,1,399.98,377.98,-289.91,South America,Aragua,COMPLETE,Field & Stream Sportsman 16 Gun Fire Safe,399.98,Standard Class,0,0.25,399.98,-0.7248112405620282,0
DEBIT,3,2,52.02,113.09,Late delivery,1,Men's Footwear,Chicago,EE. UU.,Consumer,IL,Apparel,Pacific Asia,Surabaya,Indonesia,16.9,0.13,129.99,0.46,1,129.99,113.09,52.02,Southeast Asia,Java Oriental,COMPLETE,Nike Men's CJ Elite 2 TD Football Cleat,129.99,Second Class,1,0.5,129.99,0.4001846295868912,0
PAYMENT,4,4,-65.1,371.98,Shipping on time,0,Fishing,Caguas,Puerto Rico,Consumer,PR,Fan Shop,LATAM,Maracaibo,Venezuela,28.0,0.07,399.98,-0.18,1,399.98,371.98,-65.1,South America,Zulia,PENDING_PAYMENT,Field & Stream Sportsman 16 Gun Fire Safe,399.98,Standard Class,0,0.25,399.98,-0.1627581379068953,0
CASH,3,4,25.44,78.28,Advance shipping,0,Tennis & Racquet,Chicago,EE. UU.,Corporate,IL,Fitness,Europe,Kettering,Reino Unido,11.7,0.13,44.99,0.33,2,89.98,78.28,25.44,Northern Europe,Inglaterra,CLOSED,Nike Men's Comfort 2 Slide,44.99,Standard Class,-1,0.5,179.96,0.2827294954434319,0
TRANSFER,3,4,16.32,33.99,Shipping canceled,0,Shop By Sport,Normal,EE. UU.,Consumer,IL,Golf,Pacific Asia,Bangkok,Tailandia,6.0,0.15,39.99,0.48,1,39.99,33.99,16.32,Southeast Asia,Bangkok,SUSPECTED_FRAUD,Under Armour Girls' Toddler Spine Surge Runni,39.99,Standard Class,-1,0.25,39.99,0.4081020255063766,0
TRANSFER,6,4,-18.63,134.98,Late delivery,1,Cleats,Caguas,Puerto Rico,Consumer,PR,Apparel,Pacific Asia,Hanoi,Vietnam,44.99,0.25,59.99,-0.14,3,179.97,134.98,-18.63,Southeast Asia,Th? Dô Hà N?i,PENDING,Perfect Fitness Perfect Rip Deck,59.99,Standard Class,2,0.75,539.91,-0.1035172528754792,0
TRANSFER,5,4,-33.75,449.96,Late delivery,1,Cardio Equipment,Caguas,Puerto Rico,Consumer,PR,Footwear,LATAM,Tegucigalpa,Honduras,50.0,0.1,99.99,-0.08,5,499.95,449.96,-33.75,Central America,Francisco Morazán,PENDING,Nike Men's Free 5.0+ Running Shoe,99.99,Standard Class,1,1.25,2499.75,-0.0675067506750675,0
TRANSFER,4,4,133.84,395.98,Shipping on time,0,Fishing,Caguas,Puerto Rico,Consumer,PR,Fan Shop,Europe,Bielefeld,Alemania,4.0,0.01,399.98,0.34,1,399.98,395.98,133.84,Western Europe,Renania del Norte-Westfalia,PROCESSING,Field & Stream Sportsman 16 Gun Fire Safe,399.98,Standard Class,0,0.25,399.98,0.3346167308365418,0
CASH,6,4,14.82,235.16,Late delivery,1,Cleats,Las Vegas,EE. UU.,Consumer,NV,Apparel,LATAM,León,Nicaragua,4.8,0.02,59.99,0.06,4,239.96,235.16,14.82,Central America,León,CLOSED,Perfect Fitness Perfect Rip Deck,59.99,Standard Class,2,1.0,959.84,0.0617602933822303,0
TRANSFER,3,2,-145.59,181.99,Late delivery,1,Water Sports,Brooklyn,EE. UU.,Corporate,NY,Fan Shop,Europe,Palaiseau,Francia,18.0,0.09,199.99,-0.8,1,199.99,181.99,-145.59,Western Europe,Isla de Francia,PROCESSING,Pelican Sunstream 100 Kayak,199.99,Second Class,1,0.5,199.99,-0.727986399319966,0
DEBIT,0,0,102.08,248.98,Shipping on time,0,Camping & Hiking,Baltimore,EE. UU.,Consumer,MD,Fan Shop,LATAM,Chimaltenango,Guatemala,51.0,0.17,299.98,0.41,1,299.98,248.98,102.08,Central America,Chimaltenango,COMPLETE,Diamondback Women's Serene Classic Comfort Bi,299.98,Same Day,0,inf,299.98,0.3402893526235082,1
CASH,2,1,29.6,128.69,Late delivery,1,Men's Footwear,Wyoming,EE. UU.,Corporate,MI,Apparel,Europe,Madrid,España,1.3,0.01,129.99,0.23,1,129.99,128.69,29.6,Southern Europe,Madrid,CLOSED,Nike Men's CJ Elite 2 TD Football Cleat,129.99,First Class,1,1.0,129.99,0.2277098238326025,1
CASH,3,2,25.2,251.98,Late delivery,1,Camping & Hiking,Dallas,EE. UU.,Consumer,TX,Fan Shop,Africa,Algiers,Argelia,48.0,0.16,299.98,0.1,1,299.98,251.98,25.2,North Africa,Alger,CLOSED,Diamondback Women's Serene Classic Comfort Bi,299.98,Second Class,1,0.5,299.98,0.0840056003733582,0
TRANSFER,2,4,12.75,75.0,Advance shipping,0,Women's Apparel,Baytown,EE. UU.,Corporate,TX,Golf,LATAM,Villa Nueva,Guatemala,25.0,0.25,50.0,0.17,2,100.0,75.0,12.75,Central America,Guatemala,PROCESSING,Nike Men's Dri-FIT Victory Golf Polo,50.0,Standard Class,-2,0.5,200.0,0.1275,0
PAYMENT,5,2,-29.25,97.49,Late delivery,1,Men's Footwear,Broken Arrow,EE. UU.,Consumer,OK,Apparel,Africa,Lagos,Nigeria,32.5,0.25,129.99,-0.3,1,129.99,97.49,-29.25,West Africa,Lagos,PENDING_PAYMENT,Nike Men's CJ Elite 2 TD Football Cleat,129.99,Second Class,3,0.5,129.99,-0.225017309023771,0
TRANSFER,2,1,-33.47,55.79,Late delivery,1,Cleats,Dallas,EE. UU.,Consumer,TX,Apparel,LATAM,Villa Nueva,Guatemala,4.2,0.07,59.99,-0.6,1,59.99,55.79,-33.47,Central America,Guatemala,PROCESSING,Perfect Fitness Perfect Rip Deck,59.99,First Class,1,1.0,59.99,-0.5579263210535089,1
DEBIT,2,1,18.6,299.99,Late delivery,1,Fishing,Caguas,Puerto Rico,Consumer,PR,Fan Shop,USCA,Philadelphia,Estados Unidos,100.0,0.25,399.98,0.06,1,399.98,299.99,18.6,East of USA,Pensilvania,ON_HOLD,Field & Stream Sportsman 16 Gun Fire Safe,399.98,First Class,1,1.0,399.98,0.0465023251162558,1
PAYMENT,6,4,42.31,120.89,Late delivery,1,Men's Footwear,Fayetteville,EE. UU.,Consumer,NC,Apparel,Pacific Asia,Hamadán,Irán,9.1,0.07,129.99,0.35,1,129.99,120.89,42.31,South Asia,Hamadán,PENDING_PAYMENT,Nike Men's CJ Elite 2 TD Football Cleat,129.99,Standard Class,2,0.25,129.99,0.3254865758904531,0
TRANSFER,6,2,54.23,479.95,Late delivery,1,Cardio Equipment,Fort Lauderdale,EE. UU.,Consumer,FL,Footwear,Pacific Asia,Huaihua,China,20.0,0.04,99.99,0.11,5,499.95,479.95,54.23,Eastern Asia,Hunan,PROCESSING,Nike Men's Free 5.0+ Running Shoe,99.99,Second Class,4,2.5,2499.75,0.1084708470847084,0
CASH,2,4,100.15,319.98,Advance shipping,0,Fishing,Caguas,Puerto Rico,Corporate,PR,Fan Shop,Europe,Graz,Austria,80.0,0.2,399.98,0.31,1,399.98,319.98,100.15,Western Europe,Stiria,CLOSED,Field & Stream Sportsman 16 Gun Fire Safe,399.98,Standard Class,-2,0.25,399.98,0.2503875193759688,0
DEBIT,6,4,13.15,149.38,Late delivery,1,Cleats,Long Beach,EE. UU.,Home Office,CA,Apparel,Europe,Haguenau,Francia,30.59,0.17,59.99,0.09,3,179.97,149.38,13.15,Western Europe,Alsacia-Champaña-Ardenas-Lorena,COMPLETE,Perfect Fitness Perfect Rip Deck,59.99,Standard Class,2,0.75,539.91,0.0730677335111407,0
TRANSFER,3,4,69.68,158.36,Advance shipping,0,Shop By Sport,Douglasville,EE. UU.,Consumer,GA,Golf,Pacific Asia,Surakarta,Indonesia,1.6,0.01,39.99,0.44,4,159.96,158.36,69.68,Southeast Asia,Java Central,PENDING,Under Armour Girls' Toddler Spine Surge Runni,39.99,Standard Class,-1,1.0,639.84,0.4356089022255564,0
DEBIT,6,4,31.02,82.71,Late delivery,1,Pet Supplies,Cumberland,EE. UU.,Corporate,MD,Pet Shop,Pacific Asia,Bendigo,Australia,1.69,0.02,84.4,0.38,1,84.4,82.71,31.02,Oceania,Victoria,COMPLETE,Adult dog supplies,84.4,Standard Class,2,0.25,84.4,0.3675355450236967,0
PAYMENT,5,4,-36.4,181.99,Late delivery,1,Water Sports,Caguas,Puerto Rico,Home Office,PR,Fan Shop,LATAM,Panama City,Panamá,18.0,0.09,199.99,-0.2,1,199.99,181.99,-36.4,Central America,Panamá,PENDING_PAYMENT,Pelican Sunstream 100 Kayak,199.99,Standard Class,1,0.25,199.99,-0.1820091004550227,0
TRANSFER,5,4,-283.19,339.97,Late delivery,1,Cardio Equipment,Washington,EE. UU.,Consumer,DC,Footwear,USCA,Oklahoma City,Estados Unidos,59.99,0.15,99.99,-0.83,4,399.96,339.97,-283.19,US Center ,Oklahoma,PROCESSING,Nike Men's Free 5.0+ Running Shoe,99.99,Standard Class,1,1.0,1599.84,-0.7080458045804581,0
TRANSFER,3,4,18.03,39.19,Advance shipping,0,Shop By Sport,Caguas,Puerto Rico,Consumer,PR,Golf,Europe,Quimper,Francia,0.8,0.02,39.99,0.46,1,39.99,39.19,18.03,Western Europe,Bretaña,PENDING,Under Armour Girls' Toddler Spine Surge Runni,39.99,Standard Class,-1,0.25,39.99,0.4508627156789197,0
TRANSFER,5,4,100.0,399.98,Late delivery,1,Fishing,Riverside,EE. UU.,Consumer,CA,Fan Shop,Europe,Saint-Priest,Francia,0.0,0.0,399.98,0.25,1,399.98,399.98,100.0,Western Europe,Auvernia-Ródano-Alpes,PENDING,Field & Stream Sportsman 16 Gun Fire Safe,399.98,Standard Class,1,0.25,399.98,0.2500125006250312,0
CASH,2,1,9.93,29.37,Late delivery,1,Books ,Caguas,Puerto Rico,Corporate,PR,Book Shop,Europe,Bolton,Reino Unido,1.71,0.06,31.08,0.34,1,31.08,29.37,9.93,Northern Europe,Inglaterra,CLOSED,Sports Books ,31.08,First Class,1,1.0,31.08,0.3194980694980695,1
TRANSFER,2,1,60.72,132.0,Late delivery,1,Women's Apparel,Brownsville,EE. UU.,Corporate,TX,Golf,LATAM,Carrefour,Haití,18.0,0.12,50.0,0.46,3,150.0,132.0,60.72,Caribbean,Ouest,PROCESSING,Nike Men's Dri-FIT Victory Golf Polo,50.0,First Class,1,3.0,450.0,0.4048,1
PAYMENT,6,4,5.94,197.99,Late delivery,1,Water Sports,Caguas,Puerto Rico,Consumer,PR,Fan Shop,LATAM,Juárez,México,2.0,0.01,199.99,0.03,1,199.99,197.99,5.94,Central America,Chihuahua,PAYMENT_REVIEW,Pelican Sunstream 100 Kayak,199.99,Standard Class,2,0.25,199.99,0.0297014850742537,0
DEBIT,4,4,44.0,95.66,Shipping on time,0,Kids' Golf Clubs,West Chester,EE. UU.,Corporate,PA,Outdoors,Europe,Turin,Italia,14.29,0.13,109.95,0.46,1,109.95,95.66,44.0,Southern Europe,Piamonte,COMPLETE,Polar Loop Activity Tracker,109.95,Standard Class,0,0.25,109.95,0.4001819008640291,0
PAYMENT,4,2,6.19,49.48,Late delivery,1,Indoor/Outdoor Games,Washington,EE. UU.,Corporate,DC,Fan Shop,Pacific Asia,Yakarta,Indonesia,0.5,0.01,49.98,0.13,1,49.98,49.48,6.19,Southeast Asia,Yakarta,PENDING_PAYMENT,O'Brien Men's Neoprene Life Vest,49.98,Second Class,2,0.5,49.98,0.1238495398159263,0
TRANSFER,4,4,21.84,218.36,Shipping on time,0,Cleats,Laredo,EE. UU.,Consumer,TX,Apparel,Pacific Asia,Lower Hutt,Nueva Zelanda,21.6,0.09,59.99,0.1,4,239.96,218.36,21.84,Oceania,Wellington,PENDING,Perfect Fitness Perfect Rip Deck,59.99,Standard Class,0,1.0,959.84,0.0910151691948658,0
PAYMENT,6,2,48.26,148.5,Late delivery,1,Women's Apparel,West Covina,EE. UU.,Consumer,CA,Golf,Europe,Poltava,Ucrania,1.5,0.01,50.0,0.33,3,150.0,148.5,48.26,Eastern Europe,Poltava,PENDING_PAYMENT,Nike Men's Dri-FIT Victory Golf Polo,50.0,Second Class,4,1.5,450.0,0.3217333333333333,0
TRANSFER,2,4,137.19,391.96,Advance shipping,0,Cardio Equipment,Miami,EE. UU.,Consumer,FL,Footwear,LATAM,Puebla,México,8.0,0.02,99.99,0.35,4,399.96,391.96,137.19,Central America,Puebla,PENDING,Nike Men's Free 5.0+ Running Shoe,99.99,Standard Class,-2,1.0,1599.84,0.343009300930093,0
DEBIT,2,1,10.67,94.46,Late delivery,1,Indoor/Outdoor Games,Carlsbad,EE. UU.,Corporate,CA,Fan Shop,Europe,London,Reino Unido,5.5,0.06,49.98,0.11,2,99.96,94.46,10.67,Northern Europe,Inglaterra,COMPLETE,O'Brien Men's Neoprene Life Vest,49.98,First Class,1,2.0,199.92,0.1067426970788315,1
CASH,2,4,52.38,194.0,Advance shipping,0,Women's Apparel,Caguas,Puerto Rico,Consumer,PR,Golf,Europe,Granada,España,6.0,0.03,50.0,0.27,4,200.0,194.0,52.38,Southern Europe,Andalucía,CLOSED,Nike Men's Dri-FIT Victory Golf Polo,50.0,Standard Class,-2,1.0,800.0,0.2619,0
TRANSFER,4,2,43.68,167.99,Late delivery,1,Water Sports,Caguas,Puerto Rico,Corporate,PR,Fan Shop,LATAM,Camagüey,Cuba,32.0,0.16,199.99,0.26,1,199.99,167.99,43.68,Caribbean,Camagüey,PENDING,Pelican Sunstream 100 Kayak,199.99,Second Class,2,0.5,199.99,0.2184109205460273,0
PAYMENT,2,4,34.37,249.08,Advance shipping,0,Health and Beauty,Laguna Niguel,EE. UU.,Consumer,CA,Health and Beauty ,Pacific Asia,Rangún,Myanmar (Birmania),43.96,0.15,293.04,0.14,1,293.04,249.08,34.37,Southeast Asia,Rangún,PENDING_PAYMENT,First aid kit,293.04,Standard Class,-2,0.25,293.04,0.1172877422877422,0
TRANSFER,4,2,-153.98,175.98,Shipping canceled,0,Cardio Equipment,Caguas,Puerto Rico,Consumer,PR,Footwear,USCA,Houston,Estados Unidos,24.0,0.12,99.99,-0.88,2,199.98,175.98,-153.98,US Center ,Texas,CANCELED,Nike Men's Free 5.0+ Running Shoe,99.99,Second Class,2,1.0,399.96,-0.76997699769977,0
PAYMENT,4,4,19.5,59.99,Shipping on time,0,Cleats,Virginia Beach,EE. UU.,Home Office,VA,Apparel,Europe,Miramas,Francia,0.0,0.0,59.99,0.33,1,59.99,59.99,19.5,Western Europe,Provenza-Alpes-Costa Azul,PENDING_PAYMENT,Perfect Fitness Perfect Rip Deck,59.99,Standard Class,0,0.25,59.99,0.3250541756959493,0
PAYMENT,5,4,-291.45,379.98,Late delivery,1,Fishing,Pomona,EE. UU.,Consumer,CA,Fan Shop,Europe,Donets'k,Ucrania,20.0,0.05,399.98,-0.77,1,399.98,379.98,-291.45,Eastern Europe,Donetsk,PENDING_PAYMENT,Field & Stream Sportsman 16 Gun Fire Safe,399.98,Standard Class,1,0.25,399.98,-0.7286614330716535,0
TRANSFER,4,4,50.96,195.99,Shipping on time,0,Water Sports,Howell,EE. UU.,Consumer,MI,Fan Shop,Europe,Dresden,Alemania,4.0,0.02,199.99,0.26,1,199.99,195.99,50.96,Western Europe,Sajonia,PROCESSING,Pelican Sunstream 100 Kayak,199.99,Standard Class,0,0.25,199.99,0.2548127406370318,0
PAYMENT,2,4,6.0,79.97,Advance shipping,0,Indoor/Outdoor Games,Caguas,Puerto Rico,Consumer,PR,Fan Shop,Europe,Witten,Alemania,19.99,0.2,49.98,0.08,2,99.96,79.97,6.0,Western Europe,Renania del Norte-Westfalia,PENDING_PAYMENT,O'Brien Men's Neoprene Life Vest,49.98,Standard Class,-2,0.5,199.92,0.0600240096038415,0
PAYMENT,3,4,60.07,191.92,Advance shipping,0,Indoor/Outdoor Games,Caguas,Puerto Rico,Home Office,PR,Fan Shop,Pacific Asia,Qom,Irán,8.0,0.04,49.98,0.31,4,199.92,191.92,60.07,South Asia,Qom,PENDING_PAYMENT,O'Brien Men's Neoprene Life Vest,49.98,Standard Class,-1,1.0,799.68,0.3004701880752301,0
DEBIT,4,4,18.74,49.98,Shipping on time,0,Indoor/Outdoor Games,Los Angeles,EE. UU.,Corporate,CA,Fan Shop,Africa,Ibadan,Nigeria,0.0,0.0,49.98,0.38,1,49.98,49.98,18.74,West Africa,Oyo,COMPLETE,O'Brien Men's Neoprene Life Vest,49.98,Standard Class,0,0.25,49.98,0.3749499799919968,0
PAYMENT,0,0,-12.15,195.99,Shipping on time,0,Water Sports,Caguas,Puerto Rico,Corporate,PR,Fan Shop,Pacific Asia,Wuxi,China,4.0,0.02,199.99,-0.06,1,199.99,195.99,-12.15,Eastern Asia,Jiangsu,PENDING_PAYMENT,Pelican Sunstream 100 Kayak,199.99,Same Day,0,inf,199.99,-0.0607530376518825,1
TRANSFER,6,2,152.44,419.96,Late delivery,1,Cardio Equipment,Caguas,Puerto Rico,Consumer,PR,Footwear,LATAM,Presidencia Roque Sáenz Peña,Argentina,79.99,0.16,99.99,0.36,5,499.95,419.96,152.44,South America,Chaco,PROCESSING,Nike Men's Free 5.0+ Running Shoe,99.99,Second Class,4,2.5,2499.75,0.3049104910491049,0
CASH,5,4,21.31,81.97,Late delivery,1,Indoor/Outdoor Games,Caguas,Puerto Rico,Consumer,PR,Fan Shop,Pacific Asia,Lianyuan,China,17.99,0.18,49.98,0.26,2,99.96,81.97,21.31,Eastern Asia,Hunan,CLOSED,O'Brien Men's Neoprene Life Vest,49.98,Standard Class,1,0.5,199.92,0.2131852741096438,0
DEBIT,3,4,58.8,196.0,Advance shipping,0,Women's Apparel,Caguas,Puerto Rico,Consumer,PR,Golf,LATAM,Aracaju,Brasil,4.0,0.02,50.0,0.3,4,200.0,196.0,58.8,South America,Sergipe,COMPLETE,Nike Men's Dri-FIT Victory Golf Polo,50.0,Standard Class,-1,1.0,800.0,0.294,0
CASH,2,2,70.11,200.31,Shipping on time,0,Men's Clothing,Princeton,EE. UU.,Consumer,NJ,Apparel,Pacific Asia,Melbourne,Australia,10.54,0.05,210.85,0.35,1,210.85,200.31,70.11,Oceania,Victoria,CLOSED,Men's gala suit,210.85,Second Class,0,0.5,210.85,0.332511263931705,0
DEBIT,3,4,-208.77,260.96,Advance shipping,0,Cleats,Caguas,Puerto Rico,Consumer,PR,Apparel,Europe,Marseille,Francia,38.99,0.13,59.99,-0.8,5,299.95,260.96,-208.77,Western Europe,Provenza-Alpes-Costa Azul,COMPLETE,Perfect Fitness Perfect Rip Deck,59.99,Standard Class,-1,1.25,1499.75,-0.6960160026671113,0
TRANSFER,5,4,9.07,120.89,Late delivery,1,Men's Footwear,Caguas,Puerto Rico,Corporate,PR,Apparel,Africa,Menia,Egipto,9.1,0.07,129.99,0.08,1,129.99,120.89,9.07,North Africa,Menia,PENDING,Nike Men's CJ Elite 2 TD Football Cleat,129.99,Standard Class,1,0.25,129.99,0.0697745980460035,0
TRANSFER,5,2,19.4,387.98,Late delivery,1,Fishing,Caguas,Puerto Rico,Home Office,PR,Fan Shop,LATAM,Salvador,Brasil,12.0,0.03,399.98,0.05,1,399.98,387.98,19.4,South America,Bahía,PROCESSING,Field & Stream Sportsman 16 Gun Fire Safe,399.98,Second Class,3,0.5,399.98,0.048502425121256,0
TRANSFER,2,4,-29.7,124.79,Advance shipping,0,Men's Footwear,Caguas,Puerto Rico,Home Office,PR,Apparel,Pacific Asia,Medan,Indonesia,5.2,0.04,129.99,-0.24,1,129.99,124.79,-29.7,Southeast Asia,Sumatra Septentrional,PENDING,Nike Men's CJ Elite 2 TD Football Cleat,129.99,Standard Class,-2,0.25,129.99,-0.2284791137779829,0
TRANSFER,4,4,-7.7,47.25,Shipping on time,0,Women's Apparel,Norcross,EE. UU.,Consumer,GA,Golf,Pacific Asia,Cirebon,Indonesia,2.75,0.06,50.0,-0.16,1,50.0,47.25,-7.7,Southeast Asia,Java Occidental,PENDING,Nike Men's Dri-FIT Victory Golf Polo,50.0,Standard Class,0,0.25,50.0,-0.154,0
TRANSFER,2,1,21.25,42.5,Late delivery,1,Women's Apparel,Santa Cruz,EE. UU.,Corporate,CA,Golf,USCA,Philadelphia,Estados Unidos,7.5,0.15,50.0,0.5,1,50.0,42.5,21.25,East of USA,Pensilvania,PENDING,Nike Men's Dri-FIT Victory Golf Polo,50.0,First Class,1,1.0,50.0,0.425,1
TRANSFER,2,1,43.56,139.17,Shipping canceled,0,Golf Gloves,Miami,EE. UU.,Home Office,FL,Outdoors,LATAM,São Bernardo do Campo,Brasil,20.79,0.13,39.99,0.31,4,159.96,139.17,43.56,South America,São Paulo,SUSPECTED_FRAUD,Clicgear Rovic Cooler Bag,39.99,First Class,1,4.0,639.84,0.2723180795198799,1
DEBIT,4,4,207.94,452.04,Shipping on time,0,Cameras ,Jonesboro,EE. UU.,Consumer,AR,Technology,Europe,Rome,Italia,0.0,0.0,452.04,0.46,1,452.04,452.04,207.94,Southern Europe,Lacio,COMPLETE,Web Camera,452.04,Standard Class,0,0.25,452.04,0.4600035395097778,0
DEBIT,2,1,89.09,296.98,Late delivery,1,Camping & Hiking,Las Vegas,EE. UU.,Consumer,NV,Fan Shop,Europe,Nuremberg,Alemania,3.0,0.01,299.98,0.3,1,299.98,296.98,89.09,Western Europe,Bavaria,COMPLETE,Diamondback Women's Serene Classic Comfort Bi,299.98,First Class,1,1.0,299.98,0.2969864657643843,1
TRANSFER,3,2,-76.43,127.39,Late delivery,1,Men's Footwear,Tampa,EE. UU.,Corporate,FL,Apparel,Pacific Asia,Manila,Filipinas,2.6,0.02,129.99,-0.6,1,129.99,127.39,-76.43,Southeast Asia,Capital Nacional,PROCESSING,Nike Men's CJ Elite 2 TD Football Cleat,129.99,Second Class,1,0.5,129.99,-0.5879683052542504,0
DEBIT,3,4,116.15,351.98,Advance shipping,0,Fishing,Hanover,EE. UU.,Corporate,PA,Fan Shop,LATAM,La Romana,República Dominicana,48.0,0.12,399.98,0.33,1,399.98,351.98,116.15,Caribbean,La Romana,COMPLETE,Field & Stream Sportsman 16 Gun Fire Safe,399.98,Standard Class,-1,0.25,399.98,0.2903895194759738,0
TRANSFER,2,1,30.4,189.99,Shipping canceled,0,Water Sports,Hayward,EE. UU.,Home Office,CA,Fan Shop,USCA,Peoria,Estados Unidos,10.0,0.05,199.99,0.16,1,199.99,189.99,30.4,West of USA ,Arizona,SUSPECTED_FRAUD,Pelican Sunstream 100 Kayak,199.99,First Class,1,1.0,199.99,0.1520076003800189,1
TRANSFER,2,4,-155.19,193.99,Advance shipping,0,Water Sports,Caguas,Puerto Rico,Home Office,PR,Fan Shop,LATAM,Tegucigalpa,Honduras,6.0,0.03,199.99,-0.8,1,199.99,193.99,-155.19,Central America,Francisco Morazán,PENDING,Pelican Sunstream 100 Kayak,199.99,Standard Class,-2,0.25,199.99,-0.7759887994399719,0
TRANSFER,4,2,91.78,203.97,Shipping canceled,0,Cleats,Philadelphia,EE. UU.,Consumer,PA,Apparel,LATAM,Cuscatancingo,El Salvador,35.99,0.15,59.99,0.45,4,239.96,203.97,91.78,Central America,San Salvador,CANCELED,Perfect Fitness Perfect Rip Deck,59.99,Second Class,2,2.0,959.84,0.3824804134022337,0
TRANSFER,2,2,32.17,98.99,Shipping on time,0,Cardio Equipment,Saint Paul,EE. UU.,Consumer,MN,Footwear,LATAM,Tuxtla Gutiérrez,México,1.0,0.01,99.99,0.33,1,99.99,98.99,32.17,Central America,Chiapas,PENDING,Nike Men's Free 5.0+ Running Shoe,99.99,Second Class,0,0.5,99.99,0.3217321732173218,0
TRANSFER,5,2,-6.3,126.09,Late delivery,1,Men's Footwear,Greensboro,EE. UU.,Consumer,NC,Apparel,LATAM,Santiago de los Caballeros,República Dominicana,3.9,0.03,129.99,-0.05,1,129.99,126.09,-6.3,Caribbean,Santiago de Chile,PENDING,Nike Men's CJ Elite 2 TD Football Cleat,129.99,Second Class,3,0.5,129.99,-0.048465266558966,0
TRANSFER,6,4,-9.78,59.99,Late delivery,1,Cleats,Spring Valley,EE. UU.,Consumer,CA,Apparel,LATAM,San Salvador,El Salvador,0.0,0.0,59.99,-0.16,1,59.99,59.99,-9.78,Central America,San Salvador,PENDING,Perfect Fitness Perfect Rip Deck,59.99,Standard Class,2,0.25,59.99,-0.1630271711951992,0
TRANSFER,2,2,57.91,178.17,Shipping on time,0,Cleats,Brooklyn,EE. UU.,Home Office,NY,Apparel,Africa,Algiers,Argelia,1.8,0.01,59.99,0.33,3,179.97,178.17,57.91,North Africa,Alger,PROCESSING,Perfect Fitness Perfect Rip Deck,59.99,Second Class,0,1.5,539.91,0.3217758515308107,0
DEBIT,2,2,40.84,112.5,Shipping on time,0,Women's Apparel,Ogden,EE. UU.,Consumer,UT,Golf,LATAM,San Luis,Argentina,37.5,0.25,50.0,0.36,3,150.0,112.5,40.84,South America,San Luis,COMPLETE,Nike Men's Dri-FIT Victory Golf Polo,50.0,Second Class,0,1.5,450.0,0.2722666666666667,0
CASH,5,4,7.43,19.8,Late delivery,1,Hockey,Fremont,EE. UU.,Consumer,CA,Fitness,Pacific Asia,Brisbane,Australia,2.2,0.1,22.0,0.38,1,22.0,19.8,7.43,Oceania,Queensland,CLOSED,Nike Dri-FIT Crew Sock 6 Pack,22.0,Standard Class,1,0.25,22.0,0.3377272727272727,0
PAYMENT,2,2,84.38,187.5,Shipping on time,0,Women's Apparel,Sunnyvale,EE. UU.,Corporate,CA,Golf,Africa,Harare,Zimbabue,62.5,0.25,50.0,0.45,5,250.0,187.5,84.38,East Africa,Harare,PENDING_PAYMENT,Nike Men's Dri-FIT Victory Golf Polo,50.0,Second Class,0,2.5,1250.0,0.33752,0
PAYMENT,2,1,37.32,128.69,Late delivery,1,Men's Footwear,Miami,EE. UU.,Consumer,FL,Apparel,USCA,Seattle,Estados Unidos,1.3,0.01,129.99,0.29,1,129.99,128.69,37.32,West of USA ,Washington,PENDING_PAYMENT,Nike Men's CJ Elite 2 TD Football Cleat,129.99,First Class,1,1.0,129.99,0.2870990076159704,1
CASH,6,4,6.58,58.19,Late delivery,1,Cleats,Dearborn,EE. UU.,Consumer,MI,Apparel,Pacific Asia,Shenyang,China,1.8,0.03,59.99,0.11,1,59.99,58.19,6.58,Eastern Asia,Liaoning,CLOSED,Perfect Fitness Perfect Rip Deck,59.99,Standard Class,2,0.25,59.99,0.1096849474912485,0
TRANSFER,5,4,84.38,290.98,Late delivery,1,Camping & Hiking,Caguas,Puerto Rico,Corporate,PR,Fan Shop,Europe,Colmar,Francia,9.0,0.03,299.98,0.29,1,299.98,290.98,84.38,Western Europe,Alsacia-Champaña-Ardenas-Lorena,PROCESSING,Diamondback Women's Serene Classic Comfort Bi,299.98,Standard Class,1,0.25,299.98,0.2812854190279352,0
TRANSFER,6,4,42.41,130.5,Late delivery,1,Women's Apparel,Caguas,Puerto Rico,Consumer,PR,Golf,Europe,Olivet,Francia,19.5,0.13,50.0,0.33,3,150.0,130.5,42.41,Western Europe,Centro-Valle de Loira,PENDING,Nike Men's Dri-FIT Victory Golf Polo,50.0,Standard Class,2,0.75,450.0,0.2827333333333333,0
PAYMENT,3,4,46.79,179.97,Advance shipping,0,Cleats,Wyoming,EE. UU.,Corporate,MI,Apparel,LATAM,Presidencia Roque Sáenz Peña,Argentina,0.0,0.0,59.99,0.26,3,179.97,179.97,46.79,South America,Chaco,PENDING_PAYMENT,Perfect Fitness Perfect Rip Deck,59.99,Standard Class,-1,0.75,539.91,0.2599877757404011,0
DEBIT,6,4,93.59,239.98,Late delivery,1,Camping & Hiking,Caguas,Puerto Rico,Consumer,PR,Fan Shop,LATAM,Soyapango,El Salvador,60.0,0.2,299.98,0.39,1,299.98,239.98,93.59,Central America,San Salvador,COMPLETE,Diamondback Women's Serene Classic Comfort Bi,299.98,Standard Class,2,0.25,299.98,0.3119874658310554,0
CASH,6,2,87.42,185.99,Late delivery,1,Water Sports,Aurora,EE. UU.,Consumer,CO,Fan Shop,Europe,Offenburg,Alemania,14.0,0.07,199.99,0.47,1,199.99,185.99,87.42,Western Europe,Baden-Wurtemberg,CLOSED,Pelican Sunstream 100 Kayak,199.99,Second Class,4,0.5,199.99,0.4371218560928046,0
DEBIT,2,1,32.2,284.98,Late delivery,1,Camping & Hiking,South San Francisco,EE. UU.,Consumer,CA,Fan Shop,LATAM,San Juan,Argentina,15.0,0.05,299.98,0.11,1,299.98,284.98,32.2,South America,San Juan,COMPLETE,Diamondback Women's Serene Classic Comfort Bi,299.98,First Class,1,1.0,299.98,0.1073404893659577,1
TRANSFER,2,4,3.67,13.59,Advance shipping,0,Trade-In,Greeley,EE. UU.,Corporate,CO,Outdoors,Pacific Asia,Cainta,Filipinas,2.4,0.15,15.99,0.27,1,15.99,13.59,3.67,Southeast Asia,Calabarzón,PROCESSING,Glove It Urban Brick Golf Towel,15.99,Standard Class,-2,0.25,15.99,0.2295184490306441,0
DEBIT,4,4,3.73,49.79,Shipping on time,0,Cleats,Portland,EE. UU.,Home Office,OR,Apparel,Europe,Rambouillet,Francia,10.2,0.17,59.99,0.08,1,59.99,49.79,3.73,Western Europe,Isla de Francia,COMPLETE,Perfect Fitness Perfect Rip Deck,59.99,Standard Class,0,0.25,59.99,0.0621770295049174,0
DEBIT,2,4,9.56,127.5,Advance shipping,0,Women's Apparel,Loveland,EE. UU.,Corporate,OH,Golf,Europe,Manresa,España,22.5,0.15,50.0,0.08,3,150.0,127.5,9.56,Southern Europe,Cataluña,ON_HOLD,Nike Men's Dri-FIT Victory Golf Polo,50.0,Standard Class,-2,0.75,450.0,0.0637333333333333,0
TRANSFER,2,1,71.7,149.38,Late delivery,1,Cleats,Los Angeles,EE. UU.,Corporate,CA,Apparel,Pacific Asia,Ajman,Emiratos Árabes Unidos,30.59,0.17,59.99,0.48,3,179.97,149.38,71.7,West Asia,Ajmán,PROCESSING,Perfect Fitness Perfect Rip Deck,59.99,First Class,1,3.0,539.91,0.3983997332888815,1
PAYMENT,6,4,67.85,260.96,Late delivery,1,Cleats,Arlington,EE. UU.,Consumer,TX,Apparel,Pacific Asia,Medina,Arabia Saudí,38.99,0.13,59.99,0.26,5,299.95,260.96,67.85,West Asia,Medina,PENDING_PAYMENT,Perfect Fitness Perfect Rip Deck,59.99,Standard Class,2,1.25,1499.75,0.2262043673945657,0
CASH,6,4,9.45,126.0,Late delivery,1,Women's Apparel,Las Vegas,EE. UU.,Home Office,NV,Golf,LATAM,Caucaia,Brasil,24.0,0.16,50.0,0.08,3,150.0,126.0,9.45,South America,Ceará,CLOSED,Nike Men's Dri-FIT Victory Golf Polo,50.0,Standard Class,2,0.75,450.0,0.063,0
TRANSFER,4,4,85.0,169.99,Shipping on time,0,Water Sports,Caguas,Puerto Rico,Home Office,PR,Fan Shop,Europe,Ramnicu Valcea,Rumania,30.0,0.15,199.99,0.5,1,199.99,169.99,85.0,Eastern Europe,Vâlcea,PROCESSING,Pelican Sunstream 100 Kayak,199.99,Standard Class,0,0.25,199.99,0.4250212510625531,0
TRANSFER,3,4,4.76,27.04,Advance shipping,0,Books ,Mcallen,EE. UU.,Home Office,TX,Book Shop,Europe,Milan,Italia,4.04,0.13,31.08,0.18,1,31.08,27.04,4.76,Southern Europe,Lombardía,PENDING,Sports Books ,31.08,Standard Class,-1,0.25,31.08,0.1531531531531531,0
DEBIT,5,4,18.42,81.87,Late delivery,1,Hunting & Shooting,Ventura,EE. UU.,Consumer,CA,Fan Shop,USCA,Arlington,Estados Unidos,8.1,0.09,29.99,0.23,3,89.97,81.87,18.42,US Center ,Texas,COMPLETE,ENO Atlas Hammock Straps,29.99,Standard Class,1,0.75,269.91,0.2047349116372124,0
TRANSFER,2,1,25.0,50.0,Late delivery,1,Women's Apparel,Long Beach,EE. UU.,Home Office,CA,Golf,LATAM,Juárez,México,0.0,0.0,50.0,0.5,1,50.0,50.0,25.0,Central America,Chihuahua,PROCESSING,Nike Men's Dri-FIT Victory Golf Polo,50.0,First Class,1,1.0,50.0,0.5,1
DEBIT,2,1,54.81,188.99,Late delivery,1,Water Sports,Caguas,Puerto Rico,Corporate,PR,Fan Shop,LATAM,Salamanca,México,11.0,0.06,199.99,0.29,1,199.99,188.99,54.81,Central America,Guanajuato,COMPLETE,Pelican Sunstream 100 Kayak,199.99,First Class,1,1.0,199.99,0.2740637031851592,1
DEBIT,3,4,-2.06,158.37,Advance shipping,0,Cleats,Caguas,Puerto Rico,Home Office,PR,Apparel,LATAM,San Pedro Sula,Honduras,21.6,0.12,59.99,-0.01,3,179.97,158.37,-2.06,Central America,Cortés,COMPLETE,Perfect Fitness Perfect Rip Deck,59.99,Standard Class,-1,0.75,539.91,-0.011446352169806,0
PAYMENT,3,4,110.46,230.12,Advance shipping,0,Consumer Electronics,Ann Arbor,EE. UU.,Consumer,MI,Technology,Pacific Asia,Manila,Filipinas,22.76,0.09,252.88,0.48,1,252.88,230.12,110.46,Southeast Asia,Capital Nacional,PENDING_PAYMENT,Industrial consumer electronics,252.88,Standard Class,-1,0.25,252.88,0.4368079721607086,0
TRANSFER,4,4,66.47,189.92,Shipping on time,0,Indoor/Outdoor Games,Williamsport,EE. UU.,Corporate,PA,Fan Shop,Europe,Fontaine,Francia,10.0,0.05,49.98,0.35,4,199.92,189.92,66.47,Western Europe,Auvernia-Ródano-Alpes,PENDING,O'Brien Men's Neoprene Life Vest,49.98,Standard Class,0,1.0,799.68,0.3324829931972789,0
DEBIT,1,0,17.1,170.97,Late delivery,1,Cleats,National City,EE. UU.,Consumer,CA,Apparel,Europe,Barcelona,España,9.0,0.05,59.99,0.1,3,179.97,170.97,17.1,Southern Europe,Cataluña,COMPLETE,Perfect Fitness Perfect Rip Deck,59.99,Same Day,1,inf,539.91,0.0950158359726621,1
TRANSFER,2,1,42.5,424.96,Late delivery,1,Cardio Equipment,Pawtucket,EE. UU.,Corporate,RI,Footwear,Pacific Asia,Manukau City,Nueva Zelanda,74.99,0.15,99.99,0.1,5,499.95,424.96,42.5,Oceania,Auckland,PROCESSING,Nike Men's Free 5.0+ Running Shoe,99.99,First Class,1,5.0,2499.75,0.085008500850085,1
DEBIT,5,2,-33.61,50.39,Late delivery,1,Cleats,Middletown,EE. UU.,Home Office,CT,Apparel,LATAM,Zapopan,México,9.6,0.16,59.99,-0.67,1,59.99,50.39,-33.61,Central America,Jalisco,COMPLETE,Perfect Fitness Perfect Rip Deck,59.99,Second Class,3,0.5,59.99,-0.5602600433405567,0
TRANSFER,5,4,53.12,118.06,Late delivery,1,Electronics,Palo Alto,EE. UU.,Consumer,CA,Outdoors,USCA,Los Angeles,Estados Unidos,25.91,0.18,47.99,0.45,3,143.97,118.06,53.12,West of USA ,California,PROCESSING,Titleist Pro V1x Golf Balls,47.99,Standard Class,1,0.75,431.91,0.3689657567548794,0
DEBIT,3,4,79.67,165.98,Advance shipping,0,Cardio Equipment,Caguas,Puerto Rico,Corporate,PR,Footwear,Pacific Asia,Pasig,Filipinas,34.0,0.17,99.99,0.48,2,199.98,165.98,79.67,Southeast Asia,Capital Nacional,ON_HOLD,Nike Men's Free 5.0+ Running Shoe,99.99,Standard Class,-1,0.5,399.96,0.3983898389838984,0
TRANSFER,5,4,-510.27,188.99,Late delivery,1,Water Sports,Carlsbad,EE. UU.,Consumer,CA,Fan Shop,Europe,Hamburgo,Alemania,11.0,0.06,199.99,-2.7,1,199.99,188.99,-510.27,Western Europe,Hamburgo,PROCESSING,Pelican Sunstream 100 Kayak,199.99,Standard Class,1,0.25,199.99,-2.5514775738786937,0
DEBIT,5,4,62.4,239.98,Late delivery,1,Camping & Hiking,Mayaguez,Puerto Rico,Consumer,PR,Fan Shop,Pacific Asia,Mashhad,Irán,60.0,0.2,299.98,0.26,1,299.98,239.98,62.4,South Asia,Jorasán Razaví,ON_HOLD,Diamondback Women's Serene Classic Comfort Bi,299.98,Standard Class,1,0.25,299.98,0.2080138675911727,0
TRANSFER,3,2,-1.02,72.75,Shipping canceled,0,Girls' Apparel,New Orleans,EE. UU.,Consumer,LA,Golf,Pacific Asia,Hobart,Australia,2.25,0.03,25.0,-0.01,3,75.0,72.75,-1.02,Oceania,Tasmania,CANCELED,adidas Men's Germany Black Crest Away Tee,25.0,Second Class,1,1.5,225.0,-0.0136,0
TRANSFER,2,2,46.8,97.49,Shipping on time,0,Men's Footwear,Brooklyn,EE. UU.,Home Office,NY,Apparel,Europe,Heerlen,Países Bajos,32.5,0.25,129.99,0.48,1,129.99,97.49,46.8,Western Europe,Limburgo,PENDING,Nike Men's CJ Elite 2 TD Football Cleat,129.99,Second Class,0,0.5,129.99,0.3600276944380337,0
TRANSFER,6,2,6.72,106.59,Late delivery,1,Men's Footwear,Caguas,Puerto Rico,Consumer,PR,Apparel,Pacific Asia,Tamworth,Australia,23.4,0.18,129.99,0.06,1,129.99,106.59,6.72,Oceania,Nueva Gales del Sur,PROCESSING,Nike Men's CJ Elite 2 TD Football Cleat,129.99,Second Class,4,0.5,129.99,0.0516962843295638,0
DEBIT,4,4,-531.17,331.98,Shipping on time,0,Fishing,Caguas,Puerto Rico,Consumer,PR,Fan Shop,USCA,Lawrence,Estados Unidos,68.0,0.17,399.98,-1.6,1,399.98,331.98,-531.17,East of USA,Massachusetts,COMPLETE,Field & Stream Sportsman 16 Gun Fire Safe,399.98,Standard Class,0,0.25,399.98,-1.3279913995699784,0
CASH,6,4,21.74,47.25,Late delivery,1,Women's Apparel,Caguas,Puerto Rico,Consumer,PR,Golf,USCA,Richmond,Estados Unidos,2.75,0.06,50.0,0.46,1,50.0,47.25,21.74,South of  USA ,Kentucky,CLOSED,Nike Men's Dri-FIT Victory Golf Polo,50.0,Standard Class,2,0.25,50.0,0.4347999999999999,0
DEBIT,6,2,58.6,127.39,Late delivery,1,Men's Footwear,Cleveland,EE. UU.,Consumer,OH,Apparel,LATAM,Barreirinhas,Brasil,2.6,0.02,129.99,0.46,1,129.99,127.39,58.6,South America,Marañón,COMPLETE,Nike Men's CJ Elite 2 TD Football Cleat,129.99,Second Class,4,0.5,129.99,0.4508039079929225,0
TRANSFER,6,4,-142.19,193.99,Late delivery,1,Water Sports,Caguas,Puerto Rico,Consumer,PR,Fan Shop,LATAM,Bogotá,Colombia,6.0,0.03,199.99,-0.73,1,199.99,193.99,-142.19,South America,Bogotá,PENDING,Pelican Sunstream 100 Kayak,199.99,Standard Class,2,0.25,199.99,-0.7109855492774638,0
DEBIT,5,4,-143.94,239.9,Late delivery,1,Indoor/Outdoor Games,Caguas,Puerto Rico,Corporate,PR,Fan Shop,Africa,Lagos,Nigeria,10.0,0.04,49.98,-0.6,5,249.9,239.9,-143.94,West Africa,Lagos,COMPLETE,O'Brien Men's Neoprene Life Vest,49.98,Standard Class,1,1.25,1249.5,-0.5759903961584634,0
TRANSFER,2,4,114.84,395.99,Advance shipping,0,Kids' Golf Clubs,Hollywood,EE. UU.,Home Office,FL,Outdoors,Europe,Viena,Austria,4.0,0.01,399.99,0.29,1,399.99,395.99,114.84,Western Europe,Viena,PROCESSING,Garmin Forerunner 910XT GPS Watch,399.99,Standard Class,-2,0.25,399.99,0.287107177679442,0
PAYMENT,3,4,94.57,290.98,Advance shipping,0,Camping & Hiking,Mission Viejo,EE. UU.,Corporate,CA,Fan Shop,LATAM,Mexico City,México,9.0,0.03,299.98,0.33,1,299.98,290.98,94.57,Central America,Distrito Federal,PENDING_PAYMENT,Diamondback Women's Serene Classic Comfort Bi,299.98,Standard Class,-1,0.25,299.98,0.3152543502900193,0
CASH,2,1,31.52,278.98,Late delivery,1,Camping & Hiking,Fontana,EE. UU.,Home Office,CA,Fan Shop,Europe,Munich,Alemania,21.0,0.07,299.98,0.11,1,299.98,278.98,31.52,Western Europe,Bavaria,CLOSED,Diamondback Women's Serene Classic Comfort Bi,299.98,First Class,1,1.0,299.98,0.1050736715781052,1
DEBIT,2,2,49.92,103.99,Shipping on time,0,Men's Footwear,Caguas,Puerto Rico,Consumer,PR,Apparel,Africa,Chitungwiza,Zimbabue,26.0,0.2,129.99,0.48,1,129.99,103.99,49.92,East Africa,Harare,COMPLETE,Nike Men's CJ Elite 2 TD Football Cleat,129.99,Second Class,0,0.5,129.99,0.3840295407339026,0
PAYMENT,2,4,62.39,191.97,Advance shipping,0,Cleats,Caguas,Puerto Rico,Corporate,PR,Apparel,USCA,Philadelphia,Estados Unidos,47.99,0.2,59.99,0.33,4,239.96,191.97,62.39,East of USA,Pensilvania,PENDING_PAYMENT,Perfect Fitness Perfect Rip Deck,59.99,Standard Class,-2,1.0,959.84,0.2600016669444907,0
DEBIT,6,4,69.68,191.97,Late delivery,1,Cleats,Alhambra,EE. UU.,Corporate,CA,Apparel,USCA,Los Angeles,Estados Unidos,47.99,0.2,59.99,0.36,4,239.96,191.97,69.68,West of USA ,California,COMPLETE,Perfect Fitness Perfect Rip Deck,59.99,Standard Class,2,1.0,959.84,0.2903817302883814,0
DEBIT,5,4,82.87,254.97,Late delivery,1,Cardio Equipment,Gwynn Oak,EE. UU.,Home Office,MD,Footwear,Europe,Klagenfurt,Austria,45.0,0.15,99.99,0.33,3,299.97,254.97,82.87,Western Europe,Carintia,COMPLETE,Nike Men's Free 5.0+ Running Shoe,99.99,Standard Class,1,0.75,899.9100000000001,0.2762609594292762,0
DEBIT,3,2,59.0,174.56,Late delivery,1,Tennis & Racquet,Baltimore,EE. UU.,Corporate,MD,Fitness,LATAM,Villa Nueva,Guatemala,5.4,0.03,44.99,0.34,4,179.96,174.56,59.0,Central America,Guatemala,ON_HOLD,Nike Men's Comfort 2 Slide,44.99,Second Class,1,2.0,719.84,0.3278506334741053,0
PAYMENT,2,4,77.86,230.36,Advance shipping,0,Cleats,Caguas,Puerto Rico,Consumer,PR,Apparel,Pacific Asia,Palembang,Indonesia,9.6,0.04,59.99,0.34,4,239.96,230.36,77.86,Southeast Asia,Sumatra Meridional,PENDING_PAYMENT,Perfect Fitness Perfect Rip Deck,59.99,Standard Class,-2,1.0,959.84,0.3244707451241873,0
PAYMENT,4,4,-215.33,130.5,Shipping on time,0,Women's Apparel,Caguas,Puerto Rico,Consumer,PR,Golf,LATAM,Bogotá,Colombia,19.5,0.13,50.0,-1.65,3,150.0,130.5,-215.33,South America,Bogotá,PAYMENT_REVIEW,Nike Men's Dri-FIT Victory Golf Polo,50.0,Standard Class,0,0.75,450.0,-1.435533333333333,0
DEBIT,3,2,15.18,48.5,Late delivery,1,Women's Apparel,Caguas,Puerto Rico,Consumer,PR,Golf,Pacific Asia,Katoomba,Australia,1.5,0.03,50.0,0.31,1,50.0,48.5,15.18,Oceania,Nueva Gales del Sur,COMPLETE,Nike Men's Dri-FIT Victory Golf Polo,50.0,Second Class,1,0.5,50.0,0.3036,0
DEBIT,5,4,75.65,290.97,Late delivery,1,Cardio Equipment,Caguas,Puerto Rico,Corporate,PR,Footwear,LATAM,Chinandega,Nicaragua,9.0,0.03,99.99,0.26,3,299.97,290.97,75.65,Central America,Chinandega,COMPLETE,Nike Men's Free 5.0+ Running Shoe,99.99,Standard Class,1,0.75,899.9100000000001,0.2521918858552522,0
DEBIT,4,2,56.51,122.84,Late delivery,1,Men's Footwear,Caguas,Puerto Rico,Corporate,PR,Apparel,Pacific Asia,Taizz,Yemen,7.15,0.06,129.99,0.46,1,129.99,122.84,56.51,West Asia,Taiz,COMPLETE,Nike Men's CJ Elite 2 TD Football Cleat,129.99,Second Class,2,0.5,129.99,0.4347257481344718,0
CASH,2,4,85.49,284.98,Advance shipping,0,Camping & Hiking,Hialeah,EE. UU.,Home Office,FL,Fan Shop,LATAM,Guasave,México,15.0,0.05,299.98,0.3,1,299.98,284.98,85.49,Central America,Sinaloa,CLOSED,Diamondback Women's Serene Classic Comfort Bi,299.98,Standard Class,-2,0.25,299.98,0.2849856657110474,0
PAYMENT,3,4,55.68,192.0,Advance shipping,0,Women's Apparel,Los Angeles,EE. UU.,Corporate,CA,Golf,Pacific Asia,Geelong,Australia,8.0,0.04,50.0,0.29,4,200.0,192.0,55.68,Oceania,Victoria,PENDING_PAYMENT,Nike Men's Dri-FIT Victory Golf Polo,50.0,Standard Class,-1,1.0,800.0,0.2784,0
DEBIT,2,1,64.6,189.99,Late delivery,1,Water Sports,Manati,Puerto Rico,Consumer,PR,Fan Shop,USCA,Los Angeles,Estados Unidos,10.0,0.05,199.99,0.34,1,199.99,189.99,64.6,West of USA ,California,COMPLETE,Pelican Sunstream 100 Kayak,199.99,First Class,1,1.0,199.99,0.3230161508075403,1
PAYMENT,2,1,133.85,290.98,Late delivery,1,Camping & Hiking,Brooklyn,EE. UU.,Consumer,NY,Fan Shop,Europe,Villach,Austria,9.0,0.03,299.98,0.46,1,299.98,290.98,133.85,Western Europe,Carintia,PENDING_PAYMENT,Diamondback Women's Serene Classic Comfort Bi,299.98,First Class,1,1.0,299.98,0.4461964130942062,1
DEBIT,2,4,-16.12,38.39,Advance shipping,0,Shop By Sport,Caguas,Puerto Rico,Corporate,PR,Golf,Europe,Aschaffenburg,Alemania,1.6,0.04,39.99,-0.42,1,39.99,38.39,-16.12,Western Europe,Bavaria,COMPLETE,Under Armour Girls' Toddler Spine Surge Runni,39.99,Standard Class,-2,0.25,39.99,-0.4031007751937984,0
CASH,2,1,68.85,237.41,Late delivery,1,Indoor/Outdoor Games,Des Plaines,EE. UU.,Consumer,IL,Fan Shop,Europe,Stockport,Reino Unido,12.5,0.05,49.98,0.29,5,249.9,237.41,68.85,Northern Europe,Inglaterra,CLOSED,O'Brien Men's Neoprene Life Vest,49.98,First Class,1,5.0,1249.5,0.2755102040816326,1
DEBIT,2,1,83.15,296.98,Late delivery,1,Camping & Hiking,Caguas,Puerto Rico,Home Office,PR,Fan Shop,Europe,Ipswich,Reino Unido,3.0,0.01,299.98,0.28,1,299.98,296.98,83.15,Northern Europe,Inglaterra,COMPLETE,Diamondback Women's Serene Classic Comfort Bi,299.98,First Class,1,1.0,299.98,0.2771851456763784,1
PAYMENT,3,4,-20.87,104.37,Advance shipping,0,Shop By Sport,Billings,EE. UU.,Consumer,MT,Golf,USCA,Chicago,Estados Unidos,15.6,0.13,39.99,-0.2,3,119.97,104.37,-20.87,US Center ,Illinois,PENDING_PAYMENT,Under Armour Girls' Toddler Spine Surge Runni,39.99,Standard Class,-1,0.75,359.91,-0.1739601567058431,0
TRANSFER,5,2,-202.47,263.97,Shipping canceled,0,Cardio Equipment,Milwaukee,EE. UU.,Home Office,WI,Footwear,Pacific Asia,Caloocan,Filipinas,36.0,0.12,99.99,-0.77,3,299.97,263.97,-202.47,Southeast Asia,Capital Nacional,CANCELED,Nike Men's Free 5.0+ Running Shoe,99.99,Second Class,3,1.5,899.9100000000001,-0.6749674967496749,0
DEBIT,2,2,7.89,90.69,Shipping on time,0,Electronics,Caguas,Puerto Rico,Consumer,PR,Outdoors,LATAM,Holguín,Cuba,5.28,0.06,31.99,0.09,3,95.97,90.69,7.89,Caribbean,Holguín,ON_HOLD,Bridgestone e6 Straight Distance NFL Carolina,31.99,Second Class,0,1.5,287.91,0.082213191622382,0
CASH,6,4,-8.18,46.5,Late delivery,1,Women's Apparel,Victorville,EE. UU.,Home Office,CA,Golf,Pacific Asia,Ho Chi Minh City,Vietnam,3.5,0.07,50.0,-0.18,1,50.0,46.5,-8.18,Southeast Asia,Ciudad Ho Chi Minh,CLOSED,Nike Men's Dri-FIT Victory Golf Polo,50.0,Standard Class,2,0.25,50.0,-0.1636,0
CASH,4,4,50.07,159.98,Shipping on time,0,Cardio Equipment,West New York,EE. UU.,Consumer,NJ,Footwear,Africa,Owo,Nigeria,40.0,0.2,99.99,0.31,2,199.98,159.98,50.07,West Africa,Ondo,CLOSED,Nike Men's Free 5.0+ Running Shoe,99.99,Standard Class,0,0.5,399.96,0.2503750375037504,0
PAYMENT,6,2,5.46,54.59,Late delivery,1,Cleats,Bayonne,EE. UU.,Consumer,NJ,Apparel,Europe,Ceuta,España,5.4,0.09,59.99,0.1,1,59.99,54.59,5.46,Southern Europe,Ceuta,PENDING_PAYMENT,Perfect Fitness Perfect Rip Deck,59.99,Second Class,4,0.5,59.99,0.0910151691948658,0
DEBIT,5,2,47.0,99.99,Late delivery,1,Cardio Equipment,Caguas,Puerto Rico,Consumer,PR,Footwear,LATAM,Panama City,Panamá,0.0,0.0,99.99,0.47,1,99.99,99.99,47.0,Central America,Panamá,ON_HOLD,Nike Men's Free 5.0+ Running Shoe,99.99,Second Class,3,0.5,99.99,0.47004700470047,0
DEBIT,3,4,-600.57,363.98,Advance shipping,0,Fishing,Caguas,Puerto Rico,Consumer,PR,Fan Shop,LATAM,Guayaquil,Ecuador,36.0,0.09,399.98,-1.65,1,399.98,363.98,-600.57,South America,Guayas,COMPLETE,Field & Stream Sportsman 16 Gun Fire Safe,399.98,Standard Class,-1,0.25,399.98,-1.5015000750037502,0
DEBIT,5,4,43.65,139.44,Late delivery,1,Indoor/Outdoor Games,Caguas,Puerto Rico,Home Office,PR,Fan Shop,Pacific Asia,Guwahati,India,10.5,0.07,49.98,0.31,3,149.94,139.44,43.65,South Asia,Assam,COMPLETE,O'Brien Men's Neoprene Life Vest,49.98,Standard Class,1,0.75,449.82,0.2911164465786314,0
DEBIT,6,4,87.33,181.93,Late delivery,1,Indoor/Outdoor Games,Caguas,Puerto Rico,Corporate,PR,Fan Shop,LATAM,San Francisco de Macorís,República Dominicana,17.99,0.09,49.98,0.48,4,199.92,181.93,87.33,Caribbean,Duarte,COMPLETE,O'Brien Men's Neoprene Life Vest,49.98,Standard Class,2,1.0,799.68,0.4368247298919568,0
CASH,1,0,27.9,371.98,Late delivery,1,Fishing,Escondido,EE. UU.,Consumer,CA,Fan Shop,Africa,Port Said,Egipto,28.0,0.07,399.98,0.08,1,399.98,371.98,27.9,North Africa,Puerto Saíd,CLOSED,Field & Stream Sportsman 16 Gun Fire Safe,399.98,Same Day,1,inf,399.98,0.0697534876743837,1
TRANSFER,2,1,42.68,387.98,Late delivery,1,Fishing,Caguas,Puerto Rico,Home Office,PR,Fan Shop,Pacific Asia,Depok,Indonesia,12.0,0.03,399.98,0.11,1,399.98,387.98,42.68,Southeast Asia,Yogyakarta,PROCESSING,Field & Stream Sportsman 16 Gun Fire Safe,399.98,First Class,1,1.0,399.98,0.1067053352667633,1
DEBIT,2,2,0.87,87.12,Shipping on time,0,Hockey,Fort Washington,EE. UU.,Consumer,MD,Fitness,Europe,Toulouse,Francia,0.88,0.01,22.0,0.01,4,88.0,87.12,0.87,Western Europe,Languedoc-Rosellón-Mediodía-Pirineos,COMPLETE,Nike Dri-FIT Crew Sock 6 Pack,22.0,Second Class,0,2.0,352.0,0.0098863636363636,0
TRANSFER,2,1,116.36,447.52,Late delivery,1,Cameras ,Elmhurst,EE. UU.,Corporate,NY,Technology,Europe,Kingswood,Reino Unido,4.52,0.01,452.04,0.26,1,452.04,447.52,116.36,Northern Europe,Inglaterra,PROCESSING,Web Camera,452.04,First Class,1,1.0,452.04,0.2574108485974692,1
DEBIT,3,4,66.15,188.99,Advance shipping,0,Water Sports,Caguas,Puerto Rico,Home Office,PR,Fan Shop,Europe,Amadora,Portugal,11.0,0.06,199.99,0.35,1,199.99,188.99,66.15,Southern Europe,Lisboa,COMPLETE,Pelican Sunstream 100 Kayak,199.99,Standard Class,-1,0.25,199.99,0.3307665383269164,0
DEBIT,0,0,141.11,293.98,Shipping on time,0,Camping & Hiking,Bronx,EE. UU.,Consumer,NY,Fan Shop,LATAM,Querétaro,México,6.0,0.02,299.98,0.48,1,299.98,293.98,141.11,Central America,Querétaro,COMPLETE,Diamondback Women's Serene Classic Comfort Bi,299.98,Same Day,0,inf,299.98,0.4703980265351024,1
CASH,5,2,58.65,124.79,Late delivery,1,Men's Footwear,Elyria,EE. UU.,Corporate,OH,Apparel,Pacific Asia,Visakhapatnam,India,5.2,0.04,129.99,0.47,1,129.99,124.79,58.65,South Asia,Andhra Pradesh,CLOSED,Nike Men's CJ Elite 2 TD Football Cleat,129.99,Second Class,3,0.5,129.99,0.4511885529656127,0
DEBIT,1,0,-6.18,33.79,Late delivery,1,Video Games,Brooklyn,EE. UU.,Consumer,NY,Discs Shop,Pacific Asia,Yakarta,Indonesia,5.96,0.15,39.75,-0.18,1,39.75,33.79,-6.18,Southeast Asia,Yakarta,ON_HOLD,Fighting video games,39.75,Same Day,1,inf,39.75,-0.1554716981132075,1
CASH,4,4,16.36,148.76,Shipping on time,0,Shop By Sport,San Francisco,EE. UU.,Consumer,CA,Golf,USCA,Chicago,Estados Unidos,11.2,0.07,39.99,0.11,4,159.96,148.76,16.36,US Center ,Illinois,CLOSED,Under Armour Girls' Toddler Spine Surge Runni,39.99,Standard Class,0,1.0,639.84,0.102275568892223,0
TRANSFER,4,4,43.12,88.0,Shipping on time,0,Women's Apparel,Hollywood,EE. UU.,Consumer,FL,Golf,USCA,New York City,Estados Unidos,12.0,0.12,50.0,0.49,2,100.0,88.0,43.12,East of USA,Nueva York,PENDING,Nike Men's Dri-FIT Victory Golf Polo,50.0,Standard Class,0,0.5,200.0,0.4311999999999999,0
DEBIT,2,1,40.0,79.99,Late delivery,1,Cardio Equipment,Lawton,EE. UU.,Consumer,OK,Footwear,LATAM,Ilopango,El Salvador,20.0,0.2,99.99,0.5,1,99.99,79.99,40.0,Central America,San Salvador,COMPLETE,Nike Men's Free 5.0+ Running Shoe,99.99,First Class,1,1.0,99.99,0.4000400040004001,1
PAYMENT,2,4,-54.43,167.98,Advance shipping,0,Cardio Equipment,Union City,EE. UU.,Consumer,NJ,Footwear,USCA,Seattle,Estados Unidos,32.0,0.16,99.99,-0.32,2,199.98,167.98,-54.43,West of USA ,Washington,PENDING_PAYMENT,Nike Men's Free 5.0+ Running Shoe,99.99,Standard Class,-2,0.5,399.96,-0.2721772177217721,0
DEBIT,6,4,78.96,167.99,Late delivery,1,Water Sports,Caguas,Puerto Rico,Corporate,PR,Fan Shop,Europe,Odense,Dinamarca,32.0,0.16,199.99,0.47,1,199.99,167.99,78.96,Northern Europe,Dinamarca Meridional,COMPLETE,Pelican Sunstream 100 Kayak,199.99,Standard Class,2,0.25,199.99,0.3948197409870493,0
CASH,4,4,-35.92,109.19,Shipping on time,0,Men's Footwear,Bronx,EE. UU.,Consumer,NY,Apparel,Europe,Chorzow,Polonia,20.8,0.16,129.99,-0.33,1,129.99,109.19,-35.92,Eastern Europe,Silesia,CLOSED,Nike Men's CJ Elite 2 TD Football Cleat,129.99,Standard Class,0,0.25,129.99,-0.2763289483806446,0
PAYMENT,6,2,188.15,391.98,Late delivery,1,Fishing,Cleveland,EE. UU.,Home Office,OH,Fan Shop,Europe,Eragny,Francia,8.0,0.02,399.98,0.48,1,399.98,391.98,188.15,Western Europe,Isla de Francia,PENDING_PAYMENT,Field & Stream Sportsman 16 Gun Fire Safe,399.98,Second Class,4,0.5,399.98,0.4703985199259963,0
DEBIT,2,4,122.66,260.98,Advance shipping,0,Camping & Hiking,Tustin,EE. UU.,Corporate,CA,Fan Shop,Pacific Asia,Townsville,Australia,39.0,0.13,299.98,0.47,1,299.98,260.98,122.66,Oceania,Queensland,COMPLETE,Diamondback Women's Serene Classic Comfort Bi,299.98,Standard Class,-2,0.25,299.98,0.4088939262617507,0
PAYMENT,4,4,-198.09,296.98,Shipping on time,0,Camping & Hiking,Oceanside,EE. UU.,Corporate,CA,Fan Shop,Europe,Nice,Francia,3.0,0.01,299.98,-0.67,1,299.98,296.98,-198.09,Western Europe,Provenza-Alpes-Costa Azul,PENDING_PAYMENT,Diamondback Women's Serene Classic Comfort Bi,299.98,Standard Class,0,0.25,299.98,-0.6603440229348623,0
PAYMENT,4,4,11.1,126.09,Shipping on time,0,Men's Footwear,Milpitas,EE. UU.,Consumer,CA,Apparel,LATAM,San Salvador,El Salvador,3.9,0.03,129.99,0.09,1,129.99,126.09,11.1,Central America,San Salvador,PENDING_PAYMENT,Nike Men's CJ Elite 2 TD Football Cleat,129.99,Standard Class,0,0.25,129.99,0.0853911839372259,0
TRANSFER,2,1,143.99,299.98,Late delivery,1,Camping & Hiking,Los Angeles,EE. UU.,Corporate,CA,Fan Shop,LATAM,Itajaí,Brasil,0.0,0.0,299.98,0.48,1,299.98,299.98,143.99,South America,Santa Catarina,PROCESSING,Diamondback Women's Serene Classic Comfort Bi,299.98,First Class,1,1.0,299.98,0.4799986665777718,1
DEBIT,1,0,53.97,226.76,Late delivery,1,Cleats,Freeport,EE. UU.,Consumer,NY,Apparel,Europe,Pontault-Combault,Francia,13.2,0.06,59.99,0.24,4,239.96,226.76,53.97,Western Europe,Isla de Francia,COMPLETE,Perfect Fitness Perfect Rip Deck,59.99,Same Day,1,inf,959.84,0.2249124854142357,1
PAYMENT,6,4,2.88,32.78,Late delivery,1,Golf Balls,Caguas,Puerto Rico,Consumer,PR,Outdoors,Europe,Katowice,Polonia,7.2,0.18,19.99,0.09,2,39.98,32.78,2.88,Eastern Europe,Silesia,PENDING_PAYMENT,Glove It Women's Mod Oval Golf Glove,19.99,Standard Class,2,0.5,79.96,0.0720360180090045,0
PAYMENT,2,4,-192.75,283.45,Advance shipping,0,Cleats,Caguas,Puerto Rico,Consumer,PR,Apparel,Europe,Bologna,Italia,16.5,0.06,59.99,-0.68,5,299.95,283.45,-192.75,Southern Europe,Emilia-Romaña,PENDING_PAYMENT,Perfect Fitness Perfect Rip Deck,59.99,Standard Class,-2,1.25,1499.75,-0.6426071011835306,0
TRANSFER,6,4,26.87,95.96,Late delivery,1,Indoor/Outdoor Games,Caguas,Puerto Rico,Consumer,PR,Fan Shop,LATAM,Navegantes,Brasil,4.0,0.04,49.98,0.28,2,99.96,95.96,26.87,South America,Santa Catarina,PROCESSING,O'Brien Men's Neoprene Life Vest,49.98,Standard Class,2,0.5,199.92,0.2688075230092037,0
CASH,3,4,61.41,188.95,Advance shipping,0,Shop By Sport,Virginia Beach,EE. UU.,Consumer,VA,Golf,Pacific Asia,Christchurch,Nueva Zelanda,11.0,0.06,39.99,0.33,5,199.95,188.95,61.41,Oceania,Canterbury,CLOSED,Under Armour Girls' Toddler Spine Surge Runni,39.99,Standard Class,-1,1.25,999.75,0.3071267816954238,0
TRANSFER,5,4,62.99,179.97,Shipping canceled,0,Cleats,Tampa,EE. UU.,Consumer,FL,Apparel,Europe,Hanover,Alemania,0.0,0.0,59.99,0.35,3,179.97,179.97,62.99,Western Europe,Baja Sajonia,CANCELED,Perfect Fitness Perfect Rip Deck,59.99,Standard Class,1,0.75,539.91,0.3500027782408179,0
DEBIT,4,2,35.1,116.99,Late delivery,1,Men's Footwear,Diamond Bar,EE. UU.,Consumer,CA,Apparel,Africa,Chimoio,Mozambique,13.0,0.1,129.99,0.3,1,129.99,116.99,35.1,East Africa,Manica,COMPLETE,Nike Men's CJ Elite 2 TD Football Cleat,129.99,Second Class,2,0.5,129.99,0.2700207708285252,0
CASH,5,4,20.51,75.98,Late delivery,1,Shop By Sport,Elmhurst,EE. UU.,Consumer,NY,Golf,LATAM,Panama City,Panamá,4.0,0.05,39.99,0.27,2,79.98,75.98,20.51,Central America,Panamá,CLOSED,Under Armour Girls' Toddler Spine Surge Runni,39.99,Standard Class,1,0.5,159.96,0.2564391097774444,0
DEBIT,2,2,-16.8,168.0,Shipping on time,0,Women's Apparel,New York,EE. UU.,Consumer,NY,Golf,Pacific Asia,Perth,Australia,32.0,0.16,50.0,-0.1,4,200.0,168.0,-16.8,Oceania,Australia Occidental,COMPLETE,Nike Men's Dri-FIT Victory Golf Polo,50.0,Second Class,0,2.0,800.0,-0.084,0
TRANSFER,4,4,10.82,216.34,Shipping on time,0,Music,Carolina,Puerto Rico,Corporate,PR,Discs Shop,Pacific Asia,Daca,Bangladés,44.31,0.17,260.65,0.05,1,260.65,216.34,10.82,South Asia,Daca,PENDING,Rock music,260.65,Standard Class,0,0.25,260.65,0.0415116056013811,0
TRANSFER,2,1,71.8,149.59,Late delivery,1,DVDs,Caguas,Puerto Rico,Corporate,PR,Discs Shop,Pacific Asia,Mumbai,India,14.79,0.09,164.38,0.48,1,164.38,149.59,71.8,South Asia,Maharashtra,PENDING,DVDs ,164.38,First Class,1,1.0,164.38,0.4367927971772721,1
CASH,4,4,-156.79,195.99,Shipping on time,0,Water Sports,Buffalo,EE. UU.,Consumer,NY,Fan Shop,Europe,Mainz,Alemania,4.0,0.02,199.99,-0.8,1,199.99,195.99,-156.79,Western Europe,Renania-Palatinado,CLOSED,Pelican Sunstream 100 Kayak,199.99,Standard Class,0,0.25,199.99,-0.7839891994599729,0
TRANSFER,0,0,86.63,227.96,Shipping on time,0,Cleats,Middletown,EE. UU.,Home Office,CT,Apparel,Europe,Jena,Alemania,12.0,0.05,59.99,0.38,4,239.96,227.96,86.63,Western Europe,Turingia,PROCESSING,Perfect Fitness Perfect Rip Deck,59.99,Same Day,0,inf,959.84,0.3610185030838472,1
DEBIT,3,2,4.31,49.0,Late delivery,1,Women's Apparel,Cleveland,EE. UU.,Home Office,OH,Golf,Africa,Accra,Ghana,1.0,0.02,50.0,0.09,1,50.0,49.0,4.31,West Africa,Gran Accra,COMPLETE,Nike Men's Dri-FIT Victory Golf Polo,50.0,Second Class,1,0.5,50.0,0.0862,0
TRANSFER,5,4,71.06,377.98,Late delivery,1,Fishing,Chicago,EE. UU.,Home Office,IL,Fan Shop,Pacific Asia,Ardebil,Irán,22.0,0.06,399.98,0.19,1,399.98,377.98,71.06,South Asia,Ardebil,PROCESSING,Field & Stream Sportsman 16 Gun Fire Safe,399.98,Standard Class,1,0.25,399.98,0.1776588829441472,0
DEBIT,2,4,6.79,38.79,Advance shipping,0,Shop By Sport,Caguas,Puerto Rico,Corporate,PR,Golf,LATAM,San Miguelito,Panamá,1.2,0.03,39.99,0.18,1,39.99,38.79,6.79,Central America,Panamá,ON_HOLD,Under Armour Girls' Toddler Spine Surge Runni,39.99,Standard Class,-2,0.25,39.99,0.169792448112028,0
CASH,6,4,172.78,359.96,Late delivery,1,Cardio Equipment,Oakland,EE. UU.,Consumer,CA,Footwear,Pacific Asia,Delhi,India,40.0,0.1,99.99,0.48,4,399.96,359.96,172.78,South Asia,Delhi,CLOSED,Nike Men's Free 5.0+ Running Shoe,99.99,Standard Class,2,1.0,1599.84,0.431993199319932,0
DEBIT,3,4,59.27,151.96,Advance shipping,0,Shop By Sport,Elgin,EE. UU.,Home Office,IL,Golf,Europe,Carcassonne,Francia,8.0,0.05,39.99,0.39,4,159.96,151.96,59.27,Western Europe,Languedoc-Rosellón-Mediodía-Pirineos,COMPLETE,Under Armour Girls' Toddler Spine Surge Runni,39.99,Standard Class,-1,1.0,639.84,0.3705301325331332,0
TRANSFER,6,4,84.46,175.96,Late delivery,1,Shop By Sport,Palo Alto,EE. UU.,Consumer,CA,Golf,Pacific Asia,Guangzhou,China,23.99,0.12,39.99,0.48,5,199.95,175.96,84.46,Eastern Asia,Guangdong,PROCESSING,Under Armour Girls' Toddler Spine Surge Runni,39.99,Standard Class,2,1.25,999.75,0.4224056014003501,0
PAYMENT,2,1,82.65,172.19,Late delivery,1,Women's Golf Clubs,Lancaster,EE. UU.,Home Office,SC,Outdoors,LATAM,Buenos Aires,Argentina,37.8,0.18,209.99,0.48,1,209.99,172.19,82.65,South America,Buenos Aires,PENDING_PAYMENT,Cleveland Golf Collegiate My Custom Wedge 588,209.99,First Class,1,1.0,209.99,0.3935901709605219,1
TRANSFER,6,4,18.03,57.59,Late delivery,1,Cleats,Caguas,Puerto Rico,Consumer,PR,Apparel,USCA,Los Angeles,Estados Unidos,2.4,0.04,59.99,0.31,1,59.99,57.59,18.03,West of USA ,California,PROCESSING,Perfect Fitness Perfect Rip Deck,59.99,Standard Class,2,0.25,59.99,0.300550091681947,0
DEBIT,5,4,68.33,139.44,Late delivery,1,Indoor/Outdoor Games,Columbus,EE. UU.,Corporate,GA,Fan Shop,Europe,Unna,Alemania,10.5,0.07,49.98,0.49,3,149.94,139.44,68.33,Western Europe,Renania del Norte-Westfalia,COMPLETE,O'Brien Men's Neoprene Life Vest,49.98,Standard Class,1,0.75,449.82,0.4557156195811658,0
DEBIT,5,4,7.36,118.77,Late delivery,1,Shop By Sport,North Richland Hills,EE. UU.,Consumer,TX,Golf,Europe,Bordeaux,Francia,1.2,0.01,39.99,0.06,3,119.97,118.77,7.36,Western Europe,Aquitania-Lemosín-Poitou-Charentes,COMPLETE,Under Armour Girls' Toddler Spine Surge Runni,39.99,Standard Class,1,0.75,359.91,0.0613486705009585,0
DEBIT,4,4,91.34,260.98,Shipping on time,0,Camping & Hiking,West Lafayette,EE. UU.,Corporate,IN,Fan Shop,Pacific Asia,Yakarta,Indonesia,39.0,0.13,299.98,0.35,1,299.98,260.98,91.34,Southeast Asia,Yakarta,COMPLETE,Diamondback Women's Serene Classic Comfort Bi,299.98,Standard Class,0,0.25,299.98,0.3044869657977198,0
CASH,2,4,-1.61,14.24,Advance shipping,0,Golf Balls,Hamilton,EE. UU.,Home Office,OH,Outdoors,Pacific Asia,Bandung,Indonesia,0.75,0.05,14.99,-0.11,1,14.99,14.24,-1.61,Southeast Asia,Java Occidental,CLOSED,Hirzl Men's Hybrid Golf Glove,14.99,Standard Class,-2,0.25,14.99,-0.1074049366244162,0
TRANSFER,2,2,81.9,181.99,Shipping on time,0,Water Sports,Albuquerque,EE. UU.,Consumer,NM,Fan Shop,Pacific Asia,Homs,Siria,18.0,0.09,199.99,0.45,1,199.99,181.99,81.9,West Asia,Hims,PROCESSING,Pelican Sunstream 100 Kayak,199.99,Second Class,0,0.5,199.99,0.4095204760238012,0
PAYMENT,5,4,-50.98,127.45,Late delivery,1,Indoor/Outdoor Games,Fort Lauderdale,EE. UU.,Consumer,FL,Fan Shop,Europe,Albi,Francia,22.49,0.15,49.98,-0.4,3,149.94,127.45,-50.98,Western Europe,Languedoc-Rosellón-Mediodía-Pirineos,PENDING_PAYMENT,O'Brien Men's Neoprene Life Vest,49.98,Standard Class,1,0.75,449.82,-0.3400026677337601,0
CASH,6,4,75.23,395.96,Late delivery,1,Cardio Equipment,Cleveland,EE. UU.,Corporate,OH,Footwear,USCA,Memphis,Estados Unidos,4.0,0.01,99.99,0.19,4,399.96,395.96,75.23,South of  USA ,Tennessee,CLOSED,Nike Men's Free 5.0+ Running Shoe,99.99,Standard Class,2,1.0,1599.84,0.1880938093809381,0
PAYMENT,3,2,25.48,90.99,Late delivery,1,Cardio Equipment,Brooklyn,EE. UU.,Corporate,NY,Footwear,Pacific Asia,Pekín,China,9.0,0.09,99.99,0.28,1,99.99,90.99,25.48,Eastern Asia,Pekín,PENDING_PAYMENT,Nike Men's Free 5.0+ Running Shoe,99.99,Second Class,1,0.5,99.99,0.2548254825482548,0
TRANSFER,6,4,5.88,58.79,Late delivery,1,Cleats,Caguas,Puerto Rico,Corporate,PR,Apparel,Europe,Rome,Italia,1.2,0.02,59.99,0.1,1,59.99,58.79,5.88,Southern Europe,Lacio,PROCESSING,Perfect Fitness Perfect Rip Deck,59.99,Standard Class,2,0.25,59.99,0.0980163360560093,0
DEBIT,2,2,59.5,339.98,Shipping on time,0,Fishing,Caguas,Puerto Rico,Home Office,PR,Fan Shop,Europe,Langen,Alemania,60.0,0.15,399.98,0.18,1,399.98,339.98,59.5,Western Europe,Baja Sajonia,ON_HOLD,Field & Stream Sportsman 16 Gun Fire Safe,399.98,Second Class,0,0.5,399.98,0.1487574378718935,0
TRANSFER,0,0,23.4,116.99,Shipping on time,0,Men's Footwear,Caguas,Puerto Rico,Consumer,PR,Apparel,Europe,Madrid,España,13.0,0.1,129.99,0.2,1,129.99,116.99,23.4,Southern Europe,Madrid,PENDING,Nike Men's CJ Elite 2 TD Football Cleat,129.99,Same Day,0,inf,129.99,0.1800138472190168,1
DEBIT,3,2,6.93,42.5,Late delivery,1,Women's Apparel,San Marcos,EE. UU.,Consumer,TX,Golf,LATAM,Hermosillo,México,7.5,0.15,50.0,0.16,1,50.0,42.5,6.93,Central America,Sonora,COMPLETE,Nike Men's Dri-FIT Victory Golf Polo,50.0,Second Class,1,0.5,50.0,0.1386,0
TRANSFER,2,1,53.15,113.09,Late delivery,1,Men's Footwear,Caguas,Puerto Rico,Home Office,PR,Apparel,LATAM,Zihuatanejo,México,16.9,0.13,129.99,0.47,1,129.99,113.09,53.15,Central America,Guerrero,PENDING,Nike Men's CJ Elite 2 TD Football Cleat,129.99,First Class,1,1.0,129.99,0.4088776059696899,1
DEBIT,4,4,-29.25,129.99,Shipping on time,0,Men's Footwear,Lancaster,EE. UU.,Consumer,CA,Apparel,Pacific Asia,Xinxiang,China,0.0,0.0,129.99,-0.23,1,129.99,129.99,-29.25,Eastern Asia,Henan,COMPLETE,Nike Men's CJ Elite 2 TD Football Cleat,129.99,Standard Class,0,0.25,129.99,-0.225017309023771,0
TRANSFER,2,1,23.76,52.79,Shipping canceled,0,Cleats,Caguas,Puerto Rico,Consumer,PR,Apparel,Pacific Asia,Taupo,Nueva Zelanda,7.2,0.12,59.99,0.45,1,59.99,52.79,23.76,Oceania,Waikato,SUSPECTED_FRAUD,Perfect Fitness Perfect Rip Deck,59.99,First Class,1,1.0,59.99,0.3960660110018336,1
TRANSFER,5,4,-65.29,78.38,Late delivery,1,Shop By Sport,South San Francisco,EE. UU.,Consumer,CA,Golf,USCA,Newark,Estados Unidos,1.6,0.02,39.99,-0.83,2,79.98,78.38,-65.29,East of USA,Ohio,PENDING,Under Armour Girls' Toddler Spine Surge Runni,39.99,Standard Class,1,0.5,159.96,-0.8163290822705677,0
TRANSFER,4,4,75.53,232.41,Shipping on time,0,Indoor/Outdoor Games,Caguas,Puerto Rico,Corporate,PR,Fan Shop,LATAM,Brasília,Brasil,17.49,0.07,49.98,0.33,5,249.9,232.41,75.53,South America,Distrito Federal,PENDING,O'Brien Men's Neoprene Life Vest,49.98,Standard Class,0,1.25,1249.5,0.3022408963585434,0
CASH,2,1,39.36,96.0,Late delivery,1,Women's Apparel,Los Angeles,EE. UU.,Consumer,CA,Golf,Europe,Bélgorod,Rusia,4.0,0.04,50.0,0.41,2,100.0,96.0,39.36,Eastern Europe,Bélgorod,CLOSED,Nike Men's Dri-FIT Victory Golf Polo,50.0,First Class,1,2.0,200.0,0.3936,1
TRANSFER,3,4,-100.79,251.98,Shipping canceled,0,Camping & Hiking,Houston,EE. UU.,Consumer,TX,Fan Shop,LATAM,Guadalajara,México,48.0,0.16,299.98,-0.4,1,299.98,251.98,-100.79,Central America,Jalisco,SUSPECTED_FRAUD,Diamondback Women's Serene Classic Comfort Bi,299.98,Standard Class,-1,0.25,299.98,-0.3359890659377292,0
CASH,3,4,40.69,129.99,Advance shipping,0,Men's Footwear,Caguas,Puerto Rico,Home Office,PR,Apparel,LATAM,Granada,Nicaragua,0.0,0.0,129.99,0.31,1,129.99,129.99,40.69,Central America,Granada,CLOSED,Nike Men's CJ Elite 2 TD Football Cleat,129.99,Standard Class,-1,0.25,129.99,0.3130240787752903,0
DEBIT,2,1,63.06,128.69,Late delivery,1,Men's Footwear,San Jose,EE. UU.,Consumer,CA,Apparel,Pacific Asia,Konya,Turquía,1.3,0.01,129.99,0.49,1,129.99,128.69,63.06,West Asia,Konya,COMPLETE,Nike Men's CJ Elite 2 TD Football Cleat,129.99,First Class,1,1.0,129.99,0.485114239556889,1
DEBIT,5,4,48.55,149.38,Late delivery,1,Cleats,Caguas,Puerto Rico,Consumer,PR,Apparel,LATAM,Querétaro,México,30.59,0.17,59.99,0.33,3,179.97,149.38,48.55,Central America,Querétaro,COMPLETE,Perfect Fitness Perfect Rip Deck,59.99,Standard Class,1,0.75,539.91,0.2697671834194587,0
CASH,4,2,8.92,20.74,Late delivery,1,Accessories,North Hills,EE. UU.,Corporate,CA,Outdoors,Europe,Avignon,Francia,4.25,0.17,24.99,0.43,1,24.99,20.74,8.92,Western Europe,Provenza-Alpes-Costa Azul,CLOSED,Team Golf Tennessee Volunteers Putter Grip,24.99,Second Class,2,0.5,24.99,0.3569427771108444,0
DEBIT,5,2,43.77,115.18,Late delivery,1,Cleats,Sacramento,EE. UU.,Corporate,CA,Apparel,Europe,Kryvyy Rih,Ucrania,4.8,0.04,59.99,0.38,2,119.98,115.18,43.77,Eastern Europe,Dnipropetrovsk,COMPLETE,Perfect Fitness Perfect Rip Deck,59.99,Second Class,3,1.0,239.96,0.3648108018003,0
PAYMENT,6,4,56.68,188.92,Late delivery,1,Indoor/Outdoor Games,Carolina,Puerto Rico,Consumer,PR,Fan Shop,LATAM,San Juan de la Maguana,República Dominicana,11.0,0.06,49.98,0.3,4,199.92,188.92,56.68,Caribbean,San Juan,PENDING_PAYMENT,O'Brien Men's Neoprene Life Vest,49.98,Standard Class,2,1.0,799.68,0.2835134053621448,0
DEBIT,2,4,-37.6,199.99,Advance shipping,0,Water Sports,Oxnard,EE. UU.,Consumer,CA,Fan Shop,USCA,Chicago,Estados Unidos,0.0,0.0,199.99,-0.19,1,199.99,199.99,-37.6,US Center ,Illinois,COMPLETE,Pelican Sunstream 100 Kayak,199.99,Standard Class,-2,0.25,199.99,-0.1880094004700235,0
TRANSFER,5,4,10.92,109.19,Shipping canceled,0,Men's Footwear,Raleigh,EE. UU.,Home Office,NC,Apparel,LATAM,Huehuetenango,Guatemala,20.8,0.16,129.99,0.1,1,129.99,109.19,10.92,Central America,Huehuetenango,CANCELED,Nike Men's CJ Elite 2 TD Football Cleat,129.99,Standard Class,1,0.25,129.99,0.0840064620355411,0
CASH,6,4,106.71,293.98,Late delivery,1,Camping & Hiking,Glenview,EE. UU.,Consumer,IL,Fan Shop,Pacific Asia,Manila,Filipinas,6.0,0.02,299.98,0.36,1,299.98,293.98,106.71,Southeast Asia,Capital Nacional,CLOSED,Diamondback Women's Serene Classic Comfort Bi,299.98,Standard Class,2,0.25,299.98,0.3557237149143276,0
DEBIT,5,2,1.33,33.19,Late delivery,1,Shop By Sport,San Marcos,EE. UU.,Consumer,CA,Golf,USCA,Oklahoma City,Estados Unidos,6.8,0.17,39.99,0.04,1,39.99,33.19,1.33,US Center ,Oklahoma,COMPLETE,Under Armour Girls' Toddler Spine Surge Runni,39.99,Second Class,3,0.5,39.99,0.0332583145786446,0
TRANSFER,5,4,38.22,91.0,Late delivery,1,Women's Apparel,Caguas,Puerto Rico,Consumer,PR,Golf,USCA,New York City,Estados Unidos,9.0,0.09,50.0,0.42,2,100.0,91.0,38.22,East of USA,Nueva York,PENDING,Nike Men's Dri-FIT Victory Golf Polo,50.0,Standard Class,1,0.5,200.0,0.3822,0
CASH,4,4,-51.89,278.95,Shipping on time,0,Cleats,Greensboro,EE. UU.,Home Office,NC,Apparel,Pacific Asia,Brisbane,Australia,21.0,0.07,59.99,-0.19,5,299.95,278.95,-51.89,Oceania,Queensland,CLOSED,Perfect Fitness Perfect Rip Deck,59.99,Standard Class,0,1.25,1499.75,-0.1729954992498749,0
DEBIT,3,4,-138.05,179.99,Advance shipping,0,Water Sports,Caguas,Puerto Rico,Corporate,PR,Fan Shop,LATAM,Huehuetenango,Guatemala,20.0,0.1,199.99,-0.77,1,199.99,179.99,-138.05,Central America,Huehuetenango,COMPLETE,Pelican Sunstream 100 Kayak,199.99,Standard Class,-1,0.25,199.99,-0.6902845142257114,0
TRANSFER,3,4,97.98,199.95,Advance shipping,0,Golf Gloves,Virginia Beach,EE. UU.,Consumer,VA,Outdoors,LATAM,Torreón,México,0.0,0.0,39.99,0.49,5,199.95,199.95,97.98,Central America,Coahuila,PENDING,Clicgear Rovic Cooler Bag,39.99,Standard Class,-1,1.25,999.75,0.4900225056264066,0
PAYMENT,2,4,35.64,132.0,Advance shipping,0,Shop By Sport,Pompano Beach,EE. UU.,Consumer,FL,Golf,Africa,Cairo,Egipto,18.0,0.12,30.0,0.27,5,150.0,132.0,35.64,North Africa,El Cairo,PENDING_PAYMENT,Columbia Men's PFG Anchor Tough T-Shirt,30.0,Standard Class,-2,1.25,750.0,0.2376,0
CASH,2,4,6.24,124.79,Advance shipping,0,Men's Footwear,Caguas,Puerto Rico,Corporate,PR,Apparel,LATAM,Villahermosa,México,5.2,0.04,129.99,0.05,1,129.99,124.79,6.24,Central America,Tabasco,CLOSED,Nike Men's CJ Elite 2 TD Football Cleat,129.99,Standard Class,-2,0.25,129.99,0.0480036925917378,0
DEBIT,3,4,47.23,188.92,Advance shipping,0,Indoor/Outdoor Games,Cypress,EE. UU.,Home Office,CA,Fan Shop,LATAM,Panama City,Panamá,11.0,0.06,49.98,0.25,4,199.92,188.92,47.23,Central America,Panamá,COMPLETE,O'Brien Men's Neoprene Life Vest,49.98,Standard Class,-1,1.0,799.68,0.2362444977991196,0
TRANSFER,2,1,69.1,143.96,Late delivery,1,Shop By Sport,Caguas,Puerto Rico,Corporate,PR,Golf,LATAM,Panama City,Panamá,16.0,0.1,39.99,0.48,4,159.96,143.96,69.1,Central America,Panamá,PENDING,Under Armour Girls' Toddler Spine Surge Runni,39.99,First Class,1,4.0,639.84,0.4319829957489371,1
DEBIT,5,4,2.52,50.39,Late delivery,1,Cleats,Augusta,EE. UU.,Consumer,GA,Apparel,Europe,Marseille,Francia,9.6,0.16,59.99,0.05,1,59.99,50.39,2.52,Western Europe,Provenza-Alpes-Costa Azul,COMPLETE,Perfect Fitness Perfect Rip Deck,59.99,Standard Class,1,0.25,59.99,0.0420070011668611,0
PAYMENT,2,1,35.06,107.89,Late delivery,1,Men's Footwear,Phoenix,EE. UU.,Consumer,AZ,Apparel,LATAM,Limeira,Brasil,22.1,0.17,129.99,0.33,1,129.99,107.89,35.06,South America,São Paulo,PENDING_PAYMENT,Nike Men's CJ Elite 2 TD Football Cleat,129.99,First Class,1,1.0,129.99,0.2697130548503731,1
TRANSFER,3,4,84.16,248.98,Advance shipping,0,Camping & Hiking,Huntington Beach,EE. UU.,Consumer,CA,Fan Shop,Pacific Asia,Rangún,Myanmar (Birmania),51.0,0.17,299.98,0.34,1,299.98,248.98,84.16,Southeast Asia,Rangún,PENDING,Diamondback Women's Serene Classic Comfort Bi,299.98,Standard Class,-1,0.25,299.98,0.2805520368024534,0
DEBIT,6,2,0.0,284.98,Late delivery,1,Camping & Hiking,Greensboro,EE. UU.,Home Office,NC,Fan Shop,Europe,Valenciennes,Francia,15.0,0.05,299.98,0.0,1,299.98,284.98,0.0,Western Europe,Norte-Paso de Calais-Picardía,COMPLETE,Diamondback Women's Serene Classic Comfort Bi,299.98,Second Class,4,0.5,299.98,0.0,0
CASH,2,4,-57.6,287.98,Advance shipping,0,Camping & Hiking,Dundalk,EE. UU.,Consumer,MD,Fan Shop,Pacific Asia,Estambul,Turquía,12.0,0.04,299.98,-0.2,1,299.98,287.98,-57.6,West Asia,Estambul,CLOSED,Diamondback Women's Serene Classic Comfort Bi,299.98,Standard Class,-2,0.25,299.98,-0.1920128008533902,0
CASH,3,4,-329.78,193.99,Advance shipping,0,Water Sports,Apopka,EE. UU.,Consumer,FL,Fan Shop,Europe,Arkhangelsk,Rusia,6.0,0.03,199.99,-1.7,1,199.99,193.99,-329.78,Eastern Europe,Arjánguelsk,CLOSED,Pelican Sunstream 100 Kayak,199.99,Standard Class,-1,0.25,199.99,-1.6489824491224558,0
DEBIT,3,2,75.07,272.98,Late delivery,1,Camping & Hiking,Philadelphia,EE. UU.,Corporate,PA,Fan Shop,Europe,Montreuil,Francia,27.0,0.09,299.98,0.28,1,299.98,272.98,75.07,Western Europe,Isla de Francia,COMPLETE,Diamondback Women's Serene Classic Comfort Bi,299.98,Second Class,1,0.5,299.98,0.2502500166677778,0
CASH,5,2,230.28,489.95,Late delivery,1,Cardio Equipment,Caguas,Puerto Rico,Corporate,PR,Footwear,Pacific Asia,Estambul,Turquía,10.0,0.02,99.99,0.47,5,499.95,489.95,230.28,West Asia,Estambul,CLOSED,Nike Men's Free 5.0+ Running Shoe,99.99,Second Class,3,2.5,2499.75,0.4606060606060606,0
DEBIT,3,4,-299.83,176.37,Advance shipping,0,Cleats,West Orange,EE. UU.,Home Office,NJ,Apparel,LATAM,El Progreso,Honduras,3.6,0.02,59.99,-1.7,3,179.97,176.37,-299.83,Central America,Yoro,COMPLETE,Perfect Fitness Perfect Rip Deck,59.99,Standard Class,-1,0.75,539.91,-1.665999888870367,0
DEBIT,6,4,79.18,179.96,Late delivery,1,Tennis & Racquet,Brighton,EE. UU.,Consumer,MA,Fitness,USCA,Westfield,Estados Unidos,44.99,0.2,44.99,0.44,5,224.95,179.96,79.18,East of USA,Nueva Jersey,COMPLETE,Nike Men's Comfort 2 Slide,44.99,Standard Class,2,1.25,1124.75,0.3519893309624361,0
PAYMENT,6,4,32.12,169.96,Late delivery,1,Shop By Sport,New York,EE. UU.,Home Office,NY,Golf,USCA,Philadelphia,Estados Unidos,29.99,0.15,39.99,0.19,5,199.95,169.96,32.12,East of USA,Pensilvania,PENDING_PAYMENT,Under Armour Girls' Toddler Spine Surge Runni,39.99,Standard Class,2,1.25,999.75,0.16064016004001,0
TRANSFER,3,2,-19.38,339.98,Late delivery,1,Fishing,San Antonio,EE. UU.,Consumer,TX,Fan Shop,Africa,Niamey,Níger,60.0,0.15,399.98,-0.06,1,399.98,339.98,-19.38,West Africa,Niamey,PROCESSING,Field & Stream Sportsman 16 Gun Fire Safe,399.98,Second Class,1,0.5,399.98,-0.048452422621131,0
TRANSFER,2,2,65.51,201.57,Shipping on time,0,Cleats,Guayama,Puerto Rico,Corporate,PR,Apparel,Europe,Grodno,Bielorrusia,38.39,0.16,59.99,0.33,4,239.96,201.57,65.51,Eastern Europe,Grodno,PROCESSING,Perfect Fitness Perfect Rip Deck,59.99,Second Class,0,2.0,959.84,0.2730038339723287,0
DEBIT,4,4,16.0,159.96,Shipping on time,0,Shop By Sport,Caguas,Puerto Rico,Consumer,PR,Golf,Europe,Ludwigshafen am Rhein,Alemania,39.99,0.2,39.99,0.1,5,199.95,159.96,16.0,Western Europe,Renania-Palatinado,COMPLETE,Under Armour Girls' Toddler Spine Surge Runni,39.99,Standard Class,0,1.25,999.75,0.0800200050012503,0
TRANSFER,3,2,81.6,339.98,Late delivery,1,Fishing,Aurora,EE. UU.,Corporate,CO,Fan Shop,LATAM,Quetzaltenango,Guatemala,60.0,0.15,399.98,0.24,1,399.98,339.98,81.6,Central America,Quezaltenango,PROCESSING,Field & Stream Sportsman 16 Gun Fire Safe,399.98,Second Class,1,0.5,399.98,0.2040102005100254,0
PAYMENT,3,4,27.72,82.0,Advance shipping,0,Women's Apparel,Las Vegas,EE. UU.,Corporate,NV,Golf,USCA,Springfield,Estados Unidos,18.0,0.18,50.0,0.34,2,100.0,82.0,27.72,US Center ,Misuri,PENDING_PAYMENT,Nike Men's Dri-FIT Victory Golf Polo,50.0,Standard Class,-1,0.5,200.0,0.2772,0
TRANSFER,2,4,11.34,126.0,Advance shipping,0,Women's Apparel,Austin,EE. UU.,Consumer,TX,Golf,Europe,Slupsk,Polonia,24.0,0.16,50.0,0.09,3,150.0,126.0,11.34,Eastern Europe,Pomerania,PROCESSING,Nike Men's Dri-FIT Victory Golf Polo,50.0,Standard Class,-2,0.75,450.0,0.0756,0
PAYMENT,2,1,20.78,127.49,Late delivery,1,Hunting & Shooting,Caguas,Puerto Rico,Consumer,PR,Fan Shop,Europe,Alphen aan den Rijn,Países Bajos,22.5,0.15,149.99,0.16,1,149.99,127.49,20.78,Western Europe,Holanda Meridional,PENDING_PAYMENT,insta-bed Neverflat Air Mattress,149.99,First Class,1,1.0,149.99,0.1385425695046336,1
TRANSFER,4,4,48.0,153.37,Shipping on time,0,Boxing & MMA,Tucson,EE. UU.,Corporate,AZ,Footwear,USCA,Montréal,Canada,11.54,0.07,54.97,0.31,3,164.91,153.37,48.0,Canada,Quebec,PENDING,Under Armour Women's Micro G Skulpt Running S,54.97,Standard Class,0,0.75,494.73,0.291067855193742,0
TRANSFER,5,2,-79.96,95.99,Late delivery,1,Cardio Equipment,Lombard,EE. UU.,Consumer,IL,Footwear,Europe,Gardanne,Francia,4.0,0.04,99.99,-0.83,1,99.99,95.99,-79.96,Western Europe,Provenza-Alpes-Costa Azul,PENDING,Nike Men's Free 5.0+ Running Shoe,99.99,Second Class,3,0.5,99.99,-0.7996799679967996,0
TRANSFER,3,4,26.32,97.49,Advance shipping,0,Men's Footwear,Caguas,Puerto Rico,Consumer,PR,Apparel,Pacific Asia,Newcastle,Australia,32.5,0.25,129.99,0.27,1,129.99,97.49,26.32,Oceania,Nueva Gales del Sur,PENDING,Nike Men's CJ Elite 2 TD Football Cleat,129.99,Standard Class,-1,0.25,129.99,0.2024771136241249,0
TRANSFER,3,2,26.65,106.59,Late delivery,1,Men's Footwear,Rego Park,EE. UU.,Consumer,NY,Apparel,Pacific Asia,Riyadh,Arabia Saudí,23.4,0.18,129.99,0.25,1,129.99,106.59,26.65,West Asia,Riad,PENDING,Nike Men's CJ Elite 2 TD Football Cleat,129.99,Second Class,1,0.5,129.99,0.2050157704438802,0
PAYMENT,2,1,43.2,299.99,Late delivery,1,Fishing,Caguas,Puerto Rico,Corporate,PR,Fan Shop,LATAM,Soyapango,El Salvador,100.0,0.25,399.98,0.14,1,399.98,299.99,43.2,Central America,San Salvador,PENDING_PAYMENT,Field & Stream Sportsman 16 Gun Fire Safe,399.98,First Class,1,1.0,399.98,0.1080054002700135,1
DEBIT,3,4,105.83,293.98,Advance shipping,0,Camping & Hiking,Lancaster,EE. UU.,Home Office,SC,Fan Shop,Europe,Jena,Alemania,6.0,0.02,299.98,0.36,1,299.98,293.98,105.83,Western Europe,Turingia,COMPLETE,Diamondback Women's Serene Classic Comfort Bi,299.98,Standard Class,-1,0.25,299.98,0.3527901860124008,0
DEBIT,6,4,7.2,179.97,Late delivery,1,Cleats,Caguas,Puerto Rico,Home Office,PR,Apparel,Europe,Wuppertal,Alemania,0.0,0.0,59.99,0.04,3,179.97,179.97,7.2,Western Europe,Renania del Norte-Westfalia,COMPLETE,Perfect Fitness Perfect Rip Deck,59.99,Standard Class,2,0.75,539.91,0.0400066677779629,0
DEBIT,6,4,51.33,111.58,Late delivery,1,Cleats,Brooklyn,EE. UU.,Corporate,NY,Apparel,Europe,Dudley,Reino Unido,8.4,0.07,59.99,0.46,2,119.98,111.58,51.33,Northern Europe,Inglaterra,COMPLETE,Perfect Fitness Perfect Rip Deck,59.99,Standard Class,2,0.5,239.96,0.4278213035505917,0
TRANSFER,4,4,29.83,263.98,Shipping on time,0,Camping & Hiking,Chicago,EE. UU.,Consumer,IL,Fan Shop,Africa,Johannesburg,SudAfrica,36.0,0.12,299.98,0.11,1,299.98,263.98,29.83,Southern Africa,Gauteng,PENDING,Diamondback Women's Serene Classic Comfort Bi,299.98,Standard Class,0,0.25,299.98,0.0994399626641776,0
TRANSFER,2,1,20.56,181.99,Late delivery,1,Water Sports,Honolulu,EE. UU.,Corporate,HI,Fan Shop,LATAM,Carrefour,Haití,18.0,0.09,199.99,0.11,1,199.99,181.99,20.56,Caribbean,Ouest,PROCESSING,Pelican Sunstream 100 Kayak,199.99,First Class,1,1.0,199.99,0.1028051402570128,1
TRANSFER,2,4,106.82,222.53,Advance shipping,0,Consumer Electronics,Caguas,Puerto Rico,Corporate,PR,Technology,Europe,Madrid,España,30.35,0.12,252.88,0.48,1,252.88,222.53,106.82,Southern Europe,Madrid,PENDING,Industrial consumer electronics,252.88,Standard Class,-2,0.25,252.88,0.4224137931034482,0
TRANSFER,2,4,-264.0,160.0,Advance shipping,0,Women's Apparel,New Orleans,EE. UU.,Corporate,LA,Golf,Europe,Espoo,Finlandia,40.0,0.2,50.0,-1.65,4,200.0,160.0,-264.0,Northern Europe,Uusimaa,PENDING,Nike Men's Dri-FIT Victory Golf Polo,50.0,Standard Class,-2,1.0,800.0,-1.32,0
DEBIT,6,4,38.22,127.39,Late delivery,1,Men's Footwear,Honolulu,EE. UU.,Consumer,HI,Apparel,LATAM,San Pedro Sula,Honduras,2.6,0.02,129.99,0.3,1,129.99,127.39,38.22,Central America,Cortés,COMPLETE,Nike Men's CJ Elite 2 TD Football Cleat,129.99,Standard Class,2,0.25,129.99,0.2940226171243941,0
CASH,2,1,133.24,283.48,Late delivery,1,Camping & Hiking,Indianapolis,EE. UU.,Corporate,IN,Fan Shop,USCA,New York City,Estados Unidos,16.5,0.06,299.98,0.47,1,299.98,283.48,133.24,East of USA,Nueva York,CLOSED,Diamondback Women's Serene Classic Comfort Bi,299.98,First Class,1,1.0,299.98,0.4441629441962798,1
PAYMENT,5,4,14.99,149.94,Late delivery,1,Indoor/Outdoor Games,Caguas,Puerto Rico,Corporate,PR,Fan Shop,Pacific Asia,Gold Coast,Australia,0.0,0.0,49.98,0.1,3,149.94,149.94,14.99,Oceania,Queensland,PENDING_PAYMENT,O'Brien Men's Neoprene Life Vest,49.98,Standard Class,1,0.75,449.82,0.0999733226623982,0
DEBIT,2,1,174.59,387.98,Late delivery,1,Fishing,Caguas,Puerto Rico,Consumer,PR,Fan Shop,LATAM,Mexico City,México,12.0,0.03,399.98,0.45,1,399.98,387.98,174.59,Central America,Distrito Federal,COMPLETE,Field & Stream Sportsman 16 Gun Fire Safe,399.98,First Class,1,1.0,399.98,0.436496824841242,1
DEBIT,5,2,37.44,103.99,Late delivery,1,Men's Footwear,Tinley Park,EE. UU.,Consumer,IL,Apparel,USCA,Detroit,Estados Unidos,26.0,0.2,129.99,0.36,1,129.99,103.99,37.44,US Center ,Michigan,COMPLETE,Nike Men's CJ Elite 2 TD Football Cleat,129.99,Second Class,3,0.5,129.99,0.2880221555504269,0
DEBIT,3,4,69.75,185.99,Advance shipping,0,Water Sports,Caguas,Puerto Rico,Corporate,PR,Fan Shop,LATAM,El Progreso,Honduras,14.0,0.07,199.99,0.38,1,199.99,185.99,69.75,Central America,Yoro,COMPLETE,Pelican Sunstream 100 Kayak,199.99,Standard Class,-1,0.25,199.99,0.3487674383719186,0
CASH,6,2,6.64,112.5,Late delivery,1,Women's Apparel,Apex,EE. UU.,Consumer,NC,Golf,Europe,Weston-super-Mare,Reino Unido,37.5,0.25,50.0,0.06,3,150.0,112.5,6.64,Northern Europe,Inglaterra,CLOSED,Nike Men's Dri-FIT Victory Golf Polo,50.0,Second Class,4,1.5,450.0,0.0442666666666666,0
CASH,6,2,64.17,139.5,Late delivery,1,Women's Apparel,Bowling Green,EE. UU.,Corporate,KY,Golf,Africa,Sidi Qacem,Marruecos,10.5,0.07,50.0,0.46,3,150.0,139.5,64.17,North Africa,Garb-Chrarda-Beni Hsen,CLOSED,Nike Men's Dri-FIT Victory Golf Polo,50.0,Second Class,4,1.5,450.0,0.4278,0
TRANSFER,2,1,85.49,284.98,Late delivery,1,Camping & Hiking,San Diego,EE. UU.,Corporate,CA,Fan Shop,Pacific Asia,Izmir,Turquía,15.0,0.05,299.98,0.3,1,299.98,284.98,85.49,West Asia,Izmir,PROCESSING,Diamondback Women's Serene Classic Comfort Bi,299.98,First Class,1,1.0,299.98,0.2849856657110474,1
CASH,6,4,12.45,49.79,Late delivery,1,Cleats,El Cajon,EE. UU.,Consumer,CA,Apparel,LATAM,San Juan de la Maguana,República Dominicana,10.2,0.17,59.99,0.25,1,59.99,49.79,12.45,Caribbean,San Juan,CLOSED,Perfect Fitness Perfect Rip Deck,59.99,Standard Class,2,0.25,59.99,0.207534589098183,0
DEBIT,0,0,4.38,38.79,Shipping on time,0,Shop By Sport,Caguas,Puerto Rico,Corporate,PR,Golf,USCA,Seattle,Estados Unidos,1.2,0.03,39.99,0.11,1,39.99,38.79,4.38,West of USA ,Washington,COMPLETE,Under Armour Girls' Toddler Spine Surge Runni,39.99,Same Day,0,inf,39.99,0.1095273818454613,1
TRANSFER,6,2,0.0,126.09,Late delivery,1,Men's Footwear,New Braunfels,EE. UU.,Consumer,TX,Apparel,LATAM,Lima,Perú,3.9,0.03,129.99,0.0,1,129.99,126.09,0.0,South America,Lima (ciudad),PROCESSING,Nike Men's CJ Elite 2 TD Football Cleat,129.99,Second Class,4,0.5,129.99,0.0,0
PAYMENT,0,0,83.3,169.99,Shipping on time,0,Water Sports,Kent,EE. UU.,Consumer,WA,Fan Shop,Europe,Ancona,Italia,30.0,0.15,199.99,0.49,1,199.99,169.99,83.3,Southern Europe,Marche,PENDING_PAYMENT,Pelican Sunstream 100 Kayak,199.99,Same Day,0,inf,199.99,0.416520826041302,1
CASH,6,4,53.76,114.39,Late delivery,1,Men's Footwear,Carlisle,EE. UU.,Corporate,PA,Apparel,Africa,Saida,Argelia,15.6,0.12,129.99,0.47,1,129.99,114.39,53.76,North Africa,Saida,CLOSED,Nike Men's CJ Elite 2 TD Football Cleat,129.99,Standard Class,2,0.25,129.99,0.4135702746365104,0
DEBIT,6,4,40.94,109.18,Late delivery,1,Cleats,Corona,EE. UU.,Corporate,CA,Apparel,Pacific Asia,Semarang,Indonesia,10.8,0.09,59.99,0.38,2,119.98,109.18,40.94,Southeast Asia,Java Central,COMPLETE,Perfect Fitness Perfect Rip Deck,59.99,Standard Class,2,0.5,239.96,0.3412235372562093,0
TRANSFER,3,4,1.74,87.0,Advance shipping,0,Girls' Apparel,Caguas,Puerto Rico,Consumer,PR,Golf,LATAM,Ixtapaluca,México,13.0,0.13,25.0,0.02,4,100.0,87.0,1.74,Central America,México,PENDING,adidas Men's Germany Black Crest Away Tee,25.0,Standard Class,-1,1.0,400.0,0.0174,0
CASH,2,1,-91.1,118.78,Late delivery,1,Cleats,Long Beach,EE. UU.,Home Office,CA,Apparel,Pacific Asia,Yakarta,Indonesia,1.2,0.01,59.99,-0.77,2,119.98,118.78,-91.1,Southeast Asia,Yakarta,CLOSED,Perfect Fitness Perfect Rip Deck,59.99,First Class,1,2.0,239.96,-0.7592932155359225,1
CASH,4,2,56.81,123.49,Late delivery,1,Men's Footwear,Chicago,EE. UU.,Home Office,IL,Apparel,LATAM,Petapa,Guatemala,6.5,0.05,129.99,0.46,1,129.99,123.49,56.81,Central America,Guatemala,CLOSED,Nike Men's CJ Elite 2 TD Football Cleat,129.99,Second Class,2,0.5,129.99,0.4370336179706131,0
DEBIT,5,4,13.65,181.95,Late delivery,1,Shop By Sport,Aurora,EE. UU.,Consumer,CO,Golf,Pacific Asia,Caloundra,Australia,18.0,0.09,39.99,0.08,5,199.95,181.95,13.65,Oceania,Queensland,COMPLETE,Under Armour Girls' Toddler Spine Surge Runni,39.99,Standard Class,1,1.25,999.75,0.0682670667666916,0
DEBIT,2,4,87.36,335.98,Advance shipping,0,Fishing,San Diego,EE. UU.,Consumer,CA,Fan Shop,Europe,Tamworth,Reino Unido,64.0,0.16,399.98,0.26,1,399.98,335.98,87.36,Northern Europe,Inglaterra,COMPLETE,Field & Stream Sportsman 16 Gun Fire Safe,399.98,Standard Class,-2,0.25,399.98,0.2184109205460273,0
TRANSFER,6,4,199.98,399.96,Late delivery,1,Cardio Equipment,Caguas,Puerto Rico,Home Office,PR,Footwear,LATAM,Bayamo,Cuba,99.99,0.2,99.99,0.5,5,499.95,399.96,199.98,Caribbean,Granma,PROCESSING,Nike Men's Free 5.0+ Running Shoe,99.99,Standard Class,2,1.25,2499.75,0.3999999999999999,0
DEBIT,3,4,22.5,150.0,Advance shipping,0,Women's Apparel,Caguas,Puerto Rico,Consumer,PR,Golf,LATAM,Mejicanos,El Salvador,0.0,0.0,50.0,0.15,3,150.0,150.0,22.5,Central America,San Salvador,COMPLETE,Nike Men's Dri-FIT Victory Golf Polo,50.0,Standard Class,-1,0.75,450.0,0.15,0
PAYMENT,3,4,-183.35,118.29,Advance shipping,0,Men's Footwear,Chicago,EE. UU.,Consumer,IL,Apparel,Europe,Madrid,España,11.7,0.09,129.99,-1.55,1,129.99,118.29,-183.35,Southern Europe,Madrid,PENDING_PAYMENT,Nike Men's CJ Elite 2 TD Football Cleat,129.99,Standard Class,-1,0.25,129.99,-1.4104931148549886,0
PAYMENT,2,1,10.8,179.96,Late delivery,1,Shop By Sport,San Diego,EE. UU.,Corporate,CA,Golf,Europe,Paris,Francia,20.0,0.1,39.99,0.06,5,199.95,179.96,10.8,Western Europe,Isla de Francia,PENDING_PAYMENT,Under Armour Girls' Toddler Spine Surge Runni,39.99,First Class,1,5.0,999.75,0.0540135033758439,1
TRANSFER,2,1,73.8,163.99,Late delivery,1,Water Sports,Edinburg,EE. UU.,Corporate,TX,Fan Shop,Europe,Neuilly-sur-Seine,Francia,36.0,0.18,199.99,0.45,1,199.99,163.99,73.8,Western Europe,Isla de Francia,PENDING,Pelican Sunstream 100 Kayak,199.99,First Class,1,1.0,199.99,0.3690184509225461,1
CASH,5,4,120.89,371.96,Late delivery,1,Cardio Equipment,Fairfield,EE. UU.,Corporate,CA,Footwear,Pacific Asia,Erzurum,Turquía,28.0,0.07,99.99,0.33,4,399.96,371.96,120.89,West Asia,Erzurum,CLOSED,Nike Men's Free 5.0+ Running Shoe,99.99,Standard Class,1,1.0,1599.84,0.3022552255225523,0
DEBIT,6,4,57.38,204.92,Late delivery,1,Indoor/Outdoor Games,Elmhurst,EE. UU.,Consumer,IL,Fan Shop,Pacific Asia,Melbourne,Australia,44.98,0.18,49.98,0.28,5,249.9,204.92,57.38,Oceania,Victoria,COMPLETE,O'Brien Men's Neoprene Life Vest,49.98,Standard Class,2,1.25,1249.5,0.2296118447378951,0
DEBIT,6,4,163.19,339.98,Late delivery,1,Fishing,Caguas,Puerto Rico,Consumer,PR,Fan Shop,Pacific Asia,Mackay,Australia,60.0,0.15,399.98,0.48,1,399.98,339.98,163.19,Oceania,Queensland,COMPLETE,Field & Stream Sportsman 16 Gun Fire Safe,399.98,Standard Class,2,0.25,399.98,0.4079953997699885,0
DEBIT,1,0,7.83,27.97,Late delivery,1,Books ,Richmond,EE. UU.,Consumer,TX,Book Shop,Europe,Avion,Francia,3.11,0.1,31.08,0.28,1,31.08,27.97,7.83,Western Europe,Norte-Paso de Calais-Picardía,COMPLETE,Sports Books ,31.08,Same Day,1,inf,31.08,0.2519305019305019,1
TRANSFER,6,4,16.2,59.99,Late delivery,1,Shop By Sport,Caguas,Puerto Rico,Corporate,PR,Golf,LATAM,Villa Nueva,Guatemala,20.0,0.25,39.99,0.27,2,79.98,59.99,16.2,Central America,Guatemala,PROCESSING,Under Armour Girls' Toddler Spine Surge Runni,39.99,Standard Class,2,0.5,159.96,0.2025506376594148,0
DEBIT,3,4,13.88,122.84,Advance shipping,0,Men's Footwear,Caguas,Puerto Rico,Consumer,PR,Apparel,Europe,Dortmund,Alemania,7.15,0.06,129.99,0.11,1,129.99,122.84,13.88,Western Europe,Renania del Norte-Westfalia,COMPLETE,Nike Men's CJ Elite 2 TD Football Cleat,129.99,Standard Class,-1,0.25,129.99,0.1067774444188014,0
TRANSFER,5,4,86.24,176.0,Late delivery,1,Women's Apparel,Honolulu,EE. UU.,Consumer,HI,Golf,Europe,Castrop-Rauxel,Alemania,24.0,0.12,50.0,0.49,4,200.0,176.0,86.24,Western Europe,Renania del Norte-Westfalia,PROCESSING,Nike Men's Dri-FIT Victory Golf Polo,50.0,Standard Class,1,1.0,800.0,0.4311999999999999,0
PAYMENT,6,4,-5.44,217.41,Late delivery,1,Indoor/Outdoor Games,Chicago,EE. UU.,Corporate,IL,Fan Shop,Europe,Rosny-sous-Bois,Francia,32.49,0.13,49.98,-0.03,5,249.9,217.41,-5.44,Western Europe,Isla de Francia,PENDING_PAYMENT,O'Brien Men's Neoprene Life Vest,49.98,Standard Class,2,1.25,1249.5,-0.0217687074829932,0
DEBIT,5,4,-69.27,98.96,Late delivery,1,Indoor/Outdoor Games,Bellflower,EE. UU.,Consumer,CA,Fan Shop,Africa,Huambo,Angola,1.0,0.01,49.98,-0.7,2,99.96,98.96,-69.27,Central Africa,Huambo,COMPLETE,O'Brien Men's Neoprene Life Vest,49.98,Standard Class,1,0.5,199.92,-0.6929771908763506,0
DEBIT,5,4,28.12,374.96,Late delivery,1,Cardio Equipment,Caguas,Puerto Rico,Consumer,PR,Footwear,Europe,Perpignan,Francia,124.99,0.25,99.99,0.08,5,499.95,374.96,28.12,Western Europe,Languedoc-Rosellón-Mediodía-Pirineos,ON_HOLD,Nike Men's Free 5.0+ Running Shoe,99.99,Standard Class,1,1.25,2499.75,0.0562456245624562,0
DEBIT,4,4,59.2,128.69,Shipping on time,0,Men's Footwear,Hayward,EE. UU.,Consumer,CA,Apparel,Pacific Asia,Manila,Filipinas,1.3,0.01,129.99,0.46,1,129.99,128.69,59.2,Southeast Asia,Capital Nacional,COMPLETE,Nike Men's CJ Elite 2 TD Football Cleat,129.99,Standard Class,0,0.25,129.99,0.455419647665205,0
DEBIT,2,4,128.33,278.97,Advance shipping,0,Cardio Equipment,Caguas,Puerto Rico,Corporate,PR,Footwear,Europe,Amberes,Bélgica,21.0,0.07,99.99,0.46,3,299.97,278.97,128.33,Western Europe,Amberes,COMPLETE,Nike Men's Free 5.0+ Running Shoe,99.99,Standard Class,-2,0.75,899.9100000000001,0.4278094476114278,0
DEBIT,4,2,42.0,168.0,Late delivery,1,Women's Apparel,Trujillo Alto,Puerto Rico,Consumer,PR,Golf,LATAM,Puebla,México,32.0,0.16,50.0,0.25,4,200.0,168.0,42.0,Central America,Puebla,COMPLETE,Nike Men's Dri-FIT Victory Golf Polo,50.0,Second Class,2,2.0,800.0,0.21,0
PAYMENT,6,4,23.23,66.38,Late delivery,1,Girls' Apparel,Caguas,Puerto Rico,Corporate,PR,Golf,LATAM,Mexico City,México,13.6,0.17,39.99,0.35,2,79.98,66.38,23.23,Central America,Distrito Federal,PENDING_PAYMENT,TYR Boys' Team Digi Jammer,39.99,Standard Class,2,0.5,159.96,0.2904476119029757,0
PAYMENT,2,2,-97.46,99.96,Shipping on time,0,Indoor/Outdoor Games,Caguas,Puerto Rico,Corporate,PR,Fan Shop,USCA,Louisville,Estados Unidos,0.0,0.0,49.98,-0.98,2,99.96,99.96,-97.46,West of USA ,Colorado,PENDING_PAYMENT,O'Brien Men's Neoprene Life Vest,49.98,Second Class,0,1.0,199.92,-0.9749899959983992,0
DEBIT,4,4,-39.84,170.97,Shipping on time,0,Cleats,Aurora,EE. UU.,Consumer,IL,Apparel,LATAM,Santa Cruz de Barahona,República Dominicana,9.0,0.05,59.99,-0.23,3,179.97,170.97,-39.84,Caribbean,Barahona,COMPLETE,Perfect Fitness Perfect Rip Deck,59.99,Standard Class,0,0.75,539.91,-0.2213702283713952,0
TRANSFER,5,4,61.88,247.5,Late delivery,1,Women's Apparel,North Tonawanda,EE. UU.,Corporate,NY,Golf,USCA,Philadelphia,Estados Unidos,2.5,0.01,50.0,0.25,5,250.0,247.5,61.88,East of USA,Pensilvania,PROCESSING,Nike Men's Dri-FIT Victory Golf Polo,50.0,Standard Class,1,1.25,1250.0,0.24752,0
TRANSFER,6,4,37.58,104.38,Late delivery,1,Cleats,Chicago,EE. UU.,Consumer,IL,Apparel,LATAM,Apodaca,México,15.6,0.13,59.99,0.36,2,119.98,104.38,37.58,Central America,Nuevo León,PROCESSING,Perfect Fitness Perfect Rip Deck,59.99,Standard Class,2,0.5,239.96,0.3132188698116352,0
DEBIT,2,4,6.21,44.98,Advance shipping,0,Indoor/Outdoor Games,Caguas,Puerto Rico,Consumer,PR,Fan Shop,USCA,Los Angeles,Estados Unidos,5.0,0.1,49.98,0.14,1,49.98,44.98,6.21,West of USA ,California,COMPLETE,O'Brien Men's Neoprene Life Vest,49.98,Standard Class,-2,0.25,49.98,0.1242496998799519,0
TRANSFER,4,4,52.5,149.99,Shipping on time,0,Water Sports,Caguas,Puerto Rico,Consumer,PR,Fan Shop,LATAM,Navegantes,Brasil,50.0,0.25,199.99,0.35,1,199.99,149.99,52.5,South America,Santa Catarina,PENDING,Pelican Sunstream 100 Kayak,199.99,Standard Class,0,0.25,199.99,0.2625131256562828,0
DEBIT,6,2,86.4,192.0,Late delivery,1,Women's Apparel,North Bergen,EE. UU.,Corporate,NJ,Golf,Europe,Katowice,Polonia,8.0,0.04,50.0,0.45,4,200.0,192.0,86.4,Eastern Europe,Silesia,COMPLETE,Nike Men's Dri-FIT Victory Golf Polo,50.0,Second Class,4,2.0,800.0,0.432,0
TRANSFER,2,2,-205.9,128.69,Shipping canceled,0,Men's Footwear,Caguas,Puerto Rico,Corporate,PR,Apparel,USCA,Richmond,Estados Unidos,1.3,0.01,129.99,-1.6,1,129.99,128.69,-205.9,South of  USA ,Virginia,CANCELED,Nike Men's CJ Elite 2 TD Football Cleat,129.99,Second Class,0,0.5,129.99,-1.583967997538272,0
DEBIT,5,4,37.31,106.59,Late delivery,1,Men's Footwear,Vega Baja,Puerto Rico,Consumer,PR,Apparel,LATAM,Sorocaba,Brasil,23.4,0.18,129.99,0.35,1,129.99,106.59,37.31,South America,São Paulo,COMPLETE,Nike Men's CJ Elite 2 TD Football Cleat,129.99,Standard Class,1,0.25,129.99,0.2870220786214324,0
PAYMENT,2,2,19.2,95.98,Shipping on time,0,Cleats,Caguas,Puerto Rico,Corporate,PR,Apparel,Europe,La Rochelle,Francia,24.0,0.2,59.99,0.2,2,119.98,95.98,19.2,Western Europe,Aquitania-Lemosín-Poitou-Charentes,PENDING_PAYMENT,Perfect Fitness Perfect Rip Deck,59.99,Second Class,0,1.0,239.96,0.1600266711118519,0
TRANSFER,2,1,45.5,129.99,Late delivery,1,Men's Footwear,Caguas,Puerto Rico,Home Office,PR,Apparel,Pacific Asia,Geelong,Australia,0.0,0.0,129.99,0.35,1,129.99,129.99,45.5,Oceania,Victoria,PENDING,Nike Men's CJ Elite 2 TD Football Cleat,129.99,First Class,1,1.0,129.99,0.3500269251480883,1
DEBIT,3,4,11.34,75.58,Advance shipping,0,Shop By Sport,Wheaton,EE. UU.,Consumer,IL,Golf,LATAM,San Pedro Sula,Honduras,4.4,0.06,39.99,0.15,2,79.98,75.58,11.34,Central America,Cortés,COMPLETE,Under Armour Girls' Toddler Spine Surge Runni,39.99,Standard Class,-1,0.5,159.96,0.1417854463615903,0
DEBIT,0,0,100.78,287.95,Shipping on time,0,Cleats,Crown Point,EE. UU.,Consumer,IN,Apparel,Pacific Asia,Nom Pen,Camboya,12.0,0.04,59.99,0.35,5,299.95,287.95,100.78,Southeast Asia,Nom Pen,COMPLETE,Perfect Fitness Perfect Rip Deck,59.99,Same Day,0,inf,1499.75,0.3359893315552592,1
TRANSFER,2,1,18.0,239.98,Late delivery,1,Camping & Hiking,Caguas,Puerto Rico,Consumer,PR,Fan Shop,USCA,Little Rock,Estados Unidos,60.0,0.2,299.98,0.08,1,299.98,239.98,18.0,South of  USA ,Arkansas,PENDING,Diamondback Women's Serene Classic Comfort Bi,299.98,First Class,1,1.0,299.98,0.0600040002666844,1
CASH,2,4,21.73,47.23,Advance shipping,0,Accessories,Pomona,EE. UU.,Consumer,CA,Outdoors,Pacific Asia,Estambul,Turquía,2.75,0.06,24.99,0.46,2,49.98,47.23,21.73,West Asia,Estambul,CLOSED,Team Golf Pittsburgh Steelers Putter Grip,24.99,Standard Class,-2,0.5,99.96,0.4347739095638255,0
PAYMENT,2,1,90.14,195.95,Late delivery,1,Shop By Sport,Caguas,Puerto Rico,Corporate,PR,Golf,LATAM,Soyapango,El Salvador,4.0,0.02,39.99,0.46,5,199.95,195.95,90.14,Central America,San Salvador,PENDING_PAYMENT,Under Armour Girls' Toddler Spine Surge Runni,39.99,First Class,1,5.0,999.75,0.4508127031757939,1
TRANSFER,1,0,95.15,339.83,Late delivery,1,Kids' Golf Clubs,Aurora,EE. UU.,Home Office,CO,Outdoors,Europe,Norwich,Reino Unido,59.97,0.15,99.95,0.28,4,399.8,339.83,95.15,Northern Europe,Inglaterra,PROCESSING,Fitbit The One Wireless Activity & Sleep Trac,99.95,Same Day,1,inf,1599.2,0.2379939969984992,1
CASH,6,4,-104.11,38.56,Late delivery,1,Video Games,Chicago,EE. UU.,Consumer,IL,Discs Shop,Pacific Asia,Taiping,Malasia,1.19,0.03,39.75,-2.7,1,39.75,38.56,-104.11,Southeast Asia,Perak,CLOSED,Fighting video games,39.75,Standard Class,2,0.25,39.75,-2.6191194968553457,0
TRANSFER,3,4,30.71,122.84,Shipping canceled,0,Men's Footwear,Tucson,EE. UU.,Corporate,AZ,Apparel,Pacific Asia,Adelaide,Australia,7.15,0.06,129.99,0.25,1,129.99,122.84,30.71,Oceania,Australia del Sur,CANCELED,Nike Men's CJ Elite 2 TD Football Cleat,129.99,Standard Class,-1,0.25,129.99,0.2362489422263251,0
TRANSFER,4,4,20.66,251.98,Shipping on time,0,Camping & Hiking,Hawthorne,EE. UU.,Consumer,CA,Fan Shop,LATAM,Arica,Chile,48.0,0.16,299.98,0.08,1,299.98,251.98,20.66,South America,Arica y Parinacota,PENDING,Diamondback Women's Serene Classic Comfort Bi,299.98,Standard Class,0,0.25,299.98,0.0688712580838722,0
DEBIT,3,4,24.48,50.99,Advance shipping,0,Cleats,Ventura,EE. UU.,Consumer,CA,Apparel,Africa,Bertoua,Camerún,9.0,0.15,59.99,0.48,1,59.99,50.99,24.48,Central Africa,Est,COMPLETE,Perfect Fitness Perfect Rip Deck,59.99,Standard Class,-1,0.25,59.99,0.4080680113352225,0
TRANSFER,2,1,85.46,252.83,Late delivery,1,Music,Caguas,Puerto Rico,Consumer,PR,Discs Shop,Pacific Asia,Latur,India,7.82,0.03,260.65,0.34,1,260.65,252.83,85.46,South Asia,Maharashtra,PROCESSING,Rock music,260.65,First Class,1,1.0,260.65,0.3278726261269902,1
TRANSFER,4,4,105.97,230.36,Shipping on time,0,Cleats,East Lansing,EE. UU.,Corporate,MI,Apparel,Europe,Granada,España,9.6,0.04,59.99,0.46,4,239.96,230.36,105.97,Southern Europe,Andalucía,PENDING,Perfect Fitness Perfect Rip Deck,59.99,Standard Class,0,1.0,959.84,0.4416152692115352,0
PAYMENT,2,1,34.0,339.98,Late delivery,1,Fishing,Caguas,Puerto Rico,Consumer,PR,Fan Shop,USCA,Philadelphia,Estados Unidos,60.0,0.15,399.98,0.1,1,399.98,339.98,34.0,East of USA,Pensilvania,PENDING_PAYMENT,Field & Stream Sportsman 16 Gun Fire Safe,399.98,First Class,1,1.0,399.98,0.0850042502125106,1
DEBIT,3,2,74.97,351.98,Late delivery,1,Fishing,Caguas,Puerto Rico,Consumer,PR,Fan Shop,Europe,Seville,España,48.0,0.12,399.98,0.21,1,399.98,351.98,74.97,Southern Europe,Andalucía,COMPLETE,Field & Stream Sportsman 16 Gun Fire Safe,399.98,Second Class,1,0.5,399.98,0.1874343717185859,0
TRANSFER,0,0,-21.49,128.69,Shipping canceled,0,Men's Footwear,Caguas,Puerto Rico,Corporate,PR,Apparel,USCA,Philadelphia,Estados Unidos,1.3,0.01,129.99,-0.17,1,129.99,128.69,-21.49,East of USA,Pensilvania,CANCELED,Nike Men's CJ Elite 2 TD Football Cleat,129.99,Same Day,0,inf,129.99,-0.1653204092622509,1
TRANSFER,1,0,-112.58,84.97,Shipping canceled,0,Indoor/Outdoor Games,Chicago,EE. UU.,Consumer,IL,Fan Shop,LATAM,Huehuetenango,Guatemala,14.99,0.15,49.98,-1.33,2,99.96,84.97,-112.58,Central America,Huehuetenango,SUSPECTED_FRAUD,O'Brien Men's Neoprene Life Vest,49.98,Same Day,1,inf,199.92,-1.12625050020008,1
PAYMENT,6,4,-95.66,260.65,Late delivery,1,Music,Troy,EE. UU.,Home Office,NY,Discs Shop,Pacific Asia,Nagasaki,Japón,0.0,0.0,260.65,-0.37,1,260.65,260.65,-95.66,Eastern Asia,Nagasaki,PENDING_PAYMENT,Rock music,260.65,Standard Class,2,0.25,260.65,-0.3670055630155381,0
DEBIT,2,1,29.4,113.09,Late delivery,1,Men's Footwear,Aurora,EE. UU.,Corporate,CO,Apparel,Europe,Bordeaux,Francia,16.9,0.13,129.99,0.26,1,129.99,113.09,29.4,Western Europe,Aquitania-Lemosín-Poitou-Charentes,COMPLETE,Nike Men's CJ Elite 2 TD Football Cleat,129.99,First Class,1,1.0,129.99,0.2261712439418416,1
DEBIT,2,1,129.59,287.98,Late delivery,1,Camping & Hiking,Caguas,Puerto Rico,Home Office,PR,Fan Shop,Pacific Asia,Manila,Filipinas,12.0,0.04,299.98,0.45,1,299.98,287.98,129.59,Southeast Asia,Capital Nacional,COMPLETE,Diamondback Women's Serene Classic Comfort Bi,299.98,First Class,1,1.0,299.98,0.4319954663644242,1
PAYMENT,4,4,79.63,227.5,Shipping on time,0,Women's Apparel,Dallas,EE. UU.,Corporate,TX,Golf,Europe,Marseille,Francia,22.5,0.09,50.0,0.35,5,250.0,227.5,79.63,Western Europe,Provenza-Alpes-Costa Azul,PENDING_PAYMENT,Nike Men's Dri-FIT Victory Golf Polo,50.0,Standard Class,0,1.25,1250.0,0.3185199999999999,0
DEBIT,2,4,60.88,217.41,Advance shipping,0,Indoor/Outdoor Games,San Diego,EE. UU.,Consumer,CA,Fan Shop,Europe,Tamworth,Reino Unido,32.49,0.13,49.98,0.28,5,249.9,217.41,60.88,Northern Europe,Inglaterra,COMPLETE,O'Brien Men's Neoprene Life Vest,49.98,Standard Class,-2,1.25,1249.5,0.2436174469787915,0
PAYMENT,2,4,49.06,104.38,Advance shipping,0,Cleats,Corona,EE. UU.,Home Office,CA,Apparel,Pacific Asia,Lahore,Pakistán,15.6,0.13,59.99,0.47,2,119.98,104.38,49.06,South Asia,Punyab,PENDING_PAYMENT,Perfect Fitness Perfect Rip Deck,59.99,Standard Class,-2,0.5,239.96,0.4089014835805967,0
PAYMENT,5,2,20.93,46.5,Late delivery,1,Women's Apparel,Mission,EE. UU.,Consumer,TX,Golf,Pacific Asia,Depok,Indonesia,3.5,0.07,50.0,0.45,1,50.0,46.5,20.93,Southeast Asia,Yogyakarta,PENDING_PAYMENT,Nike Men's Dri-FIT Victory Golf Polo,50.0,Second Class,3,0.5,50.0,0.4185999999999999,0
TRANSFER,5,4,-1.54,118.29,Late delivery,1,Men's Footwear,West Covina,EE. UU.,Corporate,CA,Apparel,LATAM,Santo Domingo,República Dominicana,11.7,0.09,129.99,-0.01,1,129.99,118.29,-1.54,Caribbean,Santo Domingo,PROCESSING,Nike Men's CJ Elite 2 TD Football Cleat,129.99,Standard Class,1,0.25,129.99,-0.0118470651588583,0
PAYMENT,5,4,40.48,149.94,Late delivery,1,Indoor/Outdoor Games,Caguas,Puerto Rico,Corporate,PR,Fan Shop,Pacific Asia,Yakarta,Indonesia,0.0,0.0,49.98,0.27,3,149.94,149.94,40.48,Southeast Asia,Yakarta,PENDING_PAYMENT,O'Brien Men's Neoprene Life Vest,49.98,Standard Class,1,0.75,449.82,0.2699746565292784,0
TRANSFER,4,4,56.38,119.95,Shipping on time,0,Indoor/Outdoor Games,Tallahassee,EE. UU.,Consumer,FL,Fan Shop,USCA,Chicago,Estados Unidos,29.99,0.2,49.98,0.47,3,149.94,119.95,56.38,US Center ,Illinois,PENDING,O'Brien Men's Neoprene Life Vest,49.98,Standard Class,0,0.75,449.82,0.3760170734960651,0
TRANSFER,3,4,126.71,263.98,Advance shipping,0,Camping & Hiking,Caguas,Puerto Rico,Corporate,PR,Fan Shop,Europe,Dortmund,Alemania,36.0,0.12,299.98,0.48,1,299.98,263.98,126.71,Western Europe,Renania del Norte-Westfalia,PROCESSING,Diamondback Women's Serene Classic Comfort Bi,299.98,Standard Class,-1,0.25,299.98,0.4223948263217547,0
DEBIT,2,1,57.32,163.77,Late delivery,1,Cleats,Rancho Cucamonga,EE. UU.,Corporate,CA,Apparel,Europe,Garforth,Reino Unido,16.2,0.09,59.99,0.35,3,179.97,163.77,57.32,Northern Europe,Inglaterra,COMPLETE,Perfect Fitness Perfect Rip Deck,59.99,First Class,1,3.0,539.91,0.318497527365672,1
TRANSFER,5,4,-74.95,120.89,Late delivery,1,Men's Footwear,Kent,EE. UU.,Consumer,WA,Apparel,LATAM,Chihuahua,México,9.1,0.07,129.99,-0.62,1,129.99,120.89,-74.95,Central America,Chihuahua,PROCESSING,Nike Men's CJ Elite 2 TD Football Cleat,129.99,Standard Class,1,0.25,129.99,-0.5765828140626201,0
PAYMENT,1,0,32.71,436.1,Late delivery,1,Crafts,Caguas,Puerto Rico,Consumer,PR,Apparel,Pacific Asia,Adelaide,Australia,25.38,0.06,461.48,0.08,1,461.48,436.1,32.71,Oceania,Australia del Sur,PENDING_PAYMENT,Porcelain crafts,461.48,Same Day,1,inf,461.48,0.070880644881685,1
PAYMENT,2,1,235.18,489.95,Late delivery,1,Cardio Equipment,Reynoldsburg,EE. UU.,Consumer,OH,Footwear,Europe,Trappes,Francia,10.0,0.02,99.99,0.48,5,499.95,489.95,235.18,Western Europe,Isla de Francia,PENDING_PAYMENT,Nike Men's Free 5.0+ Running Shoe,99.99,First Class,1,5.0,2499.75,0.4704070407040704,1
TRANSFER,4,4,34.32,114.39,Shipping on time,0,Men's Footwear,Caguas,Puerto Rico,Consumer,PR,Apparel,LATAM,Resistencia,Argentina,15.6,0.12,129.99,0.3,1,129.99,114.39,34.32,South America,Chaco,PENDING,Nike Men's CJ Elite 2 TD Football Cleat,129.99,Standard Class,0,0.25,129.99,0.264020309254558,0
DEBIT,5,4,95.29,232.41,Late delivery,1,Indoor/Outdoor Games,Bronx,EE. UU.,Consumer,NY,Fan Shop,Africa,Dakar,Senegal,17.49,0.07,49.98,0.41,5,249.9,232.41,95.29,West Africa,Dakar,COMPLETE,O'Brien Men's Neoprene Life Vest,49.98,Standard Class,1,1.25,1249.5,0.381312525010004,0
CASH,3,2,11.9,42.48,Late delivery,1,Indoor/Outdoor Games,Caguas,Puerto Rico,Consumer,PR,Fan Shop,Pacific Asia,Nom Pen,Camboya,7.5,0.15,49.98,0.28,1,49.98,42.48,11.9,Southeast Asia,Nom Pen,CLOSED,O'Brien Men's Neoprene Life Vest,49.98,Second Class,1,0.5,49.98,0.2380952380952381,0
PAYMENT,5,4,41.16,84.0,Late delivery,1,Women's Apparel,Baldwin Park,EE. UU.,Consumer,CA,Golf,Europe,Tilburg,Países Bajos,16.0,0.16,50.0,0.49,2,100.0,84.0,41.16,Western Europe,Brabante Septentrional,PENDING_PAYMENT,Nike Men's Dri-FIT Victory Golf Polo,50.0,Standard Class,1,0.5,200.0,0.4115999999999999,0
TRANSFER,2,4,66.15,188.99,Advance shipping,0,Water Sports,Bakersfield,EE. UU.,Consumer,CA,Fan Shop,USCA,Philadelphia,Estados Unidos,11.0,0.06,199.99,0.35,1,199.99,188.99,66.15,East of USA,Pensilvania,PENDING,Pelican Sunstream 100 Kayak,199.99,Standard Class,-2,0.25,199.99,0.3307665383269164,0
TRANSFER,2,4,10.8,179.99,Advance shipping,0,Water Sports,Miami,EE. UU.,Consumer,FL,Fan Shop,LATAM,Puebla,México,20.0,0.1,199.99,0.06,1,199.99,179.99,10.8,Central America,Puebla,PENDING,Pelican Sunstream 100 Kayak,199.99,Standard Class,-2,0.25,199.99,0.0540027001350067,0
DEBIT,2,1,82.64,284.95,Late delivery,1,Cleats,Bronx,EE. UU.,Corporate,NY,Apparel,Europe,Jersón,Ucrania,15.0,0.05,59.99,0.29,5,299.95,284.95,82.64,Eastern Europe,Jersón,COMPLETE,Perfect Fitness Perfect Rip Deck,59.99,First Class,1,5.0,1499.75,0.2755125854309052,1
DEBIT,2,4,84.58,179.96,Advance shipping,0,Shop By Sport,La Habra,EE. UU.,Consumer,CA,Golf,Europe,Dublín,Irlanda,20.0,0.1,39.99,0.47,5,199.95,179.96,84.58,Northern Europe,Dublín,COMPLETE,Under Armour Girls' Toddler Spine Surge Runni,39.99,Standard Class,-2,1.25,999.75,0.4230057514378594,0
PAYMENT,4,4,115.19,239.98,Shipping on time,0,Camping & Hiking,Caguas,Puerto Rico,Home Office,PR,Fan Shop,Pacific Asia,Bishkek,Kirguistán,60.0,0.2,299.98,0.48,1,299.98,239.98,115.19,Central Asia,Bishkek,PENDING_PAYMENT,Diamondback Women's Serene Classic Comfort Bi,299.98,Standard Class,0,0.25,299.98,0.3839922661510767,0
DEBIT,3,4,-25.86,146.94,Advance shipping,0,Indoor/Outdoor Games,Phoenix,EE. UU.,Consumer,AZ,Fan Shop,LATAM,Juárez,México,3.0,0.02,49.98,-0.18,3,149.94,146.94,-25.86,Central America,Chihuahua,ON_HOLD,O'Brien Men's Neoprene Life Vest,49.98,Standard Class,-1,0.75,449.82,-0.172468987595038,0
PAYMENT,3,4,84.45,175.93,Advance shipping,0,Indoor/Outdoor Games,Caguas,Puerto Rico,Consumer,PR,Fan Shop,LATAM,David,Panamá,23.99,0.12,49.98,0.48,4,199.92,175.93,84.45,Central America,Chiriquí,PENDING_PAYMENT,O'Brien Men's Neoprene Life Vest,49.98,Standard Class,-1,1.0,799.68,0.4224189675870348,0
DEBIT,5,4,49.27,140.76,Late delivery,1,Shop By Sport,Garden Grove,EE. UU.,Consumer,CA,Golf,Europe,Rome,Italia,19.2,0.12,39.99,0.35,4,159.96,140.76,49.27,Southern Europe,Lacio,ON_HOLD,Under Armour Girls' Toddler Spine Surge Runni,39.99,Standard Class,1,1.0,639.84,0.3080145036259065,0
TRANSFER,6,4,91.47,251.98,Late delivery,1,Camping & Hiking,Laguna Niguel,EE. UU.,Consumer,CA,Fan Shop,Europe,Berlín,Alemania,48.0,0.16,299.98,0.36,1,299.98,251.98,91.47,Western Europe,Berlín,PENDING,Diamondback Women's Serene Classic Comfort Bi,299.98,Standard Class,2,0.25,299.98,0.3049203280218681,0
DEBIT,2,4,9.7,48.5,Advance shipping,0,Women's Apparel,Glendale,EE. UU.,Corporate,AZ,Golf,Africa,Mabopane,SudAfrica,1.5,0.03,50.0,0.2,1,50.0,48.5,9.7,Southern Africa,Gauteng,COMPLETE,Nike Men's Dri-FIT Victory Golf Polo,50.0,Standard Class,-2,0.25,50.0,0.1939999999999999,0
TRANSFER,5,2,39.9,299.98,Late delivery,1,Camping & Hiking,Caguas,Puerto Rico,Home Office,PR,Fan Shop,USCA,North York,Canada,0.0,0.0,299.98,0.13,1,299.98,299.98,39.9,Canada,Ontario,PENDING,Diamondback Women's Serene Classic Comfort Bi,299.98,Second Class,3,0.5,299.98,0.1330088672578172,0
DEBIT,4,4,0.0,327.98,Shipping on time,0,Fishing,Orlando,EE. UU.,Home Office,FL,Fan Shop,LATAM,Juárez,México,72.0,0.18,399.98,0.0,1,399.98,327.98,0.0,Central America,Chihuahua,COMPLETE,Field & Stream Sportsman 16 Gun Fire Safe,399.98,Standard Class,0,0.25,399.98,0.0,0
PAYMENT,3,2,181.43,377.98,Late delivery,1,Fishing,Caguas,Puerto Rico,Consumer,PR,Fan Shop,Pacific Asia,Mecca,Arabia Saudí,22.0,0.06,399.98,0.48,1,399.98,377.98,181.43,West Asia,Meca,PENDING_PAYMENT,Field & Stream Sportsman 16 Gun Fire Safe,399.98,Second Class,1,0.5,399.98,0.4535976798839942,0
TRANSFER,6,4,74.4,185.99,Late delivery,1,Water Sports,Indianapolis,EE. UU.,Corporate,IN,Fan Shop,LATAM,Chinautla,Guatemala,14.0,0.07,199.99,0.4,1,199.99,185.99,74.4,Central America,Guatemala,PROCESSING,Pelican Sunstream 100 Kayak,199.99,Standard Class,2,0.25,199.99,0.3720186009300465,0
DEBIT,4,2,79.19,239.96,Late delivery,1,Cleats,Ontario,EE. UU.,Consumer,CA,Apparel,Europe,Ravenna,Italia,0.0,0.0,59.99,0.33,4,239.96,239.96,79.19,Southern Europe,Emilia-Romaña,COMPLETE,Perfect Fitness Perfect Rip Deck,59.99,Second Class,2,2.0,959.84,0.330013335555926,0
DEBIT,2,1,-146.56,199.95,Late delivery,1,Shop By Sport,Caguas,Puerto Rico,Consumer,PR,Golf,Europe,Cheliábinsk,Rusia,0.0,0.0,39.99,-0.73,5,199.95,199.95,-146.56,Eastern Europe,Cheliábinsk,COMPLETE,Under Armour Girls' Toddler Spine Surge Runni,39.99,First Class,1,5.0,999.75,-0.7329832458114529,1
DEBIT,1,0,-222.49,303.54,Late delivery,1,Children's Clothing,Hawthorne,EE. UU.,Consumer,CA,Apparel,Europe,Lattes,Francia,53.57,0.15,357.1,-0.73,1,357.1,303.54,-222.49,Western Europe,Languedoc-Rosellón-Mediodía-Pirineos,COMPLETE,Children's heaters,357.1,Same Day,1,inf,357.1,-0.6230467656118734,1
TRANSFER,2,1,15.25,134.98,Late delivery,1,Cleats,Caguas,Puerto Rico,Consumer,PR,Apparel,Pacific Asia,Osmaniye,Turquía,44.99,0.25,59.99,0.11,3,179.97,134.98,15.25,West Asia,Osmaniye,PENDING,Perfect Fitness Perfect Rip Deck,59.99,First Class,1,3.0,539.91,0.0847363449463799,1
CASH,2,4,191.99,399.98,Advance shipping,0,Fishing,Staten Island,EE. UU.,Home Office,NY,Fan Shop,Africa,Casablanca,Marruecos,0.0,0.0,399.98,0.48,1,399.98,399.98,191.99,North Africa,Gran Casablanca,CLOSED,Field & Stream Sportsman 16 Gun Fire Safe,399.98,Standard Class,-2,0.25,399.98,0.4799989999499975,0
TRANSFER,2,2,135.99,399.98,Shipping canceled,0,Fishing,Caguas,Puerto Rico,Corporate,PR,Fan Shop,LATAM,Chaguanas,Trinidad y Tobago,0.0,0.0,399.98,0.34,1,399.98,399.98,135.99,Caribbean,Chaguanas,SUSPECTED_FRAUD,Field & Stream Sportsman 16 Gun Fire Safe,399.98,Second Class,0,0.5,399.98,0.33999199959998,0
PAYMENT,2,2,5.15,19.79,Shipping on time,0,Golf Balls,Mesa,EE. UU.,Home Office,AZ,Outdoors,LATAM,Santiago de Cuba,Cuba,0.2,0.01,19.99,0.26,1,19.99,19.79,5.15,Caribbean,Santiago de Cuba,PENDING_PAYMENT,Glove It Women's Mod Oval Golf Glove,19.99,Second Class,0,0.5,19.99,0.2576288144072036,0
CASH,6,4,20.92,55.79,Late delivery,1,Cleats,Pompano Beach,EE. UU.,Consumer,FL,Apparel,Africa,Cairo,Egipto,4.2,0.07,59.99,0.38,1,59.99,55.79,20.92,North Africa,El Cairo,CLOSED,Perfect Fitness Perfect Rip Deck,59.99,Standard Class,2,0.25,59.99,0.3487247874645774,0
TRANSFER,2,1,13.0,129.99,Late delivery,1,Men's Footwear,Caguas,Puerto Rico,Corporate,PR,Apparel,Europe,Valladolid,España,0.0,0.0,129.99,0.1,1,129.99,129.99,13.0,Southern Europe,Castilla y León,PENDING,Nike Men's CJ Elite 2 TD Football Cleat,129.99,First Class,1,1.0,129.99,0.1000076928994538,1
CASH,5,4,80.99,299.97,Late delivery,1,Cardio Equipment,Caguas,Puerto Rico,Corporate,PR,Footwear,Europe,Pontault-Combault,Francia,99.99,0.25,99.99,0.27,4,399.96,299.97,80.99,Western Europe,Isla de Francia,CLOSED,Nike Men's Free 5.0+ Running Shoe,99.99,Standard Class,1,1.0,1599.84,0.2024952495249525,0
DEBIT,0,0,42.0,150.0,Shipping on time,0,Women's Apparel,Philadelphia,EE. UU.,Corporate,PA,Golf,Africa,Kinshasa,República Democrática del Congo,50.0,0.25,50.0,0.28,4,200.0,150.0,42.0,Central Africa,Kinshasa,COMPLETE,Nike Men's Dri-FIT Victory Golf Polo,50.0,Same Day,0,inf,800.0,0.21,1
TRANSFER,2,1,51.83,107.98,Late delivery,1,Cleats,Houston,EE. UU.,Corporate,TX,Apparel,Pacific Asia,Pune,India,12.0,0.1,59.99,0.48,2,119.98,107.98,51.83,South Asia,Maharashtra,PENDING,Perfect Fitness Perfect Rip Deck,59.99,First Class,1,2.0,239.96,0.4319886647774629,1
PAYMENT,2,2,78.29,260.96,Shipping on time,0,Cleats,Garden Grove,EE. UU.,Corporate,CA,Apparel,Africa,Algiers,Argelia,38.99,0.13,59.99,0.3,5,299.95,260.96,78.29,North Africa,Alger,PENDING_PAYMENT,Perfect Fitness Perfect Rip Deck,59.99,Second Class,0,2.5,1499.75,0.2610101683613935,0
DEBIT,2,4,-35.27,100.77,Advance shipping,0,Shop By Sport,Caguas,Puerto Rico,Consumer,PR,Golf,Europe,Dublín,Irlanda,19.2,0.16,39.99,-0.35,3,119.97,100.77,-35.27,Northern Europe,Dublín,COMPLETE,Under Armour Girls' Toddler Spine Surge Runni,39.99,Standard Class,-2,0.75,359.91,-0.2939901642077186,0
PAYMENT,6,4,67.3,203.95,Late delivery,1,Women's Clothing,Chula Vista,EE. UU.,Corporate,CA,Apparel,Pacific Asia,Lahore,Pakistán,11.87,0.06,215.82,0.33,1,215.82,203.95,67.3,South Asia,Punyab,PENDING_PAYMENT,Summer dresses,215.82,Standard Class,2,0.25,215.82,0.3118339356871467,0
TRANSFER,4,2,-20.23,284.98,Late delivery,1,Camping & Hiking,Caguas,Puerto Rico,Consumer,PR,Fan Shop,LATAM,Chimaltenango,Guatemala,15.0,0.05,299.98,-0.07,1,299.98,284.98,-20.23,Central America,Chimaltenango,PROCESSING,Diamondback Women's Serene Classic Comfort Bi,299.98,Second Class,2,0.5,299.98,-0.0674378291886125,0
TRANSFER,1,0,11.72,188.98,Late delivery,1,Cardio Equipment,Irwin,EE. UU.,Consumer,PA,Footwear,Pacific Asia,Manukau City,Nueva Zelanda,11.0,0.06,99.99,0.06,2,199.98,188.98,11.72,Oceania,Auckland,PENDING,Nike Men's Free 5.0+ Running Shoe,99.99,Same Day,1,inf,399.96,0.0586058605860586,1
DEBIT,4,4,59.85,284.98,Shipping on time,0,Camping & Hiking,Caguas,Puerto Rico,Consumer,PR,Fan Shop,Europe,Troisdorf,Alemania,15.0,0.05,299.98,0.21,1,299.98,284.98,59.85,Western Europe,Renania del Norte-Westfalia,COMPLETE,Diamondback Women's Serene Classic Comfort Bi,299.98,Standard Class,0,0.25,299.98,0.1995133008867257,0
DEBIT,2,4,66.24,195.99,Advance shipping,0,Water Sports,Campbell,EE. UU.,Consumer,CA,Fan Shop,LATAM,Santa Catarina,México,4.0,0.02,199.99,0.34,1,199.99,195.99,66.24,Central America,Nuevo León,COMPLETE,Pelican Sunstream 100 Kayak,199.99,Standard Class,-2,0.25,199.99,0.3312165608280413,0
DEBIT,6,4,0.83,11.06,Late delivery,1,CDs ,Las Vegas,EE. UU.,Corporate,NV,Discs Shop,Pacific Asia,Gold Coast,Australia,0.23,0.02,11.29,0.08,1,11.29,11.06,0.83,Oceania,Queensland,COMPLETE,CDs of rock,11.29,Standard Class,2,0.25,11.29,0.0735163861824623,0
DEBIT,4,2,31.43,120.89,Late delivery,1,Men's Footwear,Endicott,EE. UU.,Corporate,NY,Apparel,Europe,Saint-Chamond,Francia,9.1,0.07,129.99,0.26,1,129.99,120.89,31.43,Western Europe,Auvernia-Ródano-Alpes,COMPLETE,Nike Men's CJ Elite 2 TD Football Cleat,129.99,Second Class,2,0.5,129.99,0.241787829833064,0
PAYMENT,2,1,4.35,87.0,Late delivery,1,Women's Apparel,Caguas,Puerto Rico,Consumer,PR,Golf,Pacific Asia,Estambul,Turquía,13.0,0.13,50.0,0.05,2,100.0,87.0,4.35,West Asia,Estambul,PENDING_PAYMENT,Nike Men's Dri-FIT Victory Golf Polo,50.0,First Class,1,2.0,200.0,0.0435,1
DEBIT,4,4,56.78,118.29,Shipping on time,0,Men's Footwear,Humacao,Puerto Rico,Consumer,PR,Apparel,Europe,Barcelona,España,11.7,0.09,129.99,0.48,1,129.99,118.29,56.78,Southern Europe,Cataluña,COMPLETE,Nike Men's CJ Elite 2 TD Football Cleat,129.99,Standard Class,0,0.25,129.99,0.4368028309869989,0
DEBIT,4,4,32.01,96.99,Shipping on time,0,Cardio Equipment,Caguas,Puerto Rico,Consumer,PR,Footwear,USCA,Mesa,Estados Unidos,3.0,0.03,99.99,0.33,1,99.99,96.99,32.01,West of USA ,Arizona,COMPLETE,Nike Men's Free 5.0+ Running Shoe,99.99,Standard Class,0,0.25,99.99,0.3201320132013201,0
TRANSFER,5,4,12.34,109.19,Late delivery,1,Men's Footwear,Caguas,Puerto Rico,Corporate,PR,Apparel,Europe,Zurich,Suiza,20.8,0.16,129.99,0.11,1,129.99,109.19,12.34,Western Europe,Zúrich,PENDING,Nike Men's CJ Elite 2 TD Football Cleat,129.99,Standard Class,1,0.25,129.99,0.094930379259943,0
DEBIT,3,4,12.0,159.99,Advance shipping,0,Water Sports,Caguas,Puerto Rico,Consumer,PR,Fan Shop,Africa,Nouakchott,Mauritania,40.0,0.2,199.99,0.08,1,199.99,159.99,12.0,West Africa,Nouakchott,COMPLETE,Pelican Sunstream 100 Kayak,199.99,Standard Class,-1,0.25,199.99,0.0600030001500075,0
PAYMENT,3,4,115.19,239.98,Advance shipping,0,Cardio Equipment,Grove City,EE. UU.,Consumer,OH,Footwear,Pacific Asia,Mersin,Turquía,59.99,0.2,99.99,0.48,3,299.97,239.98,115.19,West Asia,Mersin,PENDING_PAYMENT,Nike Men's Free 5.0+ Running Shoe,99.99,Standard Class,-1,0.75,899.9100000000001,0.3840050671733839,0
TRANSFER,2,4,-127.53,173.98,Advance shipping,0,Cardio Equipment,Caguas,Puerto Rico,Corporate,PR,Footwear,Europe,Cologne,Alemania,26.0,0.13,99.99,-0.73,2,199.98,173.98,-127.53,Western Europe,Renania del Norte-Westfalia,PENDING,Nike Men's Free 5.0+ Running Shoe,99.99,Standard Class,-2,0.5,399.96,-0.6377137713771378,0
PAYMENT,5,4,20.96,58.22,Late delivery,1,Electronics,Caguas,Puerto Rico,Consumer,PR,Footwear,Pacific Asia,Tabuk,Arabia Saudí,5.76,0.09,31.99,0.36,2,63.98,58.22,20.96,West Asia,Tabuk,PENDING_PAYMENT,Under Armour Women's Ignite PIP VI Slide,31.99,Standard Class,1,0.5,127.96,0.3276023757424195,0
PAYMENT,3,2,36.83,174.57,Late delivery,1,Baseball & Softball,Virginia Beach,EE. UU.,Corporate,VA,Fitness,Pacific Asia,Amasya,Turquía,5.4,0.03,59.99,0.21,3,179.97,174.57,36.83,West Asia,Amasya,PENDING_PAYMENT,adidas Men's F10 Messi TRX FG Soccer Cleat,59.99,Second Class,1,1.5,539.91,0.2046452186475523,0
DEBIT,6,4,55.16,151.96,Late delivery,1,Shop By Sport,Las Vegas,EE. UU.,Consumer,NV,Golf,Pacific Asia,Almaty,Kazajistán,8.0,0.05,39.99,0.36,4,159.96,151.96,55.16,Central Asia,Ciudad de Almatý,COMPLETE,Under Armour Girls' Toddler Spine Surge Runni,39.99,Standard Class,2,1.0,639.84,0.344836209052263,0
TRANSFER,2,2,23.63,189.0,Shipping on time,0,Women's Apparel,Houston,EE. UU.,Consumer,TX,Golf,LATAM,Coyoacán,México,11.0,0.06,50.0,0.13,4,200.0,189.0,23.63,Central America,Distrito Federal,PENDING,Nike Men's Dri-FIT Victory Golf Polo,50.0,Second Class,0,2.0,800.0,0.1181499999999999,0
DEBIT,2,1,-52.2,173.99,Late delivery,1,Water Sports,Cleveland,EE. UU.,Home Office,OH,Fan Shop,Pacific Asia,Estambul,Turquía,26.0,0.13,199.99,-0.3,1,199.99,173.99,-52.2,West Asia,Estambul,COMPLETE,Pelican Sunstream 100 Kayak,199.99,First Class,1,1.0,199.99,-0.2610130506525326,1
TRANSFER,2,1,52.39,167.37,Late delivery,1,Cleats,Caguas,Puerto Rico,Corporate,PR,Apparel,Europe,Florence,Italia,12.6,0.07,59.99,0.31,3,179.97,167.37,52.39,Southern Europe,Toscana,PROCESSING,Perfect Fitness Perfect Rip Deck,59.99,First Class,1,3.0,539.91,0.291104072901039,1
DEBIT,2,4,28.69,81.97,Advance shipping,0,Indoor/Outdoor Games,North Hills,EE. UU.,Consumer,CA,Fan Shop,USCA,Philadelphia,Estados Unidos,17.99,0.18,49.98,0.35,2,99.96,81.97,28.69,East of USA,Pensilvania,COMPLETE,O'Brien Men's Neoprene Life Vest,49.98,Standard Class,-2,0.5,199.92,0.287014805922369,0
PAYMENT,2,1,38.47,170.97,Late delivery,1,Cleats,Indianapolis,EE. UU.,Corporate,IN,Apparel,LATAM,Managua,Nicaragua,9.0,0.05,59.99,0.23,3,179.97,170.97,38.47,Central America,Managua,PAYMENT_REVIEW,Perfect Fitness Perfect Rip Deck,59.99,First Class,1,3.0,539.91,0.2137578485303106,1
TRANSFER,6,2,26.4,351.98,Shipping canceled,0,Fishing,Caguas,Puerto Rico,Consumer,PR,Fan Shop,Africa,Alexandria,Egipto,48.0,0.12,399.98,0.08,1,399.98,351.98,26.4,North Africa,Alejandría,CANCELED,Field & Stream Sportsman 16 Gun Fire Safe,399.98,Second Class,4,0.5,399.98,0.0660033001650082,0
PAYMENT,0,0,37.51,331.98,Shipping on time,0,Fishing,Caguas,Puerto Rico,Consumer,PR,Fan Shop,Europe,Bourges,Francia,68.0,0.17,399.98,0.11,1,399.98,331.98,37.51,Western Europe,Centro-Valle de Loira,PENDING_PAYMENT,Field & Stream Sportsman 16 Gun Fire Safe,399.98,Same Day,0,inf,399.98,0.0937796889844492,1
CASH,2,1,24.9,99.58,Late delivery,1,Cleats,Jacksonville,EE. UU.,Corporate,NC,Apparel,Europe,Toulouse,Francia,20.4,0.17,59.99,0.25,2,119.98,99.58,24.9,Western Europe,Languedoc-Rosellón-Mediodía-Pirineos,CLOSED,Perfect Fitness Perfect Rip Deck,59.99,First Class,1,2.0,239.96,0.207534589098183,1
TRANSFER,4,2,56.68,125.95,Late delivery,1,Indoor/Outdoor Games,San Bernardino,EE. UU.,Consumer,CA,Fan Shop,USCA,Jacksonville,Estados Unidos,23.99,0.16,49.98,0.45,3,149.94,125.95,56.68,South of  USA ,Florida,PENDING,O'Brien Men's Neoprene Life Vest,49.98,Second Class,2,1.5,449.82,0.3780178738161932,0
PAYMENT,1,0,6.99,104.37,Late delivery,1,Shop By Sport,Caguas,Puerto Rico,Corporate,PR,Golf,Europe,Oradea,Rumania,15.6,0.13,39.99,0.07,3,119.97,104.37,6.99,Eastern Europe,Bihor,PENDING_PAYMENT,Under Armour Girls' Toddler Spine Surge Runni,39.99,Same Day,1,inf,359.91,0.0582645661415353,1
DEBIT,2,2,66.0,239.98,Shipping on time,0,Camping & Hiking,Caguas,Puerto Rico,Home Office,PR,Fan Shop,Europe,Schwerin,Alemania,60.0,0.2,299.98,0.28,1,299.98,239.98,66.0,Western Europe,Mecklemburgo-Pomerania Occidental,COMPLETE,Diamondback Women's Serene Classic Comfort Bi,299.98,Second Class,0,0.5,299.98,0.2200146676445096,0
TRANSFER,6,4,44.62,254.98,Late delivery,1,Camping & Hiking,Las Cruces,EE. UU.,Consumer,NM,Fan Shop,Europe,Stoke-on-Trent,Reino Unido,45.0,0.15,299.98,0.18,1,299.98,254.98,44.62,Northern Europe,Inglaterra,PROCESSING,Diamondback Women's Serene Classic Comfort Bi,299.98,Standard Class,2,0.25,299.98,0.1487432495499699,0
TRANSFER,2,1,10.81,122.84,Late delivery,1,Men's Footwear,Chicago,EE. UU.,Consumer,IL,Apparel,Pacific Asia,Lahore,Pakistán,7.15,0.06,129.99,0.09,1,129.99,122.84,10.81,South Asia,Punyab,PENDING,Nike Men's CJ Elite 2 TD Football Cleat,129.99,First Class,1,1.0,129.99,0.0831602430956227,1
TRANSFER,5,2,186.96,397.8,Late delivery,1,Cameras ,Brooklyn,EE. UU.,Consumer,NY,Technology,Europe,Bottrop,Alemania,54.24,0.12,452.04,0.47,1,452.04,397.8,186.96,Western Europe,Renania del Norte-Westfalia,PENDING,Web Camera,452.04,Second Class,3,0.5,452.04,0.4135917175471197,0
PAYMENT,3,4,79.67,248.98,Advance shipping,0,Camping & Hiking,Caguas,Puerto Rico,Consumer,PR,Fan Shop,Europe,Frederiksberg,Dinamarca,51.0,0.17,299.98,0.32,1,299.98,248.98,79.67,Northern Europe,Región Capital,PENDING_PAYMENT,Diamondback Women's Serene Classic Comfort Bi,299.98,Standard Class,-1,0.25,299.98,0.265584372291486,0
TRANSFER,6,4,122.39,359.98,Shipping canceled,0,Fishing,Irwin,EE. UU.,Home Office,PA,Fan Shop,Pacific Asia,Christchurch,Nueva Zelanda,40.0,0.1,399.98,0.34,1,399.98,359.98,122.39,Oceania,Canterbury,SUSPECTED_FRAUD,Field & Stream Sportsman 16 Gun Fire Safe,399.98,Standard Class,2,0.25,399.98,0.3059902995149757,0
DEBIT,4,4,115.82,296.98,Shipping on time,0,Camping & Hiking,Caguas,Puerto Rico,Consumer,PR,Fan Shop,Europe,Rome,Italia,3.0,0.01,299.98,0.39,1,299.98,296.98,115.82,Southern Europe,Lacio,COMPLETE,Diamondback Women's Serene Classic Comfort Bi,299.98,Standard Class,0,0.25,299.98,0.3860924061604106,0
TRANSFER,1,0,115.19,383.98,Late delivery,1,Fishing,Marietta,EE. UU.,Consumer,GA,Fan Shop,LATAM,Cienfuegos,Cuba,16.0,0.04,399.98,0.3,1,399.98,383.98,115.19,Caribbean,Cienfuegos,PROCESSING,Field & Stream Sportsman 16 Gun Fire Safe,399.98,Same Day,1,inf,399.98,0.2879893994699735,1
DEBIT,2,4,26.77,116.38,Advance shipping,0,Cleats,Fort Washington,EE. UU.,Consumer,MD,Apparel,Europe,Reading,Reino Unido,3.6,0.03,59.99,0.23,2,119.98,116.38,26.77,Northern Europe,Inglaterra,COMPLETE,Perfect Fitness Perfect Rip Deck,59.99,Standard Class,-2,0.5,239.96,0.2231205200866811,0
DEBIT,4,2,27.06,71.2,Late delivery,1,Golf Balls,Milford,EE. UU.,Home Office,CT,Outdoors,USCA,San Jose,Estados Unidos,3.75,0.05,14.99,0.38,5,74.95,71.2,27.06,West of USA ,California,COMPLETE,Hirzl Women's Hybrid Golf Glove,14.99,Second Class,2,2.5,374.75,0.3610406937958639,0
PAYMENT,3,4,31.29,107.89,Advance shipping,0,Men's Footwear,Caguas,Puerto Rico,Corporate,PR,Apparel,Pacific Asia,Alanya,Turquía,22.1,0.17,129.99,0.29,1,129.99,107.89,31.29,West Asia,Antalya,PENDING_PAYMENT,Nike Men's CJ Elite 2 TD Football Cleat,129.99,Standard Class,-1,0.25,129.99,0.2407108239095314,0
TRANSFER,3,4,129.58,269.96,Advance shipping,0,Cleats,Bronx,EE. UU.,Consumer,NY,Apparel,LATAM,Mexicali,México,30.0,0.1,59.99,0.48,5,299.95,269.96,129.58,Central America,Baja California,PROCESSING,Perfect Fitness Perfect Rip Deck,59.99,Standard Class,-1,1.25,1499.75,0.4320053342223705,0
TRANSFER,2,4,55.86,116.38,Shipping canceled,0,Cleats,Caguas,Puerto Rico,Consumer,PR,Apparel,USCA,Marysville,Estados Unidos,3.6,0.03,59.99,0.48,2,119.98,116.38,55.86,West of USA ,Washington,SUSPECTED_FRAUD,Perfect Fitness Perfect Rip Deck,59.99,Standard Class,-2,0.5,239.96,0.4655775962660443,0
DEBIT,5,4,8.7,34.79,Late delivery,1,Shop By Sport,Caguas,Puerto Rico,Consumer,PR,Golf,Europe,Castres,Francia,5.2,0.13,39.99,0.25,1,39.99,34.79,8.7,Western Europe,Languedoc-Rosellón-Mediodía-Pirineos,COMPLETE,Under Armour Girls' Toddler Spine Surge Runni,39.99,Standard Class,1,0.25,39.99,0.2175543885971492,0
PAYMENT,6,4,7.68,23.99,Late delivery,1,Lacrosse,Caguas,Puerto Rico,Corporate,PR,Fitness,Europe,Marseille,Francia,1.0,0.04,24.99,0.32,1,24.99,23.99,7.68,Western Europe,Provenza-Alpes-Costa Azul,PENDING_PAYMENT,Under Armour Men's Tech II T-Shirt,24.99,Standard Class,2,0.25,24.99,0.3073229291716687,0
PAYMENT,5,4,21.37,284.95,Late delivery,1,Cleats,Caguas,Puerto Rico,Home Office,PR,Apparel,Europe,Dniprodzerzhyns'k,Ucrania,15.0,0.05,59.99,0.08,5,299.95,284.95,21.37,Eastern Europe,Dnipropetrovsk,PENDING_PAYMENT,Perfect Fitness Perfect Rip Deck,59.99,Standard Class,1,1.25,1499.75,0.0712452075345891,0
TRANSFER,3,4,22.29,127.39,Advance shipping,0,Men's Footwear,San Juan,Puerto Rico,Consumer,PR,Apparel,LATAM,San Miguelito,Panamá,2.6,0.02,129.99,0.18,1,129.99,127.39,22.29,Central America,Panamá,PROCESSING,Nike Men's CJ Elite 2 TD Football Cleat,129.99,Standard Class,-1,0.25,129.99,0.1714747288252942,0
DEBIT,2,1,38.22,113.09,Late delivery,1,Men's Footwear,Napa,EE. UU.,Corporate,CA,Apparel,Pacific Asia,Bishkek,Kirguistán,16.9,0.13,129.99,0.34,1,129.99,113.09,38.22,Central Asia,Bishkek,COMPLETE,Nike Men's CJ Elite 2 TD Football Cleat,129.99,First Class,1,1.0,129.99,0.2940226171243941,1
CASH,2,1,63.73,132.77,Late delivery,1,Shop By Sport,San Jose,EE. UU.,Home Office,CA,Golf,Europe,Nantes,Francia,27.19,0.17,39.99,0.48,4,159.96,132.77,63.73,Western Europe,Países del Loira,CLOSED,Under Armour Girls' Toddler Spine Surge Runni,39.99,First Class,1,4.0,639.84,0.3984121030257564,1
TRANSFER,2,2,56.74,126.09,Shipping on time,0,Men's Footwear,New York,EE. UU.,Home Office,NY,Apparel,Africa,Bulawayo,Zimbabue,3.9,0.03,129.99,0.45,1,129.99,126.09,56.74,East Africa,Bulawayo,PROCESSING,Nike Men's CJ Elite 2 TD Football Cleat,129.99,Second Class,0,0.5,129.99,0.4364951150088468,0
PAYMENT,2,1,11.61,131.95,Late delivery,1,Indoor/Outdoor Games,Summerville,EE. UU.,Consumer,SC,Fan Shop,Africa,Casablanca,Marruecos,17.99,0.12,49.98,0.09,3,149.94,131.95,11.61,North Africa,Gran Casablanca,PAYMENT_REVIEW,O'Brien Men's Neoprene Life Vest,49.98,First Class,1,3.0,449.82,0.0774309723889555,1
TRANSFER,5,4,25.22,97.0,Late delivery,1,Women's Apparel,Caguas,Puerto Rico,Consumer,PR,Golf,Pacific Asia,Durgapur,India,3.0,0.03,50.0,0.26,2,100.0,97.0,25.22,South Asia,Maharashtra,PENDING,Nike Men's Dri-FIT Victory Golf Polo,50.0,Standard Class,1,0.5,200.0,0.2522,0
DEBIT,5,4,37.49,299.95,Late delivery,1,Cleats,Hialeah,EE. UU.,Corporate,FL,Apparel,Pacific Asia,Chittagong,Bangladés,0.0,0.0,59.99,0.13,5,299.95,299.95,37.49,South Asia,Chittagong,COMPLETE,Perfect Fitness Perfect Rip Deck,59.99,Standard Class,1,1.25,1499.75,0.1249874979163194,0
DEBIT,2,1,52.0,199.99,Late delivery,1,Water Sports,Caguas,Puerto Rico,Corporate,PR,Fan Shop,Africa,Abidjan,Costa de Marfil,0.0,0.0,199.99,0.26,1,199.99,199.99,52.0,West Africa,Lagunes,COMPLETE,Pelican Sunstream 100 Kayak,199.99,First Class,1,1.0,199.99,0.2600130006500324,1
DEBIT,5,4,73.71,387.96,Late delivery,1,Cardio Equipment,Caguas,Puerto Rico,Consumer,PR,Footwear,Pacific Asia,Kalyan,India,12.0,0.03,99.99,0.19,4,399.96,387.96,73.71,South Asia,Maharashtra,COMPLETE,Nike Men's Free 5.0+ Running Shoe,99.99,Standard Class,1,1.0,1599.84,0.1842934293429343,0
TRANSFER,5,4,16.86,285.68,Late delivery,1,Children's Clothing,Los Angeles,EE. UU.,Corporate,CA,Apparel,Europe,Oviedo,España,71.42,0.2,357.1,0.06,1,357.1,285.68,16.86,Southern Europe,Asturias,PENDING,Children's heaters,357.1,Standard Class,1,0.25,357.1,0.0472136656398767,0
CASH,5,4,10.79,107.89,Late delivery,1,Men's Footwear,Freeport,EE. UU.,Consumer,NY,Apparel,USCA,Gresham,Estados Unidos,22.1,0.17,129.99,0.1,1,129.99,107.89,10.79,West of USA ,Oregón,CLOSED,Nike Men's CJ Elite 2 TD Football Cleat,129.99,Standard Class,1,0.25,129.99,0.0830063851065466,0
DEBIT,2,1,113.67,391.98,Late delivery,1,Fishing,Caguas,Puerto Rico,Corporate,PR,Fan Shop,LATAM,Escuintla,Guatemala,8.0,0.02,399.98,0.29,1,399.98,391.98,113.67,Central America,Escuintla,COMPLETE,Field & Stream Sportsman 16 Gun Fire Safe,399.98,First Class,1,1.0,399.98,0.284189209460473,1
TRANSFER,3,4,2.6,118.29,Advance shipping,0,Men's Footwear,Dallas,EE. UU.,Consumer,TX,Apparel,USCA,Marion,Estados Unidos,11.7,0.09,129.99,0.02,1,129.99,118.29,2.6,US Center ,Iowa,PROCESSING,Nike Men's CJ Elite 2 TD Football Cleat,129.99,Standard Class,-1,0.25,129.99,0.0200015385798907,0
DEBIT,1,0,129.58,287.95,Late delivery,1,Cleats,Chicago,EE. UU.,Home Office,IL,Apparel,USCA,New York City,Estados Unidos,12.0,0.04,59.99,0.45,5,299.95,287.95,129.58,East of USA,Nueva York,COMPLETE,Perfect Fitness Perfect Rip Deck,59.99,Same Day,1,inf,1499.75,0.4320053342223705,1
DEBIT,5,4,28.73,85.0,Late delivery,1,Women's Apparel,Winter Park,EE. UU.,Corporate,FL,Golf,Europe,Rouen,Francia,15.0,0.15,50.0,0.34,2,100.0,85.0,28.73,Western Europe,Normandía,COMPLETE,Nike Men's Dri-FIT Victory Golf Polo,50.0,Standard Class,1,0.5,200.0,0.2873,0
DEBIT,6,4,15.59,141.75,Late delivery,1,Women's Apparel,Santa Cruz,EE. UU.,Home Office,CA,Golf,USCA,Asheville,Estados Unidos,8.25,0.06,50.0,0.11,3,150.0,141.75,15.59,South of  USA ,Carolina del Norte,ON_HOLD,Nike Men's Dri-FIT Victory Golf Polo,50.0,Standard Class,2,0.75,450.0,0.1039333333333333,0
DEBIT,6,4,-175.89,239.96,Late delivery,1,Cleats,Caguas,Puerto Rico,Consumer,PR,Apparel,LATAM,Francisco Morato,Brasil,0.0,0.0,59.99,-0.73,4,239.96,239.96,-175.89,South America,São Paulo,COMPLETE,Perfect Fitness Perfect Rip Deck,59.99,Standard Class,2,1.0,959.84,-0.7329971661943656,0
DEBIT,5,4,75.65,290.98,Late delivery,1,Camping & Hiking,Fort Lauderdale,EE. UU.,Consumer,FL,Fan Shop,Europe,Amsterdam,Países Bajos,9.0,0.03,299.98,0.26,1,299.98,290.98,75.65,Western Europe,Holanda Septentrional,ON_HOLD,Diamondback Women's Serene Classic Comfort Bi,299.98,Standard Class,1,0.25,299.98,0.2521834788985932,0
TRANSFER,3,4,82.32,167.99,Shipping canceled,0,Water Sports,Caguas,Puerto Rico,Consumer,PR,Fan Shop,LATAM,Morelia,México,32.0,0.16,199.99,0.49,1,199.99,167.99,82.32,Central America,Michoacán,CANCELED,Pelican Sunstream 100 Kayak,199.99,Standard Class,-1,0.25,199.99,0.4116205810290514,0
TRANSFER,2,1,13.24,99.58,Late delivery,1,Cleats,Caguas,Puerto Rico,Consumer,PR,Apparel,Europe,Frankfurt,Alemania,20.4,0.17,59.99,0.13,2,119.98,99.58,13.24,Western Europe,Hesse,PENDING,Perfect Fitness Perfect Rip Deck,59.99,First Class,1,2.0,239.96,0.1103517252875479,1
DEBIT,4,4,67.4,232.41,Shipping on time,0,Indoor/Outdoor Games,Fond Du Lac,EE. UU.,Corporate,WI,Fan Shop,USCA,Albuquerque,Estados Unidos,17.49,0.07,49.98,0.29,5,249.9,232.41,67.4,West of USA ,Nuevo México,COMPLETE,O'Brien Men's Neoprene Life Vest,49.98,Standard Class,0,1.25,1249.5,0.2697078831532613,0
DEBIT,2,1,22.68,83.99,Late delivery,1,Cardio Equipment,New York,EE. UU.,Home Office,NY,Footwear,Pacific Asia,Gold Coast,Australia,16.0,0.16,99.99,0.27,1,99.99,83.99,22.68,Oceania,Queensland,COMPLETE,Nike Men's Free 5.0+ Running Shoe,99.99,First Class,1,1.0,99.99,0.2268226822682268,1
TRANSFER,2,4,10.88,120.89,Advance shipping,0,Men's Footwear,Caguas,Puerto Rico,Consumer,PR,Apparel,Pacific Asia,Izmir,Turquía,9.1,0.07,129.99,0.09,1,129.99,120.89,10.88,West Asia,Izmir,PROCESSING,Nike Men's CJ Elite 2 TD Football Cleat,129.99,Standard Class,-2,0.25,129.99,0.083698746057389,0
TRANSFER,5,2,79.79,284.98,Late delivery,1,Camping & Hiking,Hickory,EE. UU.,Consumer,NC,Fan Shop,Pacific Asia,Patna,India,15.0,0.05,299.98,0.28,1,299.98,284.98,79.79,South Asia,Bihar,PROCESSING,Diamondback Women's Serene Classic Comfort Bi,299.98,Second Class,3,0.5,299.98,0.2659843989599306,0
TRANSFER,2,4,77.99,299.95,Advance shipping,0,Cleats,Florissant,EE. UU.,Home Office,MO,Apparel,USCA,Las Cruces,Estados Unidos,0.0,0.0,59.99,0.26,5,299.95,299.95,77.99,West of USA ,Nuevo México,PROCESSING,Perfect Fitness Perfect Rip Deck,59.99,Standard Class,-2,1.25,1499.75,0.2600100016669445,0
DEBIT,4,2,60.45,185.99,Late delivery,1,Water Sports,Caguas,Puerto Rico,Consumer,PR,Fan Shop,LATAM,Petapa,Guatemala,14.0,0.07,199.99,0.33,1,199.99,185.99,60.45,Central America,Guatemala,COMPLETE,Pelican Sunstream 100 Kayak,199.99,Second Class,2,0.5,199.99,0.3022651132556628,0
TRANSFER,5,4,185.2,377.96,Late delivery,1,Cardio Equipment,Hayward,EE. UU.,Consumer,CA,Footwear,LATAM,Mérida,México,22.0,0.06,99.99,0.49,4,399.96,377.96,185.2,Central America,Yucatán,PENDING,Nike Men's Free 5.0+ Running Shoe,99.99,Standard Class,1,1.0,1599.84,0.463046304630463,0
PAYMENT,5,2,-54.0,269.98,Late delivery,1,Camping & Hiking,Caguas,Puerto Rico,Corporate,PR,Fan Shop,LATAM,Rancagua,Chile,30.0,0.1,299.98,-0.2,1,299.98,269.98,-54.0,South America,O'Higgins,PENDING_PAYMENT,Diamondback Women's Serene Classic Comfort Bi,299.98,Second Class,3,0.5,299.98,-0.1800120008000533,0
PAYMENT,4,4,9.5,94.96,Shipping on time,0,Indoor/Outdoor Games,Bensalem,EE. UU.,Consumer,PA,Fan Shop,LATAM,Chinandega,Nicaragua,5.0,0.05,49.98,0.1,2,99.96,94.96,9.5,Central America,Chinandega,PENDING_PAYMENT,O'Brien Men's Neoprene Life Vest,49.98,Standard Class,0,0.5,199.92,0.0950380152060824,0
TRANSFER,4,2,8.0,90.96,Late delivery,1,Indoor/Outdoor Games,Caguas,Puerto Rico,Consumer,PR,Fan Shop,Europe,Pontault-Combault,Francia,9.0,0.09,49.98,0.09,2,99.96,90.96,8.0,Western Europe,Isla de Francia,PROCESSING,O'Brien Men's Neoprene Life Vest,49.98,Second Class,2,1.0,199.92,0.080032012805122,0
PAYMENT,2,1,55.09,189.98,Late delivery,1,Cardio Equipment,Chicago,EE. UU.,Consumer,IL,Footwear,Europe,Gera,Alemania,10.0,0.05,99.99,0.29,2,199.98,189.98,55.09,Western Europe,Turingia,PENDING_PAYMENT,Nike Men's Free 5.0+ Running Shoe,99.99,First Class,1,2.0,399.96,0.2754775477547755,1
DEBIT,6,4,44.92,172.77,Late delivery,1,Cleats,Westerville,EE. UU.,Consumer,OH,Apparel,LATAM,Panama City,Panamá,7.2,0.04,59.99,0.26,3,179.97,172.77,44.92,Central America,Panamá,COMPLETE,Perfect Fitness Perfect Rip Deck,59.99,Standard Class,2,0.75,539.91,0.2495971550814024,0
CASH,2,1,12.15,45.0,Late delivery,1,Women's Apparel,Vega Baja,Puerto Rico,Corporate,PR,Golf,Pacific Asia,Nagpur,India,5.0,0.1,50.0,0.27,1,50.0,45.0,12.15,South Asia,Maharashtra,CLOSED,Nike Men's Dri-FIT Victory Golf Polo,50.0,First Class,1,1.0,50.0,0.243,1
PAYMENT,3,4,-93.94,52.19,Advance shipping,0,Cleats,Davis,EE. UU.,Consumer,CA,Apparel,Pacific Asia,Asjabad,Turkmenistán,7.8,0.13,59.99,-1.8,1,59.99,52.19,-93.94,Central Asia,Asjabad,PAYMENT_REVIEW,Perfect Fitness Perfect Rip Deck,59.99,Standard Class,-1,0.25,59.99,-1.5659276546091014,0
DEBIT,5,2,73.52,217.5,Late delivery,1,Women's Apparel,Lombard,EE. UU.,Consumer,IL,Golf,Pacific Asia,Yogyakarta,Indonesia,32.5,0.13,50.0,0.34,5,250.0,217.5,73.52,Southeast Asia,Yogyakarta,COMPLETE,Nike Men's Dri-FIT Victory Golf Polo,50.0,Second Class,3,2.5,1250.0,0.29408,0
DEBIT,3,4,-2.73,13.64,Advance shipping,0,Golf Balls,Las Vegas,EE. UU.,Consumer,NV,Outdoors,USCA,Los Angeles,Estados Unidos,1.35,0.09,14.99,-0.2,1,14.99,13.64,-2.73,West of USA ,California,COMPLETE,Hirzl Men's Hybrid Golf Glove,14.99,Standard Class,-1,0.25,14.99,-0.1821214142761841,0
PAYMENT,3,4,53.15,113.09,Advance shipping,0,Men's Footwear,Waipahu,EE. UU.,Consumer,HI,Apparel,LATAM,Saltillo,México,16.9,0.13,129.99,0.47,1,129.99,113.09,53.15,Central America,Coahuila,PENDING_PAYMENT,Nike Men's CJ Elite 2 TD Football Cleat,129.99,Standard Class,-1,0.25,129.99,0.4088776059696899,0
TRANSFER,3,4,12.59,167.93,Advance shipping,0,Indoor/Outdoor Games,East Brunswick,EE. UU.,Corporate,NJ,Fan Shop,Pacific Asia,Ajmer,India,31.99,0.16,49.98,0.08,4,199.92,167.93,12.59,South Asia,Rajastán,PENDING,O'Brien Men's Neoprene Life Vest,49.98,Standard Class,-1,1.0,799.68,0.0629751900760304,0
DEBIT,1,0,25.8,193.99,Late delivery,1,Water Sports,San Jose,EE. UU.,Corporate,CA,Fan Shop,Europe,Rostock,Alemania,6.0,0.03,199.99,0.13,1,199.99,193.99,25.8,Western Europe,Mecklemburgo-Pomerania Occidental,ON_HOLD,Pelican Sunstream 100 Kayak,199.99,Same Day,1,inf,199.99,0.1290064503225161,1
DEBIT,3,4,19.8,263.96,Advance shipping,0,Cleats,Caguas,Puerto Rico,Consumer,PR,Apparel,LATAM,Ponte Nova,Brasil,35.99,0.12,59.99,0.08,5,299.95,263.96,19.8,South America,Minas Gerais,COMPLETE,Perfect Fitness Perfect Rip Deck,59.99,Standard Class,-1,1.25,1499.75,0.0660110018336389,0
TRANSFER,3,2,89.09,296.98,Late delivery,1,Camping & Hiking,Caguas,Puerto Rico,Consumer,PR,Fan Shop,Europe,Birmingham,Reino Unido,3.0,0.01,299.98,0.3,1,299.98,296.98,89.09,Northern Europe,Inglaterra,PROCESSING,Diamondback Women's Serene Classic Comfort Bi,299.98,Second Class,1,0.5,299.98,0.2969864657643843,0
TRANSFER,5,4,9.98,38.39,Shipping canceled,0,Shop By Sport,Caguas,Puerto Rico,Home Office,PR,Golf,Pacific Asia,Huizhou,China,1.6,0.04,39.99,0.26,1,39.99,38.39,9.98,Eastern Asia,Guangdong,SUSPECTED_FRAUD,Under Armour Girls' Toddler Spine Surge Runni,39.99,Standard Class,1,0.25,39.99,0.2495623905976494,0
PAYMENT,0,0,104.59,222.53,Shipping on time,0,Consumer Electronics,Caguas,Puerto Rico,Consumer,PR,Technology,Europe,Amberes,Bélgica,30.35,0.12,252.88,0.47,1,252.88,222.53,104.59,Western Europe,Amberes,PENDING_PAYMENT,Industrial consumer electronics,252.88,Same Day,0,inf,252.88,0.4135953812084783,1
TRANSFER,2,1,93.37,248.98,Shipping canceled,0,Camping & Hiking,Fort Worth,EE. UU.,Corporate,TX,Fan Shop,Europe,Lucca,Italia,51.0,0.17,299.98,0.38,1,299.98,248.98,93.37,Southern Europe,Toscana,CANCELED,Diamondback Women's Serene Classic Comfort Bi,299.98,First Class,1,1.0,299.98,0.3112540836055737,1
DEBIT,2,4,-3.88,101.98,Advance shipping,0,Cleats,Columbia,EE. UU.,Home Office,SC,Apparel,LATAM,Panama City,Panamá,18.0,0.15,59.99,-0.04,2,119.98,101.98,-3.88,Central America,Panamá,COMPLETE,Perfect Fitness Perfect Rip Deck,59.99,Standard Class,-2,0.5,239.96,-0.03233872312052,0
DEBIT,5,4,15.87,176.37,Late delivery,1,Cleats,Caguas,Puerto Rico,Corporate,PR,Apparel,Europe,Ferrara,Italia,3.6,0.02,59.99,0.09,3,179.97,176.37,15.87,Southern Europe,Emilia-Romaña,COMPLETE,Perfect Fitness Perfect Rip Deck,59.99,Standard Class,1,0.75,539.91,0.0881813635605934,0
DEBIT,2,1,38.6,142.44,Late delivery,1,Indoor/Outdoor Games,Caguas,Puerto Rico,Home Office,PR,Fan Shop,Pacific Asia,Mildura,Australia,7.5,0.05,49.98,0.27,3,149.94,142.44,38.6,Oceania,Victoria,COMPLETE,O'Brien Men's Neoprene Life Vest,49.98,First Class,1,3.0,449.82,0.2574363078564759,1
TRANSFER,4,4,22.94,140.76,Shipping on time,0,Shop By Sport,Columbus,EE. UU.,Consumer,OH,Golf,LATAM,Sabanalarga,Colombia,19.2,0.12,39.99,0.16,4,159.96,140.76,22.94,South America,Atlántico,PROCESSING,Under Armour Girls' Toddler Spine Surge Runni,39.99,Standard Class,0,1.0,639.84,0.1434108527131783,0
DEBIT,3,4,59.71,314.25,Advance shipping,0,Children's Clothing,Tempe,EE. UU.,Consumer,AZ,Apparel,Pacific Asia,Yakarta,Indonesia,42.85,0.12,357.1,0.19,1,357.1,314.25,59.71,Southeast Asia,Yakarta,COMPLETE,Children's heaters,357.1,Standard Class,-1,0.25,357.1,0.1672080649677961,0
TRANSFER,6,4,10.37,38.39,Late delivery,1,Shop By Sport,La Mirada,EE. UU.,Consumer,CA,Golf,LATAM,Bayamo,Cuba,1.6,0.04,39.99,0.27,1,39.99,38.39,10.37,Caribbean,Granma,PENDING,Under Armour Girls' Toddler Spine Surge Runni,39.99,Standard Class,2,0.25,39.99,0.2593148287071767,0
TRANSFER,6,4,101.39,299.99,Late delivery,1,Fishing,Houston,EE. UU.,Consumer,TX,Fan Shop,LATAM,Florencia,Colombia,100.0,0.25,399.98,0.34,1,399.98,299.99,101.39,South America,Caquetá,PROCESSING,Field & Stream Sportsman 16 Gun Fire Safe,399.98,Standard Class,2,0.25,399.98,0.2534876743837191,0
DEBIT,5,4,28.78,106.59,Late delivery,1,Men's Footwear,Oviedo,EE. UU.,Consumer,FL,Apparel,LATAM,Guadalajara,México,23.4,0.18,129.99,0.27,1,129.99,106.59,28.78,Central America,Jalisco,COMPLETE,Nike Men's CJ Elite 2 TD Football Cleat,129.99,Standard Class,1,0.25,129.99,0.2214016462804831,0
TRANSFER,2,1,24.18,185.99,Late delivery,1,Water Sports,Highland,EE. UU.,Corporate,CA,Fan Shop,LATAM,Mexico City,México,14.0,0.07,199.99,0.13,1,199.99,185.99,24.18,Central America,Distrito Federal,PENDING,Pelican Sunstream 100 Kayak,199.99,First Class,1,1.0,199.99,0.1209060453022651,1
TRANSFER,2,4,49.28,175.99,Advance shipping,0,Water Sports,Austin,EE. UU.,Consumer,TX,Fan Shop,USCA,Layton,Estados Unidos,24.0,0.12,199.99,0.28,1,199.99,175.99,49.28,West of USA ,Utah,PROCESSING,Pelican Sunstream 100 Kayak,199.99,Standard Class,-2,0.25,199.99,0.2464123206160308,0
PAYMENT,2,1,3.32,331.98,Late delivery,1,Fishing,Caguas,Puerto Rico,Corporate,PR,Fan Shop,Pacific Asia,Kathmandu,Nepal,68.0,0.17,399.98,0.01,1,399.98,331.98,3.32,South Asia,Central,PENDING_PAYMENT,Field & Stream Sportsman 16 Gun Fire Safe,399.98,First Class,1,1.0,399.98,0.008300415020751,1
CASH,4,4,11.32,128.69,Shipping on time,0,Men's Footwear,Salem,EE. UU.,Consumer,OR,Apparel,Africa,Fes,Marruecos,1.3,0.01,129.99,0.09,1,129.99,128.69,11.32,North Africa,Fez-Bulmán,CLOSED,Nike Men's CJ Elite 2 TD Football Cleat,129.99,Standard Class,0,0.25,129.99,0.0870836218170628,0
TRANSFER,5,4,38.22,127.39,Late delivery,1,Men's Footwear,Caguas,Puerto Rico,Consumer,PR,Apparel,LATAM,Mejicanos,El Salvador,2.6,0.02,129.99,0.3,1,129.99,127.39,38.22,Central America,San Salvador,PROCESSING,Nike Men's CJ Elite 2 TD Football Cleat,129.99,Standard Class,1,0.25,129.99,0.2940226171243941,0
PAYMENT,4,4,11.48,32.79,Shipping on time,0,Shop By Sport,Caguas,Puerto Rico,Corporate,PR,Golf,LATAM,Caucaia,Brasil,7.2,0.18,39.99,0.35,1,39.99,32.79,11.48,South America,Ceará,PENDING_PAYMENT,Under Armour Girls' Toddler Spine Surge Runni,39.99,Standard Class,0,0.25,39.99,0.2870717679419854,0
DEBIT,5,2,47.56,163.99,Late delivery,1,Water Sports,Caguas,Puerto Rico,Home Office,PR,Fan Shop,Africa,Yaounde,Camerún,36.0,0.18,199.99,0.29,1,199.99,163.99,47.56,Central Africa,Centro,COMPLETE,Pelican Sunstream 100 Kayak,199.99,Second Class,3,0.5,199.99,0.2378118905945297,0
CASH,0,0,62.79,136.5,Shipping on time,0,Women's Apparel,Caguas,Puerto Rico,Home Office,PR,Golf,Pacific Asia,Cairns,Australia,13.5,0.09,50.0,0.46,3,150.0,136.5,62.79,Oceania,Queensland,CLOSED,Nike Men's Dri-FIT Victory Golf Polo,50.0,Same Day,0,inf,450.0,0.4185999999999999,1
DEBIT,2,1,112.49,299.99,Late delivery,1,Fishing,Caguas,Puerto Rico,Corporate,PR,Fan Shop,Europe,Gómel,Bielorrusia,100.0,0.25,399.98,0.38,1,399.98,299.99,112.49,Eastern Europe,Gómel,COMPLETE,Field & Stream Sportsman 16 Gun Fire Safe,399.98,First Class,1,1.0,399.98,0.2812390619530976,1
DEBIT,2,2,37.78,134.95,Shipping on time,0,Indoor/Outdoor Games,Sunnyvale,EE. UU.,Home Office,CA,Fan Shop,USCA,Roseville,Estados Unidos,14.99,0.1,49.98,0.28,3,149.94,134.95,37.78,US Center ,Michigan,COMPLETE,O'Brien Men's Neoprene Life Vest,49.98,Second Class,0,1.5,449.82,0.2519674536481259,0
DEBIT,5,4,31.31,104.37,Late delivery,1,Golf Gloves,Goleta,EE. UU.,Consumer,CA,Outdoors,Europe,Upsala,Suecia,15.6,0.13,39.99,0.3,3,119.97,104.37,31.31,Northern Europe,Upsala,ON_HOLD,Clicgear Rovic Cooler Bag,39.99,Standard Class,1,0.75,359.91,0.2609819121447028,0
DEBIT,4,2,111.43,227.41,Late delivery,1,Indoor/Outdoor Games,Honolulu,EE. UU.,Corporate,HI,Fan Shop,Europe,Rome,Italia,22.49,0.09,49.98,0.49,5,249.9,227.41,111.43,Southern Europe,Lacio,COMPLETE,O'Brien Men's Neoprene Life Vest,49.98,Second Class,2,2.5,1249.5,0.4458983593437375,0
PAYMENT,6,2,52.92,156.57,Late delivery,1,Cleats,Troy,EE. UU.,Home Office,MI,Apparel,Europe,Frankfurt,Alemania,23.4,0.13,59.99,0.34,3,179.97,156.57,52.92,Western Europe,Hesse,PENDING_PAYMENT,Perfect Fitness Perfect Rip Deck,59.99,Second Class,4,1.5,539.91,0.294049008168028,0
PAYMENT,6,2,-77.35,331.98,Late delivery,1,Fishing,Elgin,EE. UU.,Consumer,IL,Fan Shop,LATAM,Managua,Nicaragua,68.0,0.17,399.98,-0.23,1,399.98,331.98,-77.35,Central America,Managua,PENDING_PAYMENT,Field & Stream Sportsman 16 Gun Fire Safe,399.98,Second Class,4,0.5,399.98,-0.1933846692334616,0
DEBIT,2,1,107.8,296.98,Late delivery,1,Camping & Hiking,Philadelphia,EE. UU.,Consumer,PA,Fan Shop,LATAM,La Plata,Argentina,3.0,0.01,299.98,0.36,1,299.98,296.98,107.8,South America,Buenos Aires (provincia),ON_HOLD,Diamondback Women's Serene Classic Comfort Bi,299.98,First Class,1,1.0,299.98,0.3593572904860324,1
CASH,2,1,24.1,49.19,Late delivery,1,Cleats,Pawtucket,EE. UU.,Consumer,RI,Apparel,Pacific Asia,Mildura,Australia,10.8,0.18,59.99,0.49,1,59.99,49.19,24.1,Oceania,Victoria,CLOSED,Perfect Fitness Perfect Rip Deck,59.99,First Class,1,1.0,59.99,0.4017336222703784,1
DEBIT,0,0,8.87,118.29,Shipping on time,0,Men's Footwear,Caguas,Puerto Rico,Home Office,PR,Apparel,LATAM,Juárez,México,11.7,0.09,129.99,0.08,1,129.99,118.29,8.87,Central America,Chihuahua,COMPLETE,Nike Men's CJ Elite 2 TD Football Cleat,129.99,Same Day,0,inf,129.99,0.0682360181552427,1
DEBIT,5,4,6.15,82.0,Late delivery,1,Women's Apparel,Caguas,Puerto Rico,Consumer,PR,Golf,USCA,New York City,Estados Unidos,18.0,0.18,50.0,0.08,2,100.0,82.0,6.15,East of USA,Nueva York,COMPLETE,Nike Men's Dri-FIT Victory Golf Polo,50.0,Standard Class,1,0.5,200.0,0.0615,0
DEBIT,3,4,-4.13,142.5,Advance shipping,0,Women's Apparel,West Chester,EE. UU.,Corporate,PA,Golf,Pacific Asia,Elazig,Turquía,7.5,0.05,50.0,-0.03,3,150.0,142.5,-4.13,West Asia,Elazig,ON_HOLD,Nike Men's Dri-FIT Victory Golf Polo,50.0,Standard Class,-1,0.75,450.0,-0.0275333333333333,0
DEBIT,2,1,24.35,59.39,Late delivery,1,Cleats,Caguas,Puerto Rico,Consumer,PR,Apparel,USCA,Philadelphia,Estados Unidos,0.6,0.01,59.99,0.41,1,59.99,59.39,24.35,East of USA,Pensilvania,ON_HOLD,Perfect Fitness Perfect Rip Deck,59.99,First Class,1,1.0,59.99,0.4059009834972495,1
DEBIT,5,4,37.6,79.99,Late delivery,1,Cardio Equipment,Bakersfield,EE. UU.,Home Office,CA,Footwear,Pacific Asia,Jinjiang,China,20.0,0.2,99.99,0.47,1,99.99,79.99,37.6,Eastern Asia,Fujian,COMPLETE,Nike Men's Free 5.0+ Running Shoe,99.99,Standard Class,1,0.25,99.99,0.3760376037603761,0
TRANSFER,2,4,-494.98,299.99,Advance shipping,0,Fishing,Canton,EE. UU.,Corporate,MI,Fan Shop,Europe,Avignon,Francia,100.0,0.25,399.98,-1.65,1,399.98,299.99,-494.98,Western Europe,Provenza-Alpes-Costa Azul,PROCESSING,Field & Stream Sportsman 16 Gun Fire Safe,399.98,Standard Class,-2,0.25,399.98,-1.2375118755937795,0
TRANSFER,2,1,52.0,200.0,Late delivery,1,Women's Apparel,Olathe,EE. UU.,Home Office,KS,Golf,USCA,Charlotte,Estados Unidos,50.0,0.2,50.0,0.26,5,250.0,200.0,52.0,South of  USA ,Carolina del Norte,PENDING,Nike Men's Dri-FIT Victory Golf Polo,50.0,First Class,1,5.0,1250.0,0.208,1
PAYMENT,2,4,20.59,79.17,Advance shipping,0,Hunting & Shooting,Plymouth,EE. UU.,Consumer,MA,Fan Shop,LATAM,Villa Nueva,Guatemala,10.8,0.12,29.99,0.26,3,89.97,79.17,20.59,Central America,Guatemala,PENDING_PAYMENT,ENO Atlas Hammock Straps,29.99,Standard Class,-2,0.75,269.91,0.2288540624652662,0
TRANSFER,2,4,75.74,287.98,Shipping canceled,0,Camping & Hiking,Toa Baja,Puerto Rico,Home Office,PR,Fan Shop,LATAM,Mejicanos,El Salvador,12.0,0.04,299.98,0.26,1,299.98,287.98,75.74,Central America,San Salvador,CANCELED,Diamondback Women's Serene Classic Comfort Bi,299.98,Standard Class,-2,0.25,299.98,0.2524834988999266,0
PAYMENT,5,4,44.11,113.09,Late delivery,1,Men's Footwear,Chicago,EE. UU.,Consumer,IL,Apparel,Pacific Asia,Gold Coast,Australia,16.9,0.13,129.99,0.39,1,129.99,113.09,44.11,Oceania,Queensland,PENDING_PAYMENT,Nike Men's CJ Elite 2 TD Football Cleat,129.99,Standard Class,1,0.25,129.99,0.3393337949073005,0
TRANSFER,3,2,70.97,272.95,Late delivery,1,Cleats,Frankfort,EE. UU.,Consumer,KY,Apparel,Pacific Asia,Daca,Bangladés,27.0,0.09,59.99,0.26,5,299.95,272.95,70.97,South Asia,Daca,PROCESSING,Perfect Fitness Perfect Rip Deck,59.99,Second Class,1,2.5,1499.75,0.2366061010168361,0
TRANSFER,5,2,59.06,236.25,Late delivery,1,Women's Apparel,Long Beach,EE. UU.,Consumer,CA,Golf,LATAM,Contramaestre,Cuba,13.75,0.06,50.0,0.25,5,250.0,236.25,59.06,Caribbean,Santiago de Cuba,PENDING,Nike Men's Dri-FIT Victory Golf Polo,50.0,Second Class,3,2.5,1250.0,0.23624,0
TRANSFER,0,0,31.67,95.98,Shipping on time,0,Cleats,Caguas,Puerto Rico,Consumer,PR,Apparel,LATAM,Santo Domingo,República Dominicana,24.0,0.2,59.99,0.33,2,119.98,95.98,31.67,Caribbean,Santo Domingo,PROCESSING,Perfect Fitness Perfect Rip Deck,59.99,Same Day,0,inf,239.96,0.2639606601100183,1
PAYMENT,0,0,67.66,143.96,Shipping on time,0,Shop By Sport,Stone Mountain,EE. UU.,Consumer,GA,Golf,LATAM,Estelí,Nicaragua,16.0,0.1,39.99,0.47,4,159.96,143.96,67.66,Central America,Estelí,PENDING_PAYMENT,Under Armour Girls' Toddler Spine Surge Runni,39.99,Same Day,0,inf,639.84,0.4229807451862965,1
TRANSFER,2,1,24.75,197.99,Shipping canceled,0,Water Sports,Lancaster,EE. UU.,Consumer,PA,Fan Shop,USCA,Roseville,Estados Unidos,2.0,0.01,199.99,0.13,1,199.99,197.99,24.75,West of USA ,California,SUSPECTED_FRAUD,Pelican Sunstream 100 Kayak,199.99,First Class,1,1.0,199.99,0.1237561878093904,1
CASH,5,2,24.57,272.98,Late delivery,1,Camping & Hiking,Caguas,Puerto Rico,Home Office,PR,Fan Shop,LATAM,León,México,27.0,0.09,299.98,0.09,1,299.98,272.98,24.57,Central America,Guanajuato,CLOSED,Diamondback Women's Serene Classic Comfort Bi,299.98,Second Class,3,0.5,299.98,0.0819054603640242,0
DEBIT,6,2,-111.79,129.99,Late delivery,1,Men's Footwear,Danbury,EE. UU.,Corporate,CT,Apparel,Africa,Potchefstroom,SudAfrica,0.0,0.0,129.99,-0.86,1,129.99,129.99,-111.79,Southern Africa,Noroeste,COMPLETE,Nike Men's CJ Elite 2 TD Football Cleat,129.99,Second Class,4,0.5,129.99,-0.8599892299407647,0
TRANSFER,1,0,18.04,38.39,Late delivery,1,Shop By Sport,Spring Valley,EE. UU.,Corporate,CA,Golf,LATAM,Guadalajara,México,1.6,0.04,39.99,0.47,1,39.99,38.39,18.04,Central America,Jalisco,PENDING,Under Armour Girls' Toddler Spine Surge Runni,39.99,Same Day,1,inf,39.99,0.4511127781945486,1
DEBIT,6,4,-264.38,112.5,Late delivery,1,Women's Apparel,Lancaster,EE. UU.,Consumer,CA,Golf,Europe,Saint-Nazaire,Francia,37.5,0.25,50.0,-2.35,3,150.0,112.5,-264.38,Western Europe,Países del Loira,COMPLETE,Nike Men's Dri-FIT Victory Golf Polo,50.0,Standard Class,2,0.75,450.0,-1.7625333333333333,0
CASH,5,4,-133.91,278.97,Late delivery,1,Cardio Equipment,Greeley,EE. UU.,Consumer,CO,Footwear,LATAM,Mejicanos,El Salvador,21.0,0.07,99.99,-0.48,3,299.97,278.97,-133.91,Central America,San Salvador,CLOSED,Nike Men's Free 5.0+ Running Shoe,99.99,Standard Class,1,0.75,899.9100000000001,-0.4464113077974463,0
DEBIT,4,2,79.2,179.99,Late delivery,1,Water Sports,Doylestown,EE. UU.,Corporate,PA,Fan Shop,Europe,Copenhagen,Dinamarca,20.0,0.1,199.99,0.44,1,199.99,179.99,79.2,Northern Europe,Región Capital,COMPLETE,Pelican Sunstream 100 Kayak,199.99,Second Class,2,0.5,199.99,0.3960198009900495,0
PAYMENT,2,1,-580.77,351.98,Late delivery,1,Fishing,Chillicothe,EE. UU.,Corporate,OH,Fan Shop,Africa,Sale,Marruecos,48.0,0.12,399.98,-1.65,1,399.98,351.98,-580.77,North Africa,Rabat-Salé-Zemur-Zaer,PENDING_PAYMENT,Field & Stream Sportsman 16 Gun Fire Safe,399.98,First Class,1,1.0,399.98,-1.451997599879994,1
TRANSFER,5,2,16.36,185.93,Late delivery,1,Indoor/Outdoor Games,Strongsville,EE. UU.,Corporate,OH,Fan Shop,LATAM,San Pedro Sula,Honduras,13.99,0.07,49.98,0.09,4,199.92,185.93,16.36,Central America,Cortés,PENDING,O'Brien Men's Neoprene Life Vest,49.98,Second Class,3,2.0,799.68,0.0818327330932373,0
DEBIT,4,4,12.09,191.95,Shipping on time,0,Shop By Sport,Fort Washington,EE. UU.,Consumer,MD,Golf,Pacific Asia,Estambul,Turquía,8.0,0.04,39.99,0.06,5,199.95,191.95,12.09,West Asia,Estambul,COMPLETE,Under Armour Girls' Toddler Spine Surge Runni,39.99,Standard Class,0,1.25,999.75,0.0604651162790697,0
PAYMENT,2,4,83.16,188.99,Advance shipping,0,Water Sports,Caguas,Puerto Rico,Corporate,PR,Fan Shop,Pacific Asia,Perth,Australia,11.0,0.06,199.99,0.44,1,199.99,188.99,83.16,Oceania,Australia Occidental,PENDING_PAYMENT,Pelican Sunstream 100 Kayak,199.99,Standard Class,-2,0.25,199.99,0.4158207910395519,0
TRANSFER,5,2,11.75,103.99,Late delivery,1,Men's Footwear,Aurora,EE. UU.,Home Office,CO,Apparel,Europe,Estocolmo,Suecia,26.0,0.2,129.99,0.11,1,129.99,103.99,11.75,Northern Europe,Estocolmo,PENDING,Nike Men's CJ Elite 2 TD Football Cleat,129.99,Second Class,3,0.5,129.99,0.0903915685821986,0
PAYMENT,6,4,23.27,49.5,Late delivery,1,Women's Apparel,Burnsville,EE. UU.,Corporate,MN,Golf,Europe,Leoben,Austria,0.5,0.01,50.0,0.47,1,50.0,49.5,23.27,Western Europe,Stiria,PENDING_PAYMENT,Nike Men's Dri-FIT Victory Golf Polo,50.0,Standard Class,2,0.25,50.0,0.4654,0
DEBIT,2,4,13.52,103.99,Advance shipping,0,Men's Footwear,Tempe,EE. UU.,Corporate,AZ,Apparel,Pacific Asia,Zhuhai,China,26.0,0.2,129.99,0.13,1,129.99,103.99,13.52,Eastern Asia,Guangdong,COMPLETE,Nike Men's CJ Elite 2 TD Football Cleat,129.99,Standard Class,-2,0.25,129.99,0.1040080006154319,0
TRANSFER,3,4,108.92,347.98,Advance shipping,0,Fishing,Caguas,Puerto Rico,Corporate,PR,Fan Shop,USCA,Milwaukee,Estados Unidos,52.0,0.13,399.98,0.31,1,399.98,347.98,108.92,US Center ,Wisconsin,PENDING,Field & Stream Sportsman 16 Gun Fire Safe,399.98,Standard Class,-1,0.25,399.98,0.272313615680784,0
TRANSFER,4,4,36.03,106.59,Shipping on time,0,Men's Footwear,Kent,EE. UU.,Consumer,WA,Apparel,Europe,Guimarães,Portugal,23.4,0.18,129.99,0.34,1,129.99,106.59,36.03,Southern Europe,Braga,PENDING,Nike Men's CJ Elite 2 TD Football Cleat,129.99,Standard Class,0,0.25,129.99,0.2771751673205631,0
PAYMENT,2,1,9.83,122.84,Late delivery,1,Men's Footwear,Lake Forest,EE. UU.,Home Office,CA,Apparel,Pacific Asia,Bandung,Indonesia,7.15,0.06,129.99,0.08,1,129.99,122.84,9.83,Southeast Asia,Java Occidental,PENDING_PAYMENT,Nike Men's CJ Elite 2 TD Football Cleat,129.99,First Class,1,1.0,129.99,0.0756212016308946,1
PAYMENT,4,4,-42.97,224.96,Shipping on time,0,Cleats,Caguas,Puerto Rico,Home Office,PR,Apparel,LATAM,Manzanillo,Cuba,74.99,0.25,59.99,-0.19,5,299.95,224.96,-42.97,Caribbean,Granma,PENDING_PAYMENT,Perfect Fitness Perfect Rip Deck,59.99,Standard Class,0,1.25,1499.75,-0.1432572095349225,0
CASH,3,4,79.68,165.99,Advance shipping,0,Water Sports,Ewa Beach,EE. UU.,Home Office,HI,Fan Shop,Africa,Nairobi,Kenia,34.0,0.17,199.99,0.48,1,199.99,165.99,79.68,East Africa,Nairobi,CLOSED,Pelican Sunstream 100 Kayak,199.99,Standard Class,-1,0.25,199.99,0.3984199209960498,0
DEBIT,2,4,97.0,197.95,Advance shipping,0,Shop By Sport,Mililani,EE. UU.,Consumer,HI,Golf,Pacific Asia,Izmir,Turquía,2.0,0.01,39.99,0.49,5,199.95,197.95,97.0,West Asia,Izmir,COMPLETE,Under Armour Girls' Toddler Spine Surge Runni,39.99,Standard Class,-2,1.25,999.75,0.48512128032008,0
TRANSFER,2,1,14.17,283.47,Late delivery,1,Cardio Equipment,Saint Charles,EE. UU.,Corporate,MO,Footwear,LATAM,Panama City,Panamá,16.5,0.06,99.99,0.05,3,299.97,283.47,14.17,Central America,Panamá,PROCESSING,Nike Men's Free 5.0+ Running Shoe,99.99,First Class,1,3.0,899.9100000000001,0.0472380571390472,1
DEBIT,4,4,-73.91,211.16,Shipping on time,0,Cleats,Caguas,Puerto Rico,Corporate,PR,Apparel,Africa,Alexandria,Egipto,28.8,0.12,59.99,-0.35,4,239.96,211.16,-73.91,North Africa,Alejandría,COMPLETE,Perfect Fitness Perfect Rip Deck,59.99,Standard Class,0,1.0,959.84,-0.3080096682780463,0
DEBIT,6,4,26.22,189.99,Late delivery,1,Water Sports,Caguas,Puerto Rico,Home Office,PR,Fan Shop,USCA,Mississauga,Canada,10.0,0.05,199.99,0.14,1,199.99,189.99,26.22,Canada,Ontario,COMPLETE,Pelican Sunstream 100 Kayak,199.99,Standard Class,2,0.25,199.99,0.1311065553277663,0
CASH,5,4,59.39,237.56,Late delivery,1,Cleats,Honolulu,EE. UU.,Consumer,HI,Apparel,LATAM,Natal,Brasil,2.4,0.01,59.99,0.25,4,239.96,237.56,59.39,South America,Río Grande del Norte,CLOSED,Perfect Fitness Perfect Rip Deck,59.99,Standard Class,1,1.0,959.84,0.2474995832638773,0
DEBIT,2,4,17.2,272.98,Advance shipping,0,Camping & Hiking,Caguas,Puerto Rico,Consumer,PR,Fan Shop,Pacific Asia,Melbourne,Australia,27.0,0.09,299.98,0.06,1,299.98,272.98,17.2,Oceania,Victoria,COMPLETE,Diamondback Women's Serene Classic Comfort Bi,299.98,Standard Class,-2,0.25,299.98,0.0573371558103873,0
DEBIT,3,4,14.92,132.0,Advance shipping,0,Women's Apparel,Caguas,Puerto Rico,Home Office,PR,Golf,Pacific Asia,Manila,Filipinas,18.0,0.12,50.0,0.11,3,150.0,132.0,14.92,Southeast Asia,Capital Nacional,COMPLETE,Nike Men's Dri-FIT Victory Golf Polo,50.0,Standard Class,-1,0.75,450.0,0.0994666666666666,0
TRANSFER,3,4,23.52,49.0,Advance shipping,0,Women's Apparel,Azusa,EE. UU.,Corporate,CA,Golf,USCA,El Paso,Estados Unidos,1.0,0.02,50.0,0.48,1,50.0,49.0,23.52,US Center ,Texas,PROCESSING,Nike Men's Dri-FIT Victory Golf Polo,50.0,Standard Class,-1,0.25,50.0,0.4704,0
DEBIT,5,4,93.0,185.99,Late delivery,1,Water Sports,Trujillo Alto,Puerto Rico,Corporate,PR,Fan Shop,Africa,Agadir,Marruecos,14.0,0.07,199.99,0.5,1,199.99,185.99,93.0,North Africa,Sus-Masa-Draa,COMPLETE,Pelican Sunstream 100 Kayak,199.99,Standard Class,1,0.25,199.99,0.4650232511625581,0
CASH,4,2,66.5,189.99,Late delivery,1,Water Sports,Caguas,Puerto Rico,Consumer,PR,Fan Shop,Pacific Asia,Ho Chi Minh City,Vietnam,10.0,0.05,199.99,0.35,1,199.99,189.99,66.5,Southeast Asia,Ciudad Ho Chi Minh,CLOSED,Pelican Sunstream 100 Kayak,199.99,Second Class,2,0.5,199.99,0.3325166258312915,0
DEBIT,3,4,16.38,42.0,Advance shipping,0,Women's Apparel,Oakland,EE. UU.,Consumer,CA,Golf,LATAM,Villa Nueva,Guatemala,8.0,0.16,50.0,0.39,1,50.0,42.0,16.38,Central America,Guatemala,COMPLETE,Nike Men's Dri-FIT Victory Golf Polo,50.0,Standard Class,-1,0.25,50.0,0.3276,0
CASH,5,4,81.34,165.99,Late delivery,1,Water Sports,Chicago,EE. UU.,Home Office,IL,Fan Shop,LATAM,Tegucigalpa,Honduras,34.0,0.17,199.99,0.49,1,199.99,165.99,81.34,Central America,Francisco Morazán,CLOSED,Pelican Sunstream 100 Kayak,199.99,Standard Class,1,0.25,199.99,0.4067203360168008,0
TRANSFER,4,2,23.19,104.45,Late delivery,1,Kids' Golf Clubs,San Diego,EE. UU.,Consumer,CA,Outdoors,Europe,Ipswich,Reino Unido,5.5,0.05,109.95,0.22,1,109.95,104.45,23.19,Northern Europe,Inglaterra,PENDING,Polar Loop Activity Tracker,109.95,Second Class,2,0.5,109.95,0.2109140518417462,0
DEBIT,3,4,33.36,106.59,Advance shipping,0,Men's Footwear,Germantown,EE. UU.,Consumer,MD,Apparel,Pacific Asia,Medina,Arabia Saudí,23.4,0.18,129.99,0.31,1,129.99,106.59,33.36,West Asia,Medina,COMPLETE,Nike Men's CJ Elite 2 TD Football Cleat,129.99,Standard Class,-1,0.25,129.99,0.256635125778906,0
PAYMENT,6,4,-29.69,237.5,Late delivery,1,Women's Apparel,New Orleans,EE. UU.,Corporate,LA,Golf,LATAM,Mexicali,México,12.5,0.05,50.0,-0.13,5,250.0,237.5,-29.69,Central America,Baja California,PAYMENT_REVIEW,Nike Men's Dri-FIT Victory Golf Polo,50.0,Standard Class,2,1.25,1250.0,-0.11876,0
PAYMENT,2,1,145.74,401.49,Late delivery,1,Crafts,Newark,EE. UU.,Consumer,DE,Apparel,Europe,Lyon,Francia,59.99,0.13,461.48,0.36,1,461.48,401.49,145.74,Western Europe,Auvernia-Ródano-Alpes,PENDING_PAYMENT,Porcelain crafts,461.48,First Class,1,1.0,461.48,0.3158100026003294,1
DEBIT,2,2,54.3,193.92,Shipping on time,0,Indoor/Outdoor Games,Aurora,EE. UU.,Corporate,CO,Fan Shop,USCA,Louisville,Estados Unidos,6.0,0.03,49.98,0.28,4,199.92,193.92,54.3,South of  USA ,Kentucky,COMPLETE,O'Brien Men's Neoprene Life Vest,49.98,Second Class,0,2.0,799.68,0.2716086434573829,0
TRANSFER,2,4,83.22,224.91,Advance shipping,0,Indoor/Outdoor Games,Caguas,Puerto Rico,Consumer,PR,Fan Shop,Africa,Luanda,Angola,24.99,0.1,49.98,0.37,5,249.9,224.91,83.22,Central Africa,Luanda,PENDING,O'Brien Men's Neoprene Life Vest,49.98,Standard Class,-2,1.25,1249.5,0.3330132052821128,0
PAYMENT,1,0,3.65,41.5,Late delivery,1,Women's Apparel,Santa Cruz,EE. UU.,Consumer,CA,Golf,LATAM,Querétaro,México,8.5,0.17,50.0,0.09,1,50.0,41.5,3.65,Central America,Querétaro,PENDING_PAYMENT,Nike Men's Dri-FIT Victory Golf Polo,50.0,Same Day,1,inf,50.0,0.073,1
PAYMENT,3,2,-25.49,84.97,Late delivery,1,Accessories,Caguas,Puerto Rico,Home Office,PR,Outdoors,Europe,Lviv,Ucrania,14.99,0.15,24.99,-0.3,4,99.96,84.97,-25.49,Eastern Europe,Lviv,PENDING_PAYMENT,Team Golf Pittsburgh Steelers Putter Grip,24.99,Second Class,1,2.0,399.84,-0.2550020008003201,0
PAYMENT,3,4,-248.99,165.99,Advance shipping,0,Water Sports,Caguas,Puerto Rico,Corporate,PR,Fan Shop,LATAM,Santa Catarina,México,34.0,0.17,199.99,-1.5,1,199.99,165.99,-248.99,Central America,Nuevo León,PENDING_PAYMENT,Pelican Sunstream 100 Kayak,199.99,Standard Class,-1,0.25,199.99,-1.2450122506125303,0
TRANSFER,6,2,77.0,220.0,Late delivery,1,Women's Apparel,Bellingham,EE. UU.,Home Office,WA,Golf,LATAM,Calabozo,Venezuela,30.0,0.12,50.0,0.35,5,250.0,220.0,77.0,South America,Guárico,PROCESSING,Nike Men's Dri-FIT Victory Golf Polo,50.0,Second Class,4,2.5,1250.0,0.308,0
DEBIT,6,2,-11.09,175.99,Late delivery,1,Water Sports,Caguas,Puerto Rico,Consumer,PR,Fan Shop,Europe,London,Reino Unido,24.0,0.12,199.99,-0.06,1,199.99,175.99,-11.09,Northern Europe,Inglaterra,COMPLETE,Pelican Sunstream 100 Kayak,199.99,Second Class,4,0.5,199.99,-0.0554527726386319,0
TRANSFER,4,4,26.4,351.98,Shipping canceled,0,Fishing,Caguas,Puerto Rico,Consumer,PR,Fan Shop,Pacific Asia,Izmir,Turquía,48.0,0.12,399.98,0.08,1,399.98,351.98,26.4,West Asia,Izmir,SUSPECTED_FRAUD,Field & Stream Sportsman 16 Gun Fire Safe,399.98,Standard Class,0,0.25,399.98,0.0660033001650082,0
DEBIT,0,0,31.42,92.96,Shipping on time,0,Indoor/Outdoor Games,Caguas,Puerto Rico,Corporate,PR,Fan Shop,Pacific Asia,Ipoh,Malasia,7.0,0.07,49.98,0.34,2,99.96,92.96,31.42,Southeast Asia,Perak,COMPLETE,O'Brien Men's Neoprene Life Vest,49.98,Same Day,0,inf,199.92,0.3143257302921168,1
DEBIT,5,2,39.67,141.69,Late delivery,1,Indoor/Outdoor Games,Bowling Green,EE. UU.,Consumer,KY,Fan Shop,LATAM,Buenos Aires,Argentina,8.25,0.06,49.98,0.28,3,149.94,141.69,39.67,South America,Buenos Aires,COMPLETE,O'Brien Men's Neoprene Life Vest,49.98,Second Class,3,1.5,449.82,0.2645724956649326,0
DEBIT,3,4,42.76,92.96,Advance shipping,0,Indoor/Outdoor Games,Indianapolis,EE. UU.,Consumer,IN,Fan Shop,Europe,Marseille,Francia,7.0,0.07,49.98,0.46,2,99.96,92.96,42.76,Western Europe,Provenza-Alpes-Costa Azul,COMPLETE,O'Brien Men's Neoprene Life Vest,49.98,Standard Class,-1,0.5,199.92,0.4277711084433773,0
CASH,4,4,24.01,212.5,Shipping on time,0,Women's Apparel,Caguas,Puerto Rico,Corporate,PR,Golf,LATAM,Soyapango,El Salvador,37.5,0.15,50.0,0.11,5,250.0,212.5,24.01,Central America,San Salvador,CLOSED,Nike Men's Dri-FIT Victory Golf Polo,50.0,Standard Class,0,1.25,1250.0,0.09604,0
TRANSFER,4,4,29.7,395.98,Shipping on time,0,Fishing,Caguas,Puerto Rico,Corporate,PR,Fan Shop,LATAM,Tegucigalpa,Honduras,4.0,0.01,399.98,0.08,1,399.98,395.98,29.7,Central America,Francisco Morazán,PROCESSING,Field & Stream Sportsman 16 Gun Fire Safe,399.98,Standard Class,0,0.25,399.98,0.0742537126856342,0
DEBIT,2,4,-34.63,47.25,Advance shipping,0,Women's Apparel,Caguas,Puerto Rico,Consumer,PR,Golf,Pacific Asia,Mashhad,Irán,2.75,0.06,50.0,-0.73,1,50.0,47.25,-34.63,South Asia,Jorasán Razaví,COMPLETE,Nike Men's Dri-FIT Victory Golf Polo,50.0,Standard Class,-2,0.25,50.0,-0.6926000000000001,0
PAYMENT,3,4,3.29,10.95,Advance shipping,0,CDs ,Caguas,Puerto Rico,Corporate,PR,Discs Shop,Europe,Oberhausen,Alemania,0.34,0.03,11.29,0.3,1,11.29,10.95,3.29,Western Europe,Renania del Norte-Westfalia,PENDING_PAYMENT,CDs of rock,11.29,Standard Class,-1,0.25,11.29,0.2914083259521701,0
TRANSFER,4,2,124.07,263.98,Late delivery,1,Camping & Hiking,Caguas,Puerto Rico,Consumer,PR,Fan Shop,LATAM,David,Panamá,36.0,0.12,299.98,0.47,1,299.98,263.98,124.07,Central America,Chiriquí,PROCESSING,Diamondback Women's Serene Classic Comfort Bi,299.98,Second Class,2,0.5,299.98,0.4135942396159743,0
PAYMENT,6,4,8.91,49.5,Late delivery,1,Women's Apparel,Los Angeles,EE. UU.,Consumer,CA,Golf,Europe,Bordeaux,Francia,0.5,0.01,50.0,0.18,1,50.0,49.5,8.91,Western Europe,Aquitania-Lemosín-Poitou-Charentes,PENDING_PAYMENT,Nike Men's Dri-FIT Victory Golf Polo,50.0,Standard Class,2,0.25,50.0,0.1782,0
DEBIT,5,4,40.66,112.0,Late delivery,1,Girls' Apparel,San Diego,EE. UU.,Consumer,CA,Golf,Pacific Asia,Yakarta,Indonesia,28.0,0.2,70.0,0.36,2,140.0,112.0,40.66,Southeast Asia,Yakarta,COMPLETE,adidas Youth Germany Black/Red Away Match Soc,70.0,Standard Class,1,0.5,280.0,0.2904285714285714,0
TRANSFER,6,4,41.0,327.97,Late delivery,1,Cardio Equipment,Glendale,EE. UU.,Corporate,AZ,Footwear,LATAM,San Salvador,El Salvador,71.99,0.18,99.99,0.13,4,399.96,327.97,41.0,Central America,San Salvador,PENDING,Nike Men's Free 5.0+ Running Shoe,99.99,Standard Class,2,1.0,1599.84,0.1025102510251025,0
TRANSFER,1,0,5.88,58.8,Late delivery,1,Girls' Apparel,Caguas,Puerto Rico,Home Office,PR,Golf,USCA,San Francisco,Estados Unidos,1.2,0.02,30.0,0.1,2,60.0,58.8,5.88,West of USA ,California,PROCESSING,Nike Men's Deutschland Weltmeister Winners Bl,30.0,Same Day,1,inf,120.0,0.098,1
DEBIT,2,4,85.56,371.98,Advance shipping,0,Fishing,Caguas,Puerto Rico,Home Office,PR,Fan Shop,Europe,Sucy-en-Brie,Francia,28.0,0.07,399.98,0.23,1,399.98,371.98,85.56,Western Europe,Isla de Francia,COMPLETE,Field & Stream Sportsman 16 Gun Fire Safe,399.98,Standard Class,-2,0.25,399.98,0.2139106955347767,0
TRANSFER,2,1,34.65,99.0,Late delivery,1,Women's Apparel,Caguas,Puerto Rico,Consumer,PR,Golf,Pacific Asia,Kuala Lumpur,Malasia,1.0,0.01,50.0,0.35,2,100.0,99.0,34.65,Southeast Asia,Kuala Lumpur,PROCESSING,Nike Men's Dri-FIT Victory Golf Polo,50.0,First Class,1,2.0,200.0,0.3465,1
CASH,6,4,106.59,327.97,Late delivery,1,Cardio Equipment,Marietta,EE. UU.,Home Office,GA,Footwear,LATAM,San Fernando,Trinidad y Tobago,71.99,0.18,99.99,0.33,4,399.96,327.97,106.59,Caribbean,San Fernando,CLOSED,Nike Men's Free 5.0+ Running Shoe,99.99,Standard Class,2,1.0,1599.84,0.2665016501650165,0
PAYMENT,2,4,54.38,139.44,Advance shipping,0,Indoor/Outdoor Games,Tucson,EE. UU.,Consumer,AZ,Fan Shop,Africa,Lagos,Nigeria,10.5,0.07,49.98,0.39,3,149.94,139.44,54.38,West Africa,Lagos,PENDING_PAYMENT,O'Brien Men's Neoprene Life Vest,49.98,Standard Class,-2,0.75,449.82,0.3626784046952114,0
TRANSFER,2,1,42.24,88.0,Late delivery,1,Women's Apparel,Spring Valley,EE. UU.,Consumer,CA,Golf,Pacific Asia,Wollongong,Australia,12.0,0.12,50.0,0.48,2,100.0,88.0,42.24,Oceania,Nueva Gales del Sur,PROCESSING,Nike Men's Dri-FIT Victory Golf Polo,50.0,First Class,1,2.0,200.0,0.4224,1
DEBIT,5,4,74.8,169.99,Late delivery,1,Water Sports,Modesto,EE. UU.,Home Office,CA,Fan Shop,USCA,Los Angeles,Estados Unidos,30.0,0.15,199.99,0.44,1,199.99,169.99,74.8,West of USA ,California,COMPLETE,Pelican Sunstream 100 Kayak,199.99,Standard Class,1,0.25,199.99,0.3740187009350467,0
DEBIT,4,2,42.75,95.0,Late delivery,1,Women's Apparel,Caguas,Puerto Rico,Corporate,PR,Golf,Africa,Kinshasa,República Democrática del Congo,5.0,0.05,50.0,0.45,2,100.0,95.0,42.75,Central Africa,Kinshasa,COMPLETE,Nike Men's Dri-FIT Victory Golf Polo,50.0,Second Class,2,1.0,200.0,0.4275,0
DEBIT,2,1,10.52,120.89,Late delivery,1,Men's Footwear,Enfield,EE. UU.,Corporate,CT,Apparel,Pacific Asia,Riyadh,Arabia Saudí,9.1,0.07,129.99,0.09,1,129.99,120.89,10.52,West Asia,Riad,COMPLETE,Nike Men's CJ Elite 2 TD Football Cleat,129.99,First Class,1,1.0,129.99,0.0809293022540195,1
PAYMENT,2,1,94.04,191.92,Late delivery,1,Indoor/Outdoor Games,Bronx,EE. UU.,Corporate,NY,Fan Shop,LATAM,Panama City,Panamá,8.0,0.04,49.98,0.49,4,199.92,191.92,94.04,Central America,Panamá,PENDING_PAYMENT,O'Brien Men's Neoprene Life Vest,49.98,First Class,1,4.0,799.68,0.4703881552621049,1
DEBIT,5,4,5.14,45.48,Late delivery,1,Indoor/Outdoor Games,Caguas,Puerto Rico,Home Office,PR,Fan Shop,Europe,Vincennes,Francia,4.5,0.09,49.98,0.11,1,49.98,45.48,5.14,Western Europe,Isla de Francia,COMPLETE,O'Brien Men's Neoprene Life Vest,49.98,Standard Class,1,0.25,49.98,0.1028411364545818,0
CASH,6,2,-7.09,56.69,Late delivery,1,Cleats,Santa Ana,EE. UU.,Consumer,CA,Apparel,Europe,Kryvyy Rih,Ucrania,3.3,0.06,59.99,-0.13,1,59.99,56.69,-7.09,Eastern Europe,Dnipropetrovsk,CLOSED,Perfect Fitness Perfect Rip Deck,59.99,Second Class,4,0.5,59.99,-0.1181863643940656,0
DEBIT,2,2,72.0,239.98,Shipping on time,0,Camping & Hiking,Wyoming,EE. UU.,Consumer,MI,Fan Shop,LATAM,Bridgetown,Barbados,60.0,0.2,299.98,0.3,1,299.98,239.98,72.0,Caribbean,San Miguel,COMPLETE,Diamondback Women's Serene Classic Comfort Bi,299.98,Second Class,0,0.5,299.98,0.2400160010667377,0
TRANSFER,2,4,40.59,123.0,Advance shipping,0,Women's Apparel,Sacramento,EE. UU.,Consumer,CA,Golf,LATAM,Santo Domingo,República Dominicana,27.0,0.18,50.0,0.33,3,150.0,123.0,40.59,Caribbean,Santo Domingo,PENDING,Nike Men's Dri-FIT Victory Golf Polo,50.0,Standard Class,-2,0.75,450.0,0.2706,0
PAYMENT,3,2,-62.31,276.92,Late delivery,1,Health and Beauty,Caguas,Puerto Rico,Home Office,PR,Health and Beauty ,Pacific Asia,Singapur,Singapur,16.12,0.06,293.04,-0.23,1,293.04,276.92,-62.31,Southeast Asia,Singapur,PENDING_PAYMENT,First aid kit,293.04,Second Class,1,0.5,293.04,-0.2126330876330876,0
CASH,1,0,102.05,283.47,Late delivery,1,Cardio Equipment,San Marcos,EE. UU.,Consumer,CA,Footwear,LATAM,Bogotá,Colombia,16.5,0.06,99.99,0.36,3,299.97,283.47,102.05,South America,Bogotá,CLOSED,Nike Men's Free 5.0+ Running Shoe,99.99,Same Day,1,inf,899.9100000000001,0.3402006867353401,1
TRANSFER,6,4,86.09,245.96,Late delivery,1,Cleats,Caguas,Puerto Rico,Corporate,PR,Apparel,Pacific Asia,Wagga Wagga,Australia,53.99,0.18,59.99,0.35,5,299.95,245.96,86.09,Oceania,Nueva Gales del Sur,PENDING,Perfect Fitness Perfect Rip Deck,59.99,Standard Class,2,1.25,1499.75,0.2870145024170695,0
DEBIT,3,2,27.93,58.19,Late delivery,1,Cleats,Caguas,Puerto Rico,Corporate,PR,Apparel,USCA,Plano,Estados Unidos,1.8,0.03,59.99,0.48,1,59.99,58.19,27.93,US Center ,Texas,COMPLETE,Perfect Fitness Perfect Rip Deck,59.99,Second Class,1,0.5,59.99,0.4655775962660443,0
DEBIT,6,4,4.51,118.77,Late delivery,1,Shop By Sport,Redmond,EE. UU.,Consumer,WA,Golf,USCA,Suffolk,Estados Unidos,1.2,0.01,39.99,0.04,3,119.97,118.77,4.51,South of  USA ,Virginia,COMPLETE,Under Armour Girls' Toddler Spine Surge Runni,39.99,Standard Class,2,0.75,359.91,0.0375927315162123,0
TRANSFER,2,1,0.0,335.98,Late delivery,1,Fishing,Caguas,Puerto Rico,Home Office,PR,Fan Shop,USCA,Tulsa,Estados Unidos,64.0,0.16,399.98,0.0,1,399.98,335.98,0.0,US Center ,Oklahoma,PENDING,Field & Stream Sportsman 16 Gun Fire Safe,399.98,First Class,1,1.0,399.98,0.0,1
CASH,2,1,-4.07,29.53,Late delivery,1,Books ,Memphis,EE. UU.,Consumer,TN,Book Shop,Pacific Asia,Jiangmen,China,1.55,0.05,31.08,-0.14,1,31.08,29.53,-4.07,Eastern Asia,Guangdong,CLOSED,Sports Books ,31.08,First Class,1,1.0,31.08,-0.1309523809523809,1
TRANSFER,3,4,86.63,247.5,Advance shipping,0,Women's Apparel,Caguas,Puerto Rico,Consumer,PR,Golf,Europe,The Hague,Países Bajos,2.5,0.01,50.0,0.35,5,250.0,247.5,86.63,Western Europe,Holanda Meridional,PROCESSING,Nike Men's Dri-FIT Victory Golf Polo,50.0,Standard Class,-1,1.25,1250.0,0.34652,0
CASH,6,2,111.37,296.98,Late delivery,1,Camping & Hiking,Caguas,Puerto Rico,Home Office,PR,Fan Shop,Europe,Uvarovo,Rusia,3.0,0.01,299.98,0.38,1,299.98,296.98,111.37,Eastern Europe,Tambov,CLOSED,Diamondback Women's Serene Classic Comfort Bi,299.98,Second Class,4,0.5,299.98,0.3712580838722581,0
DEBIT,2,1,96.72,371.98,Late delivery,1,Fishing,Marrero,EE. UU.,Corporate,LA,Fan Shop,Pacific Asia,Bacoor,Filipinas,28.0,0.07,399.98,0.26,1,399.98,371.98,96.72,Southeast Asia,Calabarzón,ON_HOLD,Field & Stream Sportsman 16 Gun Fire Safe,399.98,First Class,1,1.0,399.98,0.2418120906045302,1
PAYMENT,1,0,55.99,159.98,Late delivery,1,Cardio Equipment,Washington,EE. UU.,Home Office,PA,Footwear,LATAM,Presidente Dutra,Brasil,40.0,0.2,99.99,0.35,2,199.98,159.98,55.99,South America,Marañón,PENDING_PAYMENT,Nike Men's Free 5.0+ Running Shoe,99.99,Same Day,1,inf,399.96,0.27997799779978,1
TRANSFER,2,1,11.12,95.0,Late delivery,1,Women's Apparel,Antioch,EE. UU.,Consumer,CA,Golf,USCA,Atlanta,Estados Unidos,5.0,0.05,50.0,0.12,2,100.0,95.0,11.12,South of  USA ,Georgia,PROCESSING,Nike Men's Dri-FIT Victory Golf Polo,50.0,First Class,1,2.0,200.0,0.1112,1
DEBIT,6,4,0.74,18.58,Late delivery,1,Golf Gloves,Goose Creek,EE. UU.,Consumer,SC,Outdoors,Pacific Asia,Osmaniye,Turquía,1.4,0.07,9.99,0.04,2,19.98,18.58,0.74,West Asia,Osmaniye,COMPLETE,Clicgear 8.0 Shoe Brush,9.99,Standard Class,2,0.5,39.96,0.037037037037037,0
PAYMENT,2,1,51.41,125.4,Late delivery,1,Electronics,North Hollywood,EE. UU.,Consumer,CA,Footwear,Europe,Busto Arsizio,Italia,2.56,0.02,31.99,0.41,4,127.96,125.4,51.41,Southern Europe,Lombardía,PENDING_PAYMENT,Under Armour Women's Ignite PIP VI Slide,31.99,First Class,1,4.0,511.84,0.4017661769302907,1
TRANSFER,4,4,54.32,193.99,Shipping on time,0,Water Sports,Morristown,EE. UU.,Corporate,NJ,Fan Shop,USCA,Atlanta,Estados Unidos,6.0,0.03,199.99,0.28,1,199.99,193.99,54.32,South of  USA ,Georgia,PENDING,Pelican Sunstream 100 Kayak,199.99,Standard Class,0,0.25,199.99,0.2716135806790339,0
TRANSFER,3,4,60.75,135.0,Advance shipping,0,Women's Apparel,Mesa,EE. UU.,Home Office,AZ,Golf,Pacific Asia,Suzhou,China,15.0,0.1,50.0,0.45,3,150.0,135.0,60.75,Eastern Asia,Gansu,PROCESSING,Nike Men's Dri-FIT Victory Golf Polo,50.0,Standard Class,-1,0.75,450.0,0.405,0
PAYMENT,6,4,60.19,122.84,Late delivery,1,Men's Footwear,Palatine,EE. UU.,Consumer,IL,Apparel,Pacific Asia,Ulhasnagar,India,7.15,0.06,129.99,0.49,1,129.99,122.84,60.19,South Asia,Maharashtra,PENDING_PAYMENT,Nike Men's CJ Elite 2 TD Football Cleat,129.99,Standard Class,2,0.25,129.99,0.4630356181244711,0
PAYMENT,2,1,32.57,113.09,Late delivery,1,Men's Footwear,Tonawanda,EE. UU.,Consumer,NY,Apparel,Pacific Asia,Surabaya,Indonesia,16.9,0.13,129.99,0.29,1,129.99,113.09,32.57,Southeast Asia,Java Oriental,PENDING_PAYMENT,Nike Men's CJ Elite 2 TD Football Cleat,129.99,First Class,1,1.0,129.99,0.2505577352104008,1
TRANSFER,2,4,31.58,87.0,Advance shipping,0,Women's Apparel,Caguas,Puerto Rico,Corporate,PR,Golf,USCA,Chicago,Estados Unidos,13.0,0.13,50.0,0.36,2,100.0,87.0,31.58,US Center ,Illinois,PENDING,Nike Men's Dri-FIT Victory Golf Polo,50.0,Standard Class,-2,0.5,200.0,0.3157999999999999,0
TRANSFER,5,2,84.0,199.99,Late delivery,1,Water Sports,Dallas,EE. UU.,Corporate,TX,Fan Shop,USCA,New York City,Estados Unidos,0.0,0.0,199.99,0.42,1,199.99,199.99,84.0,East of USA,Nueva York,PROCESSING,Pelican Sunstream 100 Kayak,199.99,Second Class,3,0.5,199.99,0.4200210010500524,0
TRANSFER,5,2,-31.85,127.39,Late delivery,1,Men's Footwear,Massillon,EE. UU.,Home Office,OH,Apparel,Pacific Asia,Seremban,Malasia,2.6,0.02,129.99,-0.25,1,129.99,127.39,-31.85,Southeast Asia,Negeri Sembilan,PENDING,Nike Men's CJ Elite 2 TD Football Cleat,129.99,Second Class,3,0.5,129.99,-0.2450188476036618,0
CASH,6,4,-257.29,331.98,Late delivery,1,Fishing,Caguas,Puerto Rico,Consumer,PR,Fan Shop,USCA,Houston,Estados Unidos,68.0,0.17,399.98,-0.78,1,399.98,331.98,-257.29,US Center ,Texas,CLOSED,Field & Stream Sportsman 16 Gun Fire Safe,399.98,Standard Class,2,0.25,399.98,-0.6432571628581429,0
PAYMENT,2,4,-87.35,109.19,Advance shipping,0,Men's Footwear,Philadelphia,EE. UU.,Consumer,PA,Apparel,LATAM,San Pedro Sula,Honduras,20.8,0.16,129.99,-0.8,1,129.99,109.19,-87.35,Central America,Cortés,PENDING_PAYMENT,Nike Men's CJ Elite 2 TD Football Cleat,129.99,Standard Class,-2,0.25,129.99,-0.6719747672897914,0
PAYMENT,1,0,36.15,99.58,Late delivery,1,Shop By Sport,Miami,EE. UU.,Consumer,FL,Golf,USCA,Springfield,Estados Unidos,20.39,0.17,39.99,0.36,3,119.97,99.58,36.15,East of USA,Ohio,PENDING_PAYMENT,Under Armour Girls' Toddler Spine Surge Runni,39.99,Same Day,1,inf,359.91,0.3013253313328332,1
DEBIT,2,4,107.12,223.16,Advance shipping,0,Cleats,Caguas,Puerto Rico,Consumer,PR,Apparel,Europe,Bayeux,Francia,16.8,0.07,59.99,0.48,4,239.96,223.16,107.12,Western Europe,Normandía,COMPLETE,Perfect Fitness Perfect Rip Deck,59.99,Standard Class,-2,1.0,959.84,0.4464077346224371,0
TRANSFER,5,4,53.82,116.99,Late delivery,1,Men's Footwear,Caguas,Puerto Rico,Home Office,PR,Apparel,LATAM,Camagüey,Cuba,13.0,0.1,129.99,0.46,1,129.99,116.99,53.82,Caribbean,Camagüey,PROCESSING,Nike Men's CJ Elite 2 TD Football Cleat,129.99,Standard Class,1,0.25,129.99,0.4140318486037387,0
TRANSFER,1,0,13.5,179.99,Late delivery,1,Water Sports,Denton,EE. UU.,Consumer,TX,Fan Shop,Africa,Garoua,Camerún,20.0,0.1,199.99,0.08,1,199.99,179.99,13.5,Central Africa,Nord,PROCESSING,Pelican Sunstream 100 Kayak,199.99,Same Day,1,inf,199.99,0.0675033751687584,1
PAYMENT,4,4,22.15,195.99,Shipping on time,0,Water Sports,Hamilton,EE. UU.,Consumer,OH,Fan Shop,Europe,Duisburg,Alemania,4.0,0.02,199.99,0.11,1,199.99,195.99,22.15,Western Europe,Renania del Norte-Westfalia,PAYMENT_REVIEW,Pelican Sunstream 100 Kayak,199.99,Standard Class,0,0.25,199.99,0.1107555377768888,0
PAYMENT,6,4,146.99,299.98,Late delivery,1,Camping & Hiking,Saint Paul,EE. UU.,Consumer,MN,Fan Shop,Pacific Asia,Hangzhou,China,0.0,0.0,299.98,0.49,1,299.98,299.98,146.99,Eastern Asia,Zhejiang,PENDING_PAYMENT,Diamondback Women's Serene Classic Comfort Bi,299.98,Standard Class,2,0.25,299.98,0.4899993332888859,0
CASH,3,4,12.09,172.77,Advance shipping,0,Cleats,New York,EE. UU.,Consumer,NY,Apparel,LATAM,Mexico City,México,7.2,0.04,59.99,0.07,3,179.97,172.77,12.09,Central America,Distrito Federal,CLOSED,Perfect Fitness Perfect Rip Deck,59.99,Standard Class,-1,0.75,539.91,0.0671778629771628,0
DEBIT,2,4,2.94,146.94,Advance shipping,0,Indoor/Outdoor Games,New York,EE. UU.,Consumer,NY,Fan Shop,LATAM,Tijuana,México,3.0,0.02,49.98,0.02,3,149.94,146.94,2.94,Central America,Baja California,COMPLETE,O'Brien Men's Neoprene Life Vest,49.98,Standard Class,-2,0.75,449.82,0.0196078431372549,0
DEBIT,5,4,72.77,232.5,Late delivery,1,Women's Apparel,Sugar Land,EE. UU.,Consumer,TX,Golf,Africa,Kolwezi,República Democrática del Congo,17.5,0.07,50.0,0.31,5,250.0,232.5,72.77,Central Africa,Katanga,COMPLETE,Nike Men's Dri-FIT Victory Golf Polo,50.0,Standard Class,1,1.25,1250.0,0.29108,0
CASH,2,1,49.68,127.39,Late delivery,1,Men's Footwear,Caguas,Puerto Rico,Consumer,PR,Apparel,LATAM,Altamira,Brasil,2.6,0.02,129.99,0.39,1,129.99,127.39,49.68,South America,Pará,CLOSED,Nike Men's CJ Elite 2 TD Football Cleat,129.99,First Class,1,1.0,129.99,0.3821832448649896,1
DEBIT,3,4,15.59,141.75,Advance shipping,0,Women's Apparel,Caguas,Puerto Rico,Corporate,PR,Golf,LATAM,Soyapango,El Salvador,8.25,0.06,50.0,0.11,3,150.0,141.75,15.59,Central America,San Salvador,COMPLETE,Nike Men's Dri-FIT Victory Golf Polo,50.0,Standard Class,-1,0.75,450.0,0.1039333333333333,0
DEBIT,4,4,70.46,156.57,Shipping on time,0,Cleats,Caguas,Puerto Rico,Home Office,PR,Apparel,LATAM,Mejicanos,El Salvador,23.4,0.13,59.99,0.45,3,179.97,156.57,70.46,Central America,San Salvador,COMPLETE,Perfect Fitness Perfect Rip Deck,59.99,Standard Class,0,0.75,539.91,0.3915096960604545,0
PAYMENT,3,4,9.21,122.84,Advance shipping,0,Men's Footwear,Ontario,EE. UU.,Consumer,CA,Apparel,USCA,San Francisco,Estados Unidos,7.15,0.06,129.99,0.08,1,129.99,122.84,9.21,West of USA ,California,PENDING_PAYMENT,Nike Men's CJ Elite 2 TD Football Cleat,129.99,Standard Class,-1,0.25,129.99,0.0708516039695361,0
DEBIT,2,1,-79.08,107.89,Late delivery,1,Men's Footwear,Caguas,Puerto Rico,Consumer,PR,Apparel,USCA,Franklin,Estados Unidos,22.1,0.17,129.99,-0.73,1,129.99,107.89,-79.08,East of USA,Massachusetts,ON_HOLD,Nike Men's CJ Elite 2 TD Football Cleat,129.99,First Class,1,1.0,129.99,-0.6083544888068312,1
DEBIT,2,1,0.0,1350.0,Late delivery,1,Computers,Citrus Heights,EE. UU.,Consumer,CA,Technology,Europe,Ravenna,Italia,150.0,0.1,1500.0,0.0,1,1500.0,1350.0,0.0,Southern Europe,Emilia-Romaña,COMPLETE,Dell Laptop,1500.0,First Class,1,1.0,1500.0,0.0,1
PAYMENT,2,4,67.19,191.98,Advance shipping,0,Cardio Equipment,Caguas,Puerto Rico,Consumer,PR,Footwear,LATAM,Francisco Beltrão,Brasil,8.0,0.04,99.99,0.35,2,199.98,191.98,67.19,South America,Paraná,PENDING_PAYMENT,Nike Men's Free 5.0+ Running Shoe,99.99,Standard Class,-2,0.5,399.96,0.335983598359836,0
DEBIT,3,4,-38.39,127.97,Advance shipping,0,Shop By Sport,Phoenix,EE. UU.,Corporate,AZ,Golf,Europe,Paris,Francia,31.99,0.2,39.99,-0.3,4,159.96,127.97,-38.39,Western Europe,Isla de Francia,COMPLETE,Under Armour Girls' Toddler Spine Surge Runni,39.99,Standard Class,-1,1.0,639.84,-0.2399974993748437,0
DEBIT,6,4,74.83,226.76,Late delivery,1,Cleats,Los Angeles,EE. UU.,Corporate,CA,Apparel,Pacific Asia,Zhuhai,China,13.2,0.06,59.99,0.33,4,239.96,226.76,74.83,Eastern Asia,Guangdong,COMPLETE,Perfect Fitness Perfect Rip Deck,59.99,Standard Class,2,1.0,959.84,0.3118436406067678,0
CASH,2,4,83.49,173.93,Advance shipping,0,Indoor/Outdoor Games,Chicago,EE. UU.,Consumer,IL,Fan Shop,Pacific Asia,Depok,Indonesia,25.99,0.13,49.98,0.48,4,199.92,173.93,83.49,Southeast Asia,Java Occidental,CLOSED,O'Brien Men's Neoprene Life Vest,49.98,Standard Class,-2,1.0,799.68,0.4176170468187274,0
TRANSFER,2,2,27.06,165.99,Shipping on time,0,Water Sports,Bridgeton,EE. UU.,Consumer,NJ,Fan Shop,LATAM,Tuxtla Gutiérrez,México,34.0,0.17,199.99,0.16,1,199.99,165.99,27.06,Central America,Chiapas,PENDING,Pelican Sunstream 100 Kayak,199.99,Second Class,0,0.5,199.99,0.1353067653382669,0
TRANSFER,4,4,21.82,290.97,Shipping on time,0,Cardio Equipment,Caguas,Puerto Rico,Corporate,PR,Footwear,Europe,Rome,Italia,9.0,0.03,99.99,0.08,3,299.97,290.97,21.82,Southern Europe,Lacio,PENDING,Nike Men's Free 5.0+ Running Shoe,99.99,Standard Class,0,0.75,899.9100000000001,0.0727406073940727,0
DEBIT,5,4,41.83,139.44,Late delivery,1,Indoor/Outdoor Games,Dallas,EE. UU.,Consumer,TX,Fan Shop,Pacific Asia,Jammu,India,10.5,0.07,49.98,0.3,3,149.94,139.44,41.83,South Asia,Jammu y Cachemira,COMPLETE,O'Brien Men's Neoprene Life Vest,49.98,Standard Class,1,0.75,449.82,0.2789782579698546,0
DEBIT,1,0,79.18,158.35,Late delivery,1,Electronics,Caguas,Puerto Rico,Corporate,PR,Footwear,Europe,Lora del Río,España,1.6,0.01,31.99,0.5,5,159.95,158.35,79.18,Southern Europe,Andalucía,COMPLETE,Under Armour Women's Ignite PIP VI Slide,31.99,Same Day,1,inf,799.75,0.4950296967802439,1
DEBIT,3,4,-283.45,113.38,Advance shipping,0,Cleats,La Crosse,EE. UU.,Consumer,WI,Apparel,USCA,Chicago,Estados Unidos,6.6,0.06,59.99,-2.5,2,119.98,113.38,-283.45,US Center ,Illinois,COMPLETE,Perfect Fitness Perfect Rip Deck,59.99,Standard Class,-1,0.5,239.96,-2.362477079513252,0
DEBIT,2,1,81.34,232.41,Late delivery,1,Indoor/Outdoor Games,Catonsville,EE. UU.,Corporate,MD,Fan Shop,Pacific Asia,Manila,Filipinas,17.49,0.07,49.98,0.35,5,249.9,232.41,81.34,Southeast Asia,Capital Nacional,COMPLETE,O'Brien Men's Neoprene Life Vest,49.98,First Class,1,5.0,1249.5,0.3254901960784314,1
PAYMENT,2,1,-65.04,239.98,Late delivery,1,Camping & Hiking,Denver,EE. UU.,Consumer,CO,Fan Shop,USCA,Lehi,Estados Unidos,60.0,0.2,299.98,-0.27,1,299.98,239.98,-65.04,West of USA ,Utah,PENDING_PAYMENT,Diamondback Women's Serene Classic Comfort Bi,299.98,First Class,1,1.0,299.98,-0.2168144542969531,1
DEBIT,4,4,25.92,95.98,Shipping on time,0,Cleats,Miami,EE. UU.,Consumer,FL,Apparel,LATAM,San Salvador,El Salvador,24.0,0.2,59.99,0.27,2,119.98,95.98,25.92,Central America,San Salvador,COMPLETE,Perfect Fitness Perfect Rip Deck,59.99,Standard Class,0,0.5,239.96,0.2160360060010001,0
TRANSFER,3,4,27.04,103.99,Advance shipping,0,Men's Footwear,El Cajon,EE. UU.,Consumer,CA,Apparel,Pacific Asia,Bangkok,Tailandia,26.0,0.2,129.99,0.26,1,129.99,103.99,27.04,Southeast Asia,Bangkok,PENDING,Nike Men's CJ Elite 2 TD Football Cleat,129.99,Standard Class,-1,0.25,129.99,0.2080160012308639,0
PAYMENT,2,1,88.21,260.98,Late delivery,1,Camping & Hiking,Caguas,Puerto Rico,Consumer,PR,Fan Shop,Pacific Asia,Visakhapatnam,India,39.0,0.13,299.98,0.34,1,299.98,260.98,88.21,South Asia,Andhra Pradesh,PENDING_PAYMENT,Diamondback Women's Serene Classic Comfort Bi,299.98,First Class,1,1.0,299.98,0.2940529368624575,1
DEBIT,4,4,114.83,395.98,Shipping on time,0,Fishing,Washington,EE. UU.,Consumer,DC,Fan Shop,Europe,Paris,Francia,4.0,0.01,399.98,0.29,1,399.98,395.98,114.83,Western Europe,Isla de Francia,COMPLETE,Field & Stream Sportsman 16 Gun Fire Safe,399.98,Standard Class,0,0.25,399.98,0.2870893544677234,0
DEBIT,4,4,6.15,81.97,Shipping on time,0,Indoor/Outdoor Games,Caguas,Puerto Rico,Consumer,PR,Fan Shop,Africa,Lome,Togo,17.99,0.18,49.98,0.08,2,99.96,81.97,6.15,West Africa,Marítima,ON_HOLD,O'Brien Men's Neoprene Life Vest,49.98,Standard Class,0,0.5,199.92,0.0615246098439375,0
DEBIT,6,2,222.73,494.95,Late delivery,1,Cardio Equipment,Chicago,EE. UU.,Corporate,IL,Footwear,LATAM,Miguel Hidalgo,México,5.0,0.01,99.99,0.45,5,499.95,494.95,222.73,Central America,Distrito Federal,COMPLETE,Nike Men's Free 5.0+ Running Shoe,99.99,Second Class,4,2.5,2499.75,0.4455045504550455,0
DEBIT,6,4,10.58,37.79,Late delivery,1,Shop By Sport,Fort Worth,EE. UU.,Corporate,TX,Golf,USCA,Springfield,Estados Unidos,2.2,0.06,39.99,0.28,1,39.99,37.79,10.58,East of USA,Ohio,COMPLETE,Under Armour Girls' Toddler Spine Surge Runni,39.99,Standard Class,2,0.25,39.99,0.2645661415353838,0
TRANSFER,4,4,-219.86,299.95,Shipping on time,0,Cleats,Caguas,Puerto Rico,Corporate,PR,Apparel,Europe,Huelva,España,0.0,0.0,59.99,-0.73,5,299.95,299.95,-219.86,Southern Europe,Andalucía,PROCESSING,Perfect Fitness Perfect Rip Deck,59.99,Standard Class,0,1.25,1499.75,-0.7329888314719121,0
PAYMENT,2,1,2.08,103.99,Late delivery,1,Men's Footwear,Caguas,Puerto Rico,Home Office,PR,Apparel,Europe,Tilburg,Países Bajos,26.0,0.2,129.99,0.02,1,129.99,103.99,2.08,Western Europe,Brabante Septentrional,PENDING_PAYMENT,Nike Men's CJ Elite 2 TD Football Cleat,129.99,First Class,1,1.0,129.99,0.0160012308639126,1
DEBIT,2,1,61.75,123.49,Late delivery,1,Men's Footwear,Columbia,EE. UU.,Consumer,SC,Apparel,Europe,Berlín,Alemania,6.5,0.05,129.99,0.5,1,129.99,123.49,61.75,Western Europe,Berlín,COMPLETE,Nike Men's CJ Elite 2 TD Football Cleat,129.99,First Class,1,1.0,129.99,0.4750365412724055,1
DEBIT,3,4,-74.37,92.96,Advance shipping,0,Indoor/Outdoor Games,Caguas,Puerto Rico,Home Office,PR,Fan Shop,Europe,Nacka,Suecia,7.0,0.07,49.98,-0.8,2,99.96,92.96,-74.37,Northern Europe,Estocolmo,COMPLETE,O'Brien Men's Neoprene Life Vest,49.98,Standard Class,-1,0.5,199.92,-0.7439975990396159,0
TRANSFER,6,2,27.3,136.5,Late delivery,1,Women's Apparel,Aurora,EE. UU.,Corporate,CO,Golf,LATAM,Soyapango,El Salvador,13.5,0.09,50.0,0.2,3,150.0,136.5,27.3,Central America,San Salvador,PENDING,Nike Men's Dri-FIT Victory Golf Polo,50.0,Second Class,4,1.5,450.0,0.182,0
PAYMENT,4,4,-48.36,120.89,Shipping on time,0,Men's Footwear,Eugene,EE. UU.,Corporate,OR,Apparel,Africa,Cairo,Egipto,9.1,0.07,129.99,-0.4,1,129.99,120.89,-48.36,North Africa,El Cairo,PENDING_PAYMENT,Nike Men's CJ Elite 2 TD Football Cleat,129.99,Standard Class,0,0.25,129.99,-0.3720286175859681,0
PAYMENT,4,4,56.0,199.99,Shipping on time,0,Water Sports,Caguas,Puerto Rico,Consumer,PR,Fan Shop,USCA,Chico,Estados Unidos,0.0,0.0,199.99,0.28,1,199.99,199.99,56.0,West of USA ,California,PENDING_PAYMENT,Pelican Sunstream 100 Kayak,199.99,Standard Class,0,0.25,199.99,0.280014000700035,0
PAYMENT,4,4,117.55,239.9,Shipping on time,0,Indoor/Outdoor Games,Caguas,Puerto Rico,Consumer,PR,Fan Shop,USCA,Los Angeles,Estados Unidos,10.0,0.04,49.98,0.49,5,249.9,239.9,117.55,West of USA ,California,PENDING_PAYMENT,O'Brien Men's Neoprene Life Vest,49.98,Standard Class,0,1.25,1249.5,0.4703881552621048,0
TRANSFER,3,4,124.79,319.98,Shipping canceled,0,Fishing,Mesquite,EE. UU.,Corporate,TX,Fan Shop,USCA,Oceanside,Estados Unidos,80.0,0.2,399.98,0.39,1,399.98,319.98,124.79,West of USA ,California,CANCELED,Field & Stream Sportsman 16 Gun Fire Safe,399.98,Standard Class,-1,0.25,399.98,0.3119905995299765,0
CASH,5,4,56.98,189.92,Late delivery,1,Indoor/Outdoor Games,Arlington,EE. UU.,Consumer,TX,Fan Shop,LATAM,San Pedro Sula,Honduras,10.0,0.05,49.98,0.3,4,199.92,189.92,56.98,Central America,Cortés,CLOSED,O'Brien Men's Neoprene Life Vest,49.98,Standard Class,1,1.0,799.68,0.2850140056022409,0
CASH,6,4,32.39,119.97,Late delivery,1,Shop By Sport,Caguas,Puerto Rico,Consumer,PR,Golf,LATAM,Juárez,México,0.0,0.0,39.99,0.27,3,119.97,119.97,32.39,Central America,Chihuahua,CLOSED,Under Armour Girls' Toddler Spine Surge Runni,39.99,Standard Class,2,0.75,359.91,0.2699841627073435,0
PAYMENT,6,4,38.54,81.99,Late delivery,1,Cardio Equipment,Caguas,Puerto Rico,Corporate,PR,Footwear,Europe,Munster,Alemania,18.0,0.18,99.99,0.47,1,99.99,81.99,38.54,Western Europe,Baja Sajonia,PENDING_PAYMENT,Nike Men's Free 5.0+ Running Shoe,99.99,Standard Class,2,0.25,99.99,0.3854385438543855,0
PAYMENT,3,4,3.65,10.73,Advance shipping,0,Toys,Caguas,Puerto Rico,Consumer,PR,Fan Shop,Pacific Asia,San Jose del Monte,Filipinas,0.81,0.07,11.54,0.34,1,11.54,10.73,3.65,Southeast Asia,Luzón Central,PENDING_PAYMENT,Toys ,11.54,Standard Class,-1,0.25,11.54,0.3162911611785095,0
PAYMENT,2,1,26.13,59.39,Late delivery,1,Cleats,Chicago,EE. UU.,Corporate,IL,Apparel,LATAM,Maracaibo,Venezuela,0.6,0.01,59.99,0.44,1,59.99,59.39,26.13,South America,Zulia,PENDING_PAYMENT,Perfect Fitness Perfect Rip Deck,59.99,First Class,1,1.0,59.99,0.435572595432572,1
DEBIT,2,1,57.33,127.39,Late delivery,1,Men's Footwear,Caguas,Puerto Rico,Corporate,PR,Apparel,LATAM,Camagüey,Cuba,2.6,0.02,129.99,0.45,1,129.99,127.39,57.33,Caribbean,Camagüey,COMPLETE,Nike Men's CJ Elite 2 TD Football Cleat,129.99,First Class,1,1.0,129.99,0.4410339256865912,1
CASH,5,2,171.11,371.98,Late delivery,1,Fishing,Caguas,Puerto Rico,Consumer,PR,Fan Shop,Africa,Lagos,Nigeria,28.0,0.07,399.98,0.46,1,399.98,371.98,171.11,West Africa,Lagos,CLOSED,Field & Stream Sportsman 16 Gun Fire Safe,399.98,Second Class,3,0.5,399.98,0.427796389819491,0
PAYMENT,0,0,83.6,379.98,Shipping on time,0,Fishing,Miami,EE. UU.,Home Office,FL,Fan Shop,LATAM,Monterrey,México,20.0,0.05,399.98,0.22,1,399.98,379.98,83.6,Central America,Nuevo León,PAYMENT_REVIEW,Field & Stream Sportsman 16 Gun Fire Safe,399.98,Same Day,0,inf,399.98,0.2090104505225261,1
PAYMENT,2,1,-26.23,131.16,Late delivery,1,Electronics,Caguas,Puerto Rico,Consumer,PR,Outdoors,LATAM,Medellín,Colombia,28.79,0.18,31.99,-0.2,5,159.95,131.16,-26.23,South America,Antioquía,PENDING_PAYMENT,Bridgestone e6 Straight Distance NFL Tennesse,31.99,First Class,1,5.0,799.75,-0.163988746483276,1
DEBIT,3,4,10.37,41.48,Advance shipping,0,Indoor/Outdoor Games,Aurora,EE. UU.,Corporate,IL,Fan Shop,USCA,Seattle,Estados Unidos,8.5,0.17,49.98,0.25,1,49.98,41.48,10.37,West of USA ,Washington,COMPLETE,O'Brien Men's Neoprene Life Vest,49.98,Standard Class,-1,0.25,49.98,0.2074829931972789,0
CASH,5,4,11.81,47.23,Late delivery,1,Indoor/Outdoor Games,Caguas,Puerto Rico,Consumer,PR,Fan Shop,Pacific Asia,Wollongong,Australia,2.75,0.06,49.98,0.25,1,49.98,47.23,11.81,Oceania,Nueva Gales del Sur,CLOSED,O'Brien Men's Neoprene Life Vest,49.98,Standard Class,1,0.25,49.98,0.2362945178071228,0
TRANSFER,6,4,33.17,114.39,Late delivery,1,Men's Footwear,Mentor,EE. UU.,Corporate,OH,Apparel,LATAM,Carrefour,Haití,15.6,0.12,129.99,0.29,1,129.99,114.39,33.17,Caribbean,Ouest,PROCESSING,Nike Men's CJ Elite 2 TD Football Cleat,129.99,Standard Class,2,0.25,129.99,0.2551734748826832,0
TRANSFER,3,4,30.9,67.18,Advance shipping,0,Shop By Sport,Caguas,Puerto Rico,Home Office,PR,Golf,LATAM,Mexico City,México,12.8,0.16,39.99,0.46,2,79.98,67.18,30.9,Central America,Distrito Federal,PENDING,Under Armour Girls' Toddler Spine Surge Runni,39.99,Standard Class,-1,0.5,159.96,0.3863465866466616,0
DEBIT,4,2,20.58,58.79,Late delivery,1,Cleats,Toms River,EE. UU.,Home Office,NJ,Apparel,Pacific Asia,Raipur,India,1.2,0.02,59.99,0.35,1,59.99,58.79,20.58,South Asia,Uttarakhand,COMPLETE,Perfect Fitness Perfect Rip Deck,59.99,Second Class,2,0.5,59.99,0.3430571761960326,0
CASH,2,4,67.31,152.97,Advance shipping,0,Cleats,Eugene,EE. UU.,Consumer,OR,Apparel,Europe,Saint-Nazaire,Francia,27.0,0.15,59.99,0.44,3,179.97,152.97,67.31,Western Europe,Países del Loira,CLOSED,Perfect Fitness Perfect Rip Deck,59.99,Standard Class,-2,0.75,539.91,0.3740067789075957,0
DEBIT,3,2,138.23,383.98,Late delivery,1,Fishing,Riverside,EE. UU.,Corporate,CA,Fan Shop,Europe,Doetinchem,Países Bajos,16.0,0.04,399.98,0.36,1,399.98,383.98,138.23,Western Europe,Güeldres,COMPLETE,Field & Stream Sportsman 16 Gun Fire Safe,399.98,Second Class,1,0.5,399.98,0.3455922796139806,0
TRANSFER,2,4,-16.92,359.98,Shipping canceled,0,Fishing,Caguas,Puerto Rico,Consumer,PR,Fan Shop,Europe,Heilbronn,Alemania,40.0,0.1,399.98,-0.05,1,399.98,359.98,-16.92,Western Europe,Baden-Wurtemberg,SUSPECTED_FRAUD,Field & Stream Sportsman 16 Gun Fire Safe,399.98,Standard Class,-2,0.25,399.98,-0.0423021151057552,0
TRANSFER,6,2,71.97,149.94,Late delivery,1,Indoor/Outdoor Games,Caguas,Puerto Rico,Corporate,PR,Fan Shop,Europe,Cologne,Alemania,49.98,0.25,49.98,0.48,4,199.92,149.94,71.97,Western Europe,Renania del Norte-Westfalia,PROCESSING,O'Brien Men's Neoprene Life Vest,49.98,Second Class,4,2.0,799.68,0.3599939975990396,0
DEBIT,2,4,118.93,379.98,Advance shipping,0,Fishing,Carol Stream,EE. UU.,Corporate,IL,Fan Shop,Europe,Argenteuil,Francia,20.0,0.05,399.98,0.31,1,399.98,379.98,118.93,Western Europe,Isla de Francia,COMPLETE,Field & Stream Sportsman 16 Gun Fire Safe,399.98,Standard Class,-2,0.25,399.98,0.2973398669933497,0
DEBIT,4,2,-9.19,104.38,Late delivery,1,Cleats,Livermore,EE. UU.,Consumer,CA,Apparel,Pacific Asia,Geelong,Australia,15.6,0.13,59.99,-0.09,2,119.98,104.38,-9.19,Oceania,Victoria,COMPLETE,Perfect Fitness Perfect Rip Deck,59.99,Second Class,2,1.0,239.96,-0.0765960993498916,0
CASH,2,2,54.99,116.99,Shipping on time,0,Men's Footwear,Gardena,EE. UU.,Corporate,CA,Apparel,USCA,Salem,Estados Unidos,13.0,0.1,129.99,0.47,1,129.99,116.99,54.99,West of USA ,Oregón,CLOSED,Nike Men's CJ Elite 2 TD Football Cleat,129.99,Second Class,0,0.5,129.99,0.4230325409646895,0
DEBIT,2,4,100.45,218.36,Advance shipping,0,Cleats,Caguas,Puerto Rico,Home Office,PR,Apparel,Africa,Johannesburg,SudAfrica,21.6,0.09,59.99,0.46,4,239.96,218.36,100.45,Southern Africa,Gauteng,COMPLETE,Perfect Fitness Perfect Rip Deck,59.99,Standard Class,-2,1.0,959.84,0.4186114352392065,0
TRANSFER,3,4,95.83,263.98,Advance shipping,0,Camping & Hiking,Fullerton,EE. UU.,Consumer,CA,Fan Shop,USCA,Fresno,Estados Unidos,36.0,0.12,299.98,0.36,1,299.98,263.98,95.83,West of USA ,California,PROCESSING,Diamondback Women's Serene Classic Comfort Bi,299.98,Standard Class,-1,0.25,299.98,0.3194546303086872,0
PAYMENT,1,0,17.92,66.38,Late delivery,1,Shop By Sport,Jackson Heights,EE. UU.,Consumer,NY,Golf,Europe,Turin,Italia,13.6,0.17,39.99,0.27,2,79.98,66.38,17.92,Southern Europe,Piamonte,PENDING_PAYMENT,Under Armour Girls' Toddler Spine Surge Runni,39.99,Same Day,1,inf,159.96,0.2240560140035009,1
TRANSFER,5,4,6.75,89.99,Shipping canceled,0,Cleats,Caguas,Puerto Rico,Consumer,PR,Apparel,USCA,Los Angeles,Estados Unidos,30.0,0.25,59.99,0.08,2,119.98,89.99,6.75,West of USA ,California,SUSPECTED_FRAUD,Perfect Fitness Perfect Rip Deck,59.99,Standard Class,1,0.5,239.96,0.0562593765627604,0
TRANSFER,5,2,44.59,91.0,Shipping canceled,0,Women's Apparel,Passaic,EE. UU.,Home Office,NJ,Golf,Pacific Asia,Yakarta,Indonesia,9.0,0.09,50.0,0.49,2,100.0,91.0,44.59,Southeast Asia,Yakarta,SUSPECTED_FRAUD,Nike Men's Dri-FIT Victory Golf Polo,50.0,Second Class,3,1.0,200.0,0.4459,0
TRANSFER,2,1,44.4,199.99,Late delivery,1,Water Sports,San Francisco,EE. UU.,Consumer,CA,Fan Shop,Pacific Asia,Manila,Filipinas,0.0,0.0,199.99,0.22,1,199.99,199.99,44.4,Southeast Asia,Capital Nacional,PROCESSING,Pelican Sunstream 100 Kayak,199.99,First Class,1,1.0,199.99,0.2220111005550277,1
DEBIT,2,1,45.63,135.0,Late delivery,1,Women's Apparel,Los Angeles,EE. UU.,Consumer,CA,Golf,USCA,New York City,Estados Unidos,15.0,0.1,50.0,0.34,3,150.0,135.0,45.63,East of USA,Nueva York,COMPLETE,Nike Men's Dri-FIT Victory Golf Polo,50.0,First Class,1,3.0,450.0,0.3042,1
DEBIT,0,0,82.93,230.36,Shipping on time,0,Cleats,Louisville,EE. UU.,Consumer,KY,Apparel,Europe,Lausanne,Suiza,9.6,0.04,59.99,0.36,4,239.96,230.36,82.93,Western Europe,Vaud,COMPLETE,Perfect Fitness Perfect Rip Deck,59.99,Same Day,0,inf,959.84,0.3455992665444241,1
PAYMENT,4,4,22.7,106.59,Shipping on time,0,Men's Footwear,Caguas,Puerto Rico,Consumer,PR,Apparel,Pacific Asia,Van,Turquía,23.4,0.18,129.99,0.21,1,129.99,106.59,22.7,West Asia,Van,PENDING_PAYMENT,Nike Men's CJ Elite 2 TD Football Cleat,129.99,Standard Class,0,0.25,129.99,0.1746288176013539,0
PAYMENT,2,1,20.25,55.79,Late delivery,1,Cleats,Napa,EE. UU.,Corporate,CA,Apparel,LATAM,Ilopango,El Salvador,4.2,0.07,59.99,0.36,1,59.99,55.79,20.25,Central America,San Salvador,PENDING_PAYMENT,Perfect Fitness Perfect Rip Deck,59.99,First Class,1,1.0,59.99,0.3375562593765627,1
TRANSFER,2,1,12.22,193.99,Late delivery,1,Water Sports,Chula Vista,EE. UU.,Consumer,CA,Fan Shop,Europe,Dortmund,Alemania,6.0,0.03,199.99,0.06,1,199.99,193.99,12.22,Western Europe,Renania del Norte-Westfalia,PROCESSING,Pelican Sunstream 100 Kayak,199.99,First Class,1,1.0,199.99,0.0611030551527576,1
CASH,1,0,34.19,89.99,Late delivery,1,Cleats,Caguas,Puerto Rico,Consumer,PR,Apparel,USCA,New York City,Estados Unidos,30.0,0.25,59.99,0.38,2,119.98,89.99,34.19,East of USA,Nueva York,CLOSED,Perfect Fitness Perfect Rip Deck,59.99,Same Day,1,inf,239.96,0.2849641606934489,1
DEBIT,6,4,20.78,127.49,Late delivery,1,Golf Bags & Carts,Detroit,EE. UU.,Corporate,MI,Outdoors,Europe,Cambridge,Reino Unido,42.5,0.25,169.99,0.16,1,169.99,127.49,20.78,Northern Europe,Inglaterra,COMPLETE,Ogio Race Golf Shoes,169.99,Standard Class,2,0.25,169.99,0.1222424848520501,0
DEBIT,3,4,61.81,134.37,Advance shipping,0,Shop By Sport,Los Angeles,EE. UU.,Consumer,CA,Golf,Europe,Bilbao,España,25.59,0.16,39.99,0.46,4,159.96,134.37,61.81,Southern Europe,País Vasco,COMPLETE,Under Armour Girls' Toddler Spine Surge Runni,39.99,Standard Class,-1,1.0,639.84,0.3864091022755689,0
TRANSFER,6,2,125.19,399.98,Late delivery,1,Fishing,Santa Cruz,EE. UU.,Consumer,CA,Fan Shop,LATAM,Mérida,México,0.0,0.0,399.98,0.31,1,399.98,399.98,125.19,Central America,Yucatán,PENDING,Field & Stream Sportsman 16 Gun Fire Safe,399.98,Second Class,4,0.5,399.98,0.3129906495324766,0
DEBIT,2,1,24.5,50.0,Late delivery,1,Women's Apparel,Miami,EE. UU.,Consumer,FL,Golf,Pacific Asia,Gold Coast,Australia,0.0,0.0,50.0,0.49,1,50.0,50.0,24.5,Oceania,Queensland,COMPLETE,Nike Men's Dri-FIT Victory Golf Polo,50.0,First Class,1,1.0,50.0,0.49,1
DEBIT,3,2,111.59,371.98,Late delivery,1,Fishing,Spring Valley,EE. UU.,Consumer,CA,Fan Shop,Europe,Berlín,Alemania,28.0,0.07,399.98,0.3,1,399.98,371.98,111.59,Western Europe,Berlín,COMPLETE,Field & Stream Sportsman 16 Gun Fire Safe,399.98,Second Class,1,0.5,399.98,0.2789889494474724,0
DEBIT,5,4,147.14,420.4,Late delivery,1,Cameras ,Caguas,Puerto Rico,Corporate,PR,Technology,Europe,Kassel,Alemania,31.64,0.07,452.04,0.35,1,452.04,420.4,147.14,Western Europe,Hesse,COMPLETE,Web Camera,452.04,Standard Class,1,0.25,452.04,0.3255021679497389,0
DEBIT,2,4,-94.84,55.79,Advance shipping,0,Cleats,Caguas,Puerto Rico,Home Office,PR,Apparel,Pacific Asia,Kuala Lumpur,Malasia,4.2,0.07,59.99,-1.7,1,59.99,55.79,-94.84,Southeast Asia,Kuala Lumpur,COMPLETE,Perfect Fitness Perfect Rip Deck,59.99,Standard Class,-2,0.25,59.99,-1.5809301550258377,0
CASH,2,4,15.96,50.99,Advance shipping,0,Cleats,Mission,EE. UU.,Corporate,TX,Apparel,LATAM,Villa Nueva,Guatemala,9.0,0.15,59.99,0.31,1,59.99,50.99,15.96,Central America,Guatemala,CLOSED,Perfect Fitness Perfect Rip Deck,59.99,Standard Class,-2,0.25,59.99,0.2660443407234539,0
DEBIT,2,4,118.43,251.98,Advance shipping,0,Camping & Hiking,Caguas,Puerto Rico,Consumer,PR,Fan Shop,USCA,New York City,Estados Unidos,48.0,0.16,299.98,0.47,1,299.98,251.98,118.43,East of USA,Nueva York,COMPLETE,Diamondback Women's Serene Classic Comfort Bi,299.98,Standard Class,-2,0.25,299.98,0.3947929861990799,0
TRANSFER,4,4,57.1,167.93,Shipping on time,0,Indoor/Outdoor Games,Caguas,Puerto Rico,Corporate,PR,Fan Shop,Europe,Gloucester,Reino Unido,31.99,0.16,49.98,0.34,4,199.92,167.93,57.1,Northern Europe,Inglaterra,PENDING,O'Brien Men's Neoprene Life Vest,49.98,Standard Class,0,1.0,799.68,0.2856142456982793,0
TRANSFER,3,4,42.17,112.46,Advance shipping,0,Indoor/Outdoor Games,San Diego,EE. UU.,Home Office,CA,Fan Shop,LATAM,Apopa,El Salvador,37.49,0.25,49.98,0.38,3,149.94,112.46,42.17,Central America,San Salvador,PROCESSING,O'Brien Men's Neoprene Life Vest,49.98,Standard Class,-1,0.75,449.82,0.2812458316659997,0
DEBIT,2,4,12.55,46.48,Advance shipping,0,Indoor/Outdoor Games,Caguas,Puerto Rico,Corporate,PR,Fan Shop,Pacific Asia,Gladstone,Australia,3.5,0.07,49.98,0.27,1,49.98,46.48,12.55,Oceania,Queensland,ON_HOLD,O'Brien Men's Neoprene Life Vest,49.98,Standard Class,-2,0.25,49.98,0.2511004401760704,0
TRANSFER,2,4,29.11,174.29,Advance shipping,0,Women's Golf Clubs,Houston,EE. UU.,Corporate,TX,Outdoors,Europe,Bradford,Reino Unido,35.7,0.17,209.99,0.17,1,209.99,174.29,29.11,Northern Europe,Inglaterra,PROCESSING,Cleveland Golf Collegiate My Custom Wedge 588,209.99,Standard Class,-2,0.25,209.99,0.1386256488404209,0
DEBIT,2,4,17.62,37.49,Advance shipping,0,Indoor/Outdoor Games,Los Angeles,EE. UU.,Consumer,CA,Fan Shop,Africa,Port Harcourt,Nigeria,12.5,0.25,49.98,0.47,1,49.98,37.49,17.62,West Africa,Ríos,COMPLETE,O'Brien Men's Neoprene Life Vest,49.98,Standard Class,-2,0.25,49.98,0.3525410164065626,0
PAYMENT,5,4,237.48,474.95,Late delivery,1,Cardio Equipment,Caguas,Puerto Rico,Home Office,PR,Footwear,Europe,Timisoara,Rumania,25.0,0.05,99.99,0.5,5,499.95,474.95,237.48,Eastern Europe,Timis,PENDING_PAYMENT,Nike Men's Free 5.0+ Running Shoe,99.99,Standard Class,1,1.25,2499.75,0.475007500750075,0
DEBIT,6,4,52.41,109.19,Late delivery,1,Men's Footwear,Sacramento,EE. UU.,Corporate,CA,Apparel,Pacific Asia,Jiangmen,China,20.8,0.16,129.99,0.48,1,129.99,109.19,52.41,Eastern Asia,Guangdong,ON_HOLD,Nike Men's CJ Elite 2 TD Football Cleat,129.99,Standard Class,2,0.25,129.99,0.4031848603738748,0
TRANSFER,3,2,118.07,245.98,Late delivery,1,Camping & Hiking,Fort Lauderdale,EE. UU.,Consumer,FL,Fan Shop,USCA,San Antonio,Estados Unidos,54.0,0.18,299.98,0.48,1,299.98,245.98,118.07,US Center ,Texas,PENDING,Diamondback Women's Serene Classic Comfort Bi,299.98,Second Class,1,0.5,299.98,0.3935929061937462,0
PAYMENT,3,4,35.2,399.98,Advance shipping,0,Fishing,Atlanta,EE. UU.,Consumer,GA,Fan Shop,LATAM,Estelí,Nicaragua,0.0,0.0,399.98,0.09,1,399.98,399.98,35.2,Central America,Estelí,PENDING_PAYMENT,Field & Stream Sportsman 16 Gun Fire Safe,399.98,Standard Class,-1,0.25,399.98,0.088004400220011,0
PAYMENT,4,4,11.37,90.99,Shipping on time,0,Cardio Equipment,Van Nuys,EE. UU.,Corporate,CA,Footwear,LATAM,Nicoya,Costa Rica,9.0,0.09,99.99,0.13,1,99.99,90.99,11.37,Central America,Guanacaste,PENDING_PAYMENT,Nike Men's Free 5.0+ Running Shoe,99.99,Standard Class,0,0.25,99.99,0.1137113711371137,0
TRANSFER,4,4,81.9,182.0,Shipping canceled,0,Women's Apparel,Humacao,Puerto Rico,Consumer,PR,Golf,Africa,Port Elizabeth,SudAfrica,18.0,0.09,50.0,0.45,4,200.0,182.0,81.9,Southern Africa,Cabo Oriental,SUSPECTED_FRAUD,Nike Men's Dri-FIT Victory Golf Polo,50.0,Standard Class,0,1.0,800.0,0.4095,0
TRANSFER,6,4,91.46,251.96,Late delivery,1,Cleats,Laredo,EE. UU.,Consumer,TX,Apparel,Europe,Seville,España,47.99,0.16,59.99,0.36,5,299.95,251.96,91.46,Southern Europe,Andalucía,PROCESSING,Perfect Fitness Perfect Rip Deck,59.99,Standard Class,2,1.25,1499.75,0.3049174862477079,0
DEBIT,2,1,82.64,284.98,Late delivery,1,Camping & Hiking,West Covina,EE. UU.,Corporate,CA,Fan Shop,USCA,Henderson,Estados Unidos,15.0,0.05,299.98,0.29,1,299.98,284.98,82.64,South of  USA ,Kentucky,COMPLETE,Diamondback Women's Serene Classic Comfort Bi,299.98,First Class,1,1.0,299.98,0.275485032335489,1
DEBIT,6,4,48.78,134.37,Late delivery,1,Shop By Sport,San Diego,EE. UU.,Consumer,CA,Golf,Europe,Talavera de la Reina,España,25.59,0.16,39.99,0.36,4,159.96,134.37,48.78,Southern Europe,Castilla-La Mancha,COMPLETE,Under Armour Girls' Toddler Spine Surge Runni,39.99,Standard Class,2,1.0,639.84,0.3049512378094524,0
CASH,5,2,16.62,101.98,Late delivery,1,Cleats,Stamford,EE. UU.,Consumer,CT,Apparel,LATAM,Mejicanos,El Salvador,18.0,0.15,59.99,0.16,2,119.98,101.98,16.62,Central America,San Salvador,CLOSED,Perfect Fitness Perfect Rip Deck,59.99,Second Class,3,1.0,239.96,0.1385230871811968,0
CASH,5,4,15.98,33.99,Late delivery,1,Shop By Sport,Hamtramck,EE. UU.,Home Office,MI,Golf,USCA,Fairfield,Estados Unidos,6.0,0.15,39.99,0.47,1,39.99,33.99,15.98,East of USA,Connecticut,CLOSED,Under Armour Girls' Toddler Spine Surge Runni,39.99,Standard Class,1,0.25,39.99,0.3995998999749937,0
TRANSFER,4,2,-36.4,181.99,Late delivery,1,Water Sports,Bolingbrook,EE. UU.,Home Office,IL,Fan Shop,USCA,Richmond,Estados Unidos,18.0,0.09,199.99,-0.2,1,199.99,181.99,-36.4,South of  USA ,Kentucky,PENDING,Pelican Sunstream 100 Kayak,199.99,Second Class,2,0.5,199.99,-0.1820091004550227,0
DEBIT,4,4,27.0,179.98,Shipping on time,0,Cardio Equipment,San Marcos,EE. UU.,Consumer,TX,Footwear,Pacific Asia,Whangarei,Nueva Zelanda,20.0,0.1,99.99,0.15,2,199.98,179.98,27.0,Oceania,Northland,COMPLETE,Nike Men's Free 5.0+ Running Shoe,99.99,Standard Class,0,0.5,399.96,0.135013501350135,0
PAYMENT,4,2,137.98,299.95,Late delivery,1,Cleats,Simi Valley,EE. UU.,Consumer,CA,Apparel,Pacific Asia,Kawasaki,Japón,0.0,0.0,59.99,0.46,5,299.95,299.95,137.98,Eastern Asia,Kanagawa,PAYMENT_REVIEW,Perfect Fitness Perfect Rip Deck,59.99,Second Class,2,2.5,1499.75,0.4600100016669445,0
CASH,2,1,181.43,377.98,Late delivery,1,Fishing,Middletown,EE. UU.,Consumer,OH,Fan Shop,LATAM,Cúcuta,Colombia,22.0,0.06,399.98,0.48,1,399.98,377.98,181.43,South America,Norte de Santander,CLOSED,Field & Stream Sportsman 16 Gun Fire Safe,399.98,First Class,1,1.0,399.98,0.4535976798839942,1
TRANSFER,5,4,20.74,207.42,Late delivery,1,Indoor/Outdoor Games,Hanford,EE. UU.,Consumer,CA,Fan Shop,LATAM,Juárez,México,42.48,0.17,49.98,0.1,5,249.9,207.42,20.74,Central America,Chihuahua,PENDING,O'Brien Men's Neoprene Life Vest,49.98,Standard Class,1,1.25,1249.5,0.0829931972789115,0
PAYMENT,3,4,157.91,335.98,Advance shipping,0,Fishing,Malden,EE. UU.,Consumer,MA,Fan Shop,Africa,Kandi,Benín,64.0,0.16,399.98,0.47,1,399.98,335.98,157.91,West Africa,Alibori,PENDING_PAYMENT,Field & Stream Sportsman 16 Gun Fire Safe,399.98,Standard Class,-1,0.25,399.98,0.3947947397369868,0
TRANSFER,5,4,65.25,174.0,Shipping canceled,0,Women's Apparel,San Jose,EE. UU.,Home Office,CA,Golf,LATAM,Villa Nueva,Guatemala,26.0,0.13,50.0,0.38,4,200.0,174.0,65.25,Central America,Guatemala,CANCELED,Nike Men's Dri-FIT Victory Golf Polo,50.0,Standard Class,1,1.0,800.0,0.32625,0
TRANSFER,4,4,0.62,30.77,Shipping on time,0,Books ,Modesto,EE. UU.,Corporate,CA,Book Shop,Europe,Herten,Alemania,0.31,0.01,31.08,0.02,1,31.08,30.77,0.62,Western Europe,Renania del Norte-Westfalia,PROCESSING,Sports Books ,31.08,Standard Class,0,0.25,31.08,0.0199485199485199,0
DEBIT,3,2,131.03,272.98,Late delivery,1,Camping & Hiking,Caguas,Puerto Rico,Home Office,PR,Fan Shop,USCA,Columbus,Estados Unidos,27.0,0.09,299.98,0.48,1,299.98,272.98,131.03,South of  USA ,Georgia,COMPLETE,Diamondback Women's Serene Classic Comfort Bi,299.98,Second Class,1,0.5,299.98,0.436795786385759,0
TRANSFER,2,4,47.98,99.96,Advance shipping,0,Indoor/Outdoor Games,Frankfort,EE. UU.,Consumer,KY,Fan Shop,Pacific Asia,Semarang,Indonesia,0.0,0.0,49.98,0.48,2,99.96,99.96,47.98,Southeast Asia,Java Central,PENDING,O'Brien Men's Neoprene Life Vest,49.98,Standard Class,-2,0.5,199.92,0.4799919967987195,0
CASH,2,4,72.6,207.42,Advance shipping,0,Indoor/Outdoor Games,Panorama City,EE. UU.,Corporate,CA,Fan Shop,Europe,Pesaro,Italia,42.48,0.17,49.98,0.35,5,249.9,207.42,72.6,Southern Europe,Marche,CLOSED,O'Brien Men's Neoprene Life Vest,49.98,Standard Class,-2,1.25,1249.5,0.290516206482593,0
TRANSFER,2,1,-482.28,363.98,Late delivery,1,Fishing,Caguas,Puerto Rico,Consumer,PR,Fan Shop,Europe,Aulnay-sous-Bois,Francia,36.0,0.09,399.98,-1.33,1,399.98,363.98,-482.28,Western Europe,Isla de Francia,PROCESSING,Field & Stream Sportsman 16 Gun Fire Safe,399.98,First Class,1,1.0,399.98,-1.2057602880144005,1
DEBIT,2,2,-159.19,90.96,Shipping on time,0,Indoor/Outdoor Games,Chesapeake,EE. UU.,Corporate,VA,Fan Shop,LATAM,Tlalpan,México,9.0,0.09,49.98,-1.75,2,99.96,90.96,-159.19,Central America,Distrito Federal,ON_HOLD,O'Brien Men's Neoprene Life Vest,49.98,Second Class,0,1.0,199.92,-1.5925370148059224,0
PAYMENT,3,4,37.44,103.99,Advance shipping,0,Men's Footwear,Santa Ana,EE. UU.,Consumer,CA,Apparel,Europe,Berlín,Alemania,26.0,0.2,129.99,0.36,1,129.99,103.99,37.44,Western Europe,Berlín,PENDING_PAYMENT,Nike Men's CJ Elite 2 TD Football Cleat,129.99,Standard Class,-1,0.25,129.99,0.2880221555504269,0
DEBIT,6,4,-2.73,109.19,Late delivery,1,Men's Footwear,Greenville,EE. UU.,Consumer,NC,Apparel,USCA,Seattle,Estados Unidos,20.8,0.16,129.99,-0.03,1,129.99,109.19,-2.73,West of USA ,Washington,ON_HOLD,Nike Men's CJ Elite 2 TD Football Cleat,129.99,Standard Class,2,0.25,129.99,-0.0210016155088852,0
CASH,2,1,114.79,327.98,Late delivery,1,Fishing,Caguas,Puerto Rico,Corporate,PR,Fan Shop,LATAM,Santo Domingo,República Dominicana,72.0,0.18,399.98,0.35,1,399.98,327.98,114.79,Caribbean,Santo Domingo,CLOSED,Field & Stream Sportsman 16 Gun Fire Safe,399.98,First Class,1,1.0,399.98,0.2869893494674734,1
PAYMENT,5,4,98.6,339.98,Late delivery,1,Fishing,Caguas,Puerto Rico,Consumer,PR,Fan Shop,Europe,Helsinki,Finlandia,60.0,0.15,399.98,0.29,1,399.98,339.98,98.6,Northern Europe,Uusimaa,PENDING_PAYMENT,Field & Stream Sportsman 16 Gun Fire Safe,399.98,Standard Class,1,0.25,399.98,0.2465123256162807,0
DEBIT,6,4,36.42,107.75,Late delivery,1,Trade-In,Caguas,Puerto Rico,Consumer,PR,Outdoors,LATAM,Bayamo,Cuba,2.2,0.02,21.99,0.34,5,109.95,107.75,36.42,Caribbean,Granma,COMPLETE,Glove It Women's Mod Oval 3-Zip Carry All Gol,21.99,Standard Class,2,1.25,549.75,0.3312414733969986,0
DEBIT,4,2,64.0,319.98,Late delivery,1,Fishing,Cary,EE. UU.,Consumer,NC,Fan Shop,LATAM,Cienfuegos,Cuba,80.0,0.2,399.98,0.2,1,399.98,319.98,64.0,Caribbean,Cienfuegos,COMPLETE,Field & Stream Sportsman 16 Gun Fire Safe,399.98,Second Class,2,0.5,399.98,0.16000800040002,0
CASH,4,2,98.0,391.98,Late delivery,1,Fishing,Saint Paul,EE. UU.,Corporate,MN,Fan Shop,LATAM,Tuxtla Gutiérrez,México,8.0,0.02,399.98,0.25,1,399.98,391.98,98.0,Central America,Chiapas,CLOSED,Field & Stream Sportsman 16 Gun Fire Safe,399.98,Second Class,2,0.5,399.98,0.2450122506125306,0
TRANSFER,2,4,-36.03,251.98,Advance shipping,0,Camping & Hiking,San Jose,EE. UU.,Corporate,CA,Fan Shop,LATAM,Sonsonate,El Salvador,48.0,0.16,299.98,-0.14,1,299.98,251.98,-36.03,Central America,Sonsonate,PROCESSING,Diamondback Women's Serene Classic Comfort Bi,299.98,Standard Class,-2,0.25,299.98,-0.12010800720048,0
TRANSFER,6,2,84.6,179.99,Late delivery,1,Water Sports,Normal,EE. UU.,Consumer,IL,Fan Shop,Europe,Celle,Alemania,20.0,0.1,199.99,0.47,1,199.99,179.99,84.6,Western Europe,Baja Sajonia,PROCESSING,Pelican Sunstream 100 Kayak,199.99,Second Class,4,0.5,199.99,0.4230211510575528,0
PAYMENT,6,4,25.5,50.99,Late delivery,1,Cleats,Caguas,Puerto Rico,Consumer,PR,Apparel,LATAM,Aracaju,Brasil,9.0,0.15,59.99,0.5,1,59.99,50.99,25.5,South America,Sergipe,PENDING_PAYMENT,Perfect Fitness Perfect Rip Deck,59.99,Standard Class,2,0.25,59.99,0.4250708451408568,0
PAYMENT,6,4,70.84,147.58,Late delivery,1,Cleats,Caguas,Puerto Rico,Home Office,PR,Apparel,USCA,Fayetteville,Estados Unidos,32.39,0.18,59.99,0.48,3,179.97,147.58,70.84,South of  USA ,Carolina del Norte,PENDING_PAYMENT,Perfect Fitness Perfect Rip Deck,59.99,Standard Class,2,0.75,539.91,0.3936211590820692,0
TRANSFER,2,4,102.29,208.77,Shipping canceled,0,Cleats,Caguas,Puerto Rico,Home Office,PR,Apparel,LATAM,Tegucigalpa,Honduras,31.19,0.13,59.99,0.49,4,239.96,208.77,102.29,Central America,Francisco Morazán,CANCELED,Perfect Fitness Perfect Rip Deck,59.99,Standard Class,-2,1.0,959.84,0.4262793798966494,0
PAYMENT,3,4,4.03,63.98,Advance shipping,0,Shop By Sport,Honolulu,EE. UU.,Consumer,HI,Golf,Pacific Asia,Mashhad,Irán,16.0,0.2,39.99,0.06,2,79.98,63.98,4.03,South Asia,Jorasán Razaví,PENDING_PAYMENT,Under Armour Girls' Toddler Spine Surge Runni,39.99,Standard Class,-1,0.5,159.96,0.0503875968992248,0
PAYMENT,3,4,178.58,379.96,Advance shipping,0,Boxing & MMA,Los Angeles,EE. UU.,Corporate,CA,Footwear,Europe,York,Reino Unido,0.0,0.0,94.99,0.47,4,379.96,379.96,178.58,Northern Europe,Inglaterra,PENDING_PAYMENT,Nike Women's Free 5.0 TR FIT PRT 4 Training S,94.99,Standard Class,-1,1.0,1519.84,0.4699968417728182,0
DEBIT,6,4,43.98,87.96,Late delivery,1,Indoor/Outdoor Games,Caguas,Puerto Rico,Consumer,PR,Fan Shop,LATAM,San Pedro Sula,Honduras,12.0,0.12,49.98,0.5,2,99.96,87.96,43.98,Central America,Cortés,COMPLETE,O'Brien Men's Neoprene Life Vest,49.98,Standard Class,2,0.5,199.92,0.4399759903961585,0
PAYMENT,3,4,17.28,38.39,Advance shipping,0,Shop By Sport,Caguas,Puerto Rico,Consumer,PR,Golf,Europe,Ivanovo,Rusia,1.6,0.04,39.99,0.45,1,39.99,38.39,17.28,Eastern Europe,Ivanovo,PENDING_PAYMENT,Under Armour Girls' Toddler Spine Surge Runni,39.99,Standard Class,-1,0.25,39.99,0.4321080270067517,0
DEBIT,2,4,22.17,251.98,Advance shipping,0,Camping & Hiking,Caguas,Puerto Rico,Consumer,PR,Fan Shop,Europe,Pontoise,Francia,48.0,0.16,299.98,0.09,1,299.98,251.98,22.17,Western Europe,Isla de Francia,COMPLETE,Diamondback Women's Serene Classic Comfort Bi,299.98,Standard Class,-2,0.25,299.98,0.073904926995133,0
DEBIT,3,4,144.47,335.98,Advance shipping,0,Fishing,San Diego,EE. UU.,Consumer,CA,Fan Shop,LATAM,Santiago de Cuba,Cuba,64.0,0.16,399.98,0.43,1,399.98,335.98,144.47,Caribbean,Santiago de Cuba,ON_HOLD,Field & Stream Sportsman 16 Gun Fire Safe,399.98,Standard Class,-1,0.25,399.98,0.3611930596529826,0
DEBIT,2,1,-69.81,99.72,Late delivery,1,Baseball & Softball,Woonsocket,EE. UU.,Consumer,RI,Fitness,LATAM,Medellín,Colombia,5.25,0.05,34.99,-0.7,3,104.97,99.72,-69.81,South America,Antioquía,COMPLETE,adidas Kids' F5 Messi FG Soccer Cleat,34.99,First Class,1,3.0,314.91,-0.6650471563303801,1
DEBIT,2,2,50.4,168.0,Shipping on time,0,Women's Apparel,Rowland Heights,EE. UU.,Corporate,CA,Golf,USCA,San Francisco,Estados Unidos,32.0,0.16,50.0,0.3,4,200.0,168.0,50.4,West of USA ,California,COMPLETE,Nike Men's Dri-FIT Victory Golf Polo,50.0,Second Class,0,2.0,800.0,0.252,0
PAYMENT,4,2,131.14,387.98,Late delivery,1,Fishing,Phoenix,EE. UU.,Consumer,AZ,Fan Shop,USCA,El Paso,Estados Unidos,12.0,0.03,399.98,0.34,1,399.98,387.98,131.14,US Center ,Texas,PENDING_PAYMENT,Field & Stream Sportsman 16 Gun Fire Safe,399.98,Second Class,2,0.5,399.98,0.3278663933196659,0
DEBIT,6,4,148.19,379.98,Late delivery,1,Fishing,Ontario,EE. UU.,Corporate,CA,Fan Shop,LATAM,Corrientes,Argentina,20.0,0.05,399.98,0.39,1,399.98,379.98,148.19,South America,Corrientes,COMPLETE,Field & Stream Sportsman 16 Gun Fire Safe,399.98,Standard Class,2,0.25,399.98,0.3704935246762338,0
DEBIT,6,4,14.17,56.69,Late delivery,1,Cleats,South El Monte,EE. UU.,Home Office,CA,Apparel,LATAM,Escuintla,Guatemala,3.3,0.06,59.99,0.25,1,59.99,56.69,14.17,Central America,Escuintla,COMPLETE,Perfect Fitness Perfect Rip Deck,59.99,Standard Class,2,0.25,59.99,0.2362060343390565,0
DEBIT,5,2,20.37,58.2,Late delivery,1,Trade-In,Caguas,Puerto Rico,Consumer,PR,Outdoors,LATAM,Miramar,México,5.76,0.09,15.99,0.35,4,63.96,58.2,20.37,Central America,Tamaulipas,COMPLETE,Glove It Urban Brick Golf Towel,15.99,Second Class,3,2.0,255.84,0.3184803001876172,0
DEBIT,2,4,98.0,199.99,Advance shipping,0,Water Sports,Detroit,EE. UU.,Home Office,MI,Fan Shop,Europe,Berlín,Alemania,0.0,0.0,199.99,0.49,1,199.99,199.99,98.0,Western Europe,Berlín,COMPLETE,Pelican Sunstream 100 Kayak,199.99,Standard Class,-2,0.25,199.99,0.4900245012250612,0
TRANSFER,4,4,131.14,387.98,Shipping on time,0,Fishing,Hendersonville,EE. UU.,Consumer,TN,Fan Shop,Pacific Asia,Nom Pen,Camboya,12.0,0.03,399.98,0.34,1,399.98,387.98,131.14,Southeast Asia,Nom Pen,PENDING,Field & Stream Sportsman 16 Gun Fire Safe,399.98,Standard Class,0,0.25,399.98,0.3278663933196659,0
TRANSFER,2,4,146.99,299.98,Advance shipping,0,Camping & Hiking,Caguas,Puerto Rico,Consumer,PR,Fan Shop,LATAM,Camagüey,Cuba,0.0,0.0,299.98,0.49,1,299.98,299.98,146.99,Caribbean,Camagüey,PENDING,Diamondback Women's Serene Classic Comfort Bi,299.98,Standard Class,-2,0.25,299.98,0.4899993332888859,0
DEBIT,3,2,14.18,141.75,Late delivery,1,Women's Apparel,Corona,EE. UU.,Home Office,CA,Golf,Pacific Asia,Manukau City,Nueva Zelanda,8.25,0.06,50.0,0.1,3,150.0,141.75,14.18,Oceania,Auckland,COMPLETE,Nike Men's Dri-FIT Victory Golf Polo,50.0,Second Class,1,1.5,450.0,0.0945333333333333,0
CASH,6,4,157.43,383.98,Late delivery,1,Fishing,Washington,EE. UU.,Consumer,DC,Fan Shop,Europe,Lyon,Francia,16.0,0.04,399.98,0.41,1,399.98,383.98,157.43,Western Europe,Auvernia-Ródano-Alpes,CLOSED,Field & Stream Sportsman 16 Gun Fire Safe,399.98,Standard Class,2,0.25,399.98,0.3935946797339867,0
TRANSFER,6,4,70.42,193.99,Late delivery,1,Water Sports,Bellflower,EE. UU.,Consumer,CA,Fan Shop,Europe,Amsterdam,Países Bajos,6.0,0.03,199.99,0.36,1,199.99,193.99,70.42,Western Europe,Holanda Septentrional,PROCESSING,Pelican Sunstream 100 Kayak,199.99,Standard Class,2,0.25,199.99,0.352117605880294,0
DEBIT,0,0,29.12,103.99,Shipping on time,0,Men's Footwear,Greenville,EE. UU.,Consumer,NC,Apparel,USCA,Los Angeles,Estados Unidos,26.0,0.2,129.99,0.28,1,129.99,103.99,29.12,West of USA ,California,COMPLETE,Nike Men's CJ Elite 2 TD Football Cleat,129.99,Same Day,0,inf,129.99,0.2240172320947765,1
TRANSFER,2,1,70.86,283.45,Late delivery,1,Cleats,Caguas,Puerto Rico,Home Office,PR,Apparel,Europe,Saint-Nazaire,Francia,16.5,0.06,59.99,0.25,5,299.95,283.45,70.86,Western Europe,Países del Loira,PENDING,Perfect Fitness Perfect Rip Deck,59.99,First Class,1,5.0,1499.75,0.2362393732288714,1
TRANSFER,4,4,390.0,1500.0,Shipping on time,0,Computers,San Jose,EE. UU.,Consumer,CA,Technology,Pacific Asia,Shimonoseki,Japón,0.0,0.0,1500.0,0.26,1,1500.0,1500.0,390.0,Eastern Asia,Yamaguchi,PROCESSING,Dell Laptop,1500.0,Standard Class,0,0.25,1500.0,0.26,0
TRANSFER,0,0,34.75,89.1,Shipping on time,0,Girls' Apparel,Chicago,EE. UU.,Consumer,IL,Golf,LATAM,Morelia,México,0.9,0.01,30.0,0.39,3,90.0,89.1,34.75,Central America,Michoacán,PENDING,Nike Men's Deutschland Weltmeister Winners Bl,30.0,Same Day,0,inf,270.0,0.3861111111111111,1
DEBIT,6,4,19.82,54.59,Late delivery,1,Cleats,Brooklyn,EE. UU.,Corporate,NY,Apparel,Africa,Kinshasa,República Democrática del Congo,5.4,0.09,59.99,0.36,1,59.99,54.59,19.82,Central Africa,Kinshasa,COMPLETE,Perfect Fitness Perfect Rip Deck,59.99,Standard Class,2,0.25,59.99,0.3303883980663444,0
DEBIT,3,4,15.0,150.0,Advance shipping,0,Women's Apparel,Caguas,Puerto Rico,Consumer,PR,Golf,Europe,Mechelen,Bélgica,50.0,0.25,50.0,0.1,4,200.0,150.0,15.0,Western Europe,Amberes,COMPLETE,Nike Men's Dri-FIT Victory Golf Polo,50.0,Standard Class,-1,1.0,800.0,0.075,0
DEBIT,6,4,85.97,199.92,Late delivery,1,Indoor/Outdoor Games,Richmond,EE. UU.,Consumer,TX,Fan Shop,Pacific Asia,Nelson,Nueva Zelanda,49.98,0.2,49.98,0.43,5,249.9,199.92,85.97,Oceania,Nelson,ON_HOLD,O'Brien Men's Neoprene Life Vest,49.98,Standard Class,2,1.25,1249.5,0.3440176070428171,0
CASH,2,1,88.19,176.37,Late delivery,1,Cleats,Caguas,Puerto Rico,Home Office,PR,Apparel,Europe,Hamburgo,Alemania,3.6,0.02,59.99,0.5,3,179.97,176.37,88.19,Western Europe,Hamburgo,CLOSED,Perfect Fitness Perfect Rip Deck,59.99,First Class,1,3.0,539.91,0.4900261154636884,1
TRANSFER,2,2,28.22,58.79,Shipping on time,0,Cleats,Caguas,Puerto Rico,Consumer,PR,Apparel,Pacific Asia,Ankara,Turquía,1.2,0.02,59.99,0.48,1,59.99,58.79,28.22,West Asia,Ankara,PENDING,Perfect Fitness Perfect Rip Deck,59.99,Second Class,0,0.5,59.99,0.4704117352892148,0
PAYMENT,4,4,30.57,109.19,Shipping on time,0,Men's Footwear,Portland,EE. UU.,Corporate,OR,Apparel,LATAM,Carrefour,Haití,20.8,0.16,129.99,0.28,1,129.99,109.19,30.57,Caribbean,Ouest,PENDING_PAYMENT,Nike Men's CJ Elite 2 TD Football Cleat,129.99,Standard Class,0,0.25,129.99,0.2351719363027925,0
TRANSFER,4,2,28.51,59.39,Late delivery,1,Cleats,Caguas,Puerto Rico,Consumer,PR,Apparel,Pacific Asia,Chennai,India,0.6,0.01,59.99,0.48,1,59.99,59.39,28.51,South Asia,Tamil Nadu,PROCESSING,Perfect Fitness Perfect Rip Deck,59.99,Second Class,2,0.5,59.99,0.4752458743123854,0
PAYMENT,5,2,11.45,107.97,Late delivery,1,Shop By Sport,Caguas,Puerto Rico,Consumer,PR,Golf,USCA,Los Angeles,Estados Unidos,12.0,0.1,39.99,0.11,3,119.97,107.97,11.45,West of USA ,California,PENDING_PAYMENT,Under Armour Girls' Toddler Spine Surge Runni,39.99,Second Class,3,1.5,359.91,0.0954405267983662,0
DEBIT,4,4,12.14,327.98,Shipping on time,0,Fishing,Fort Lauderdale,EE. UU.,Corporate,FL,Fan Shop,LATAM,Mixco,Guatemala,72.0,0.18,399.98,0.04,1,399.98,327.98,12.14,Central America,Guatemala,COMPLETE,Field & Stream Sportsman 16 Gun Fire Safe,399.98,Standard Class,0,0.25,399.98,0.0303515175758787,0
DEBIT,6,4,73.5,209.99,Late delivery,1,Golf Gloves,Houston,EE. UU.,Home Office,TX,Outdoors,LATAM,Buenos Aires,Argentina,40.0,0.16,249.99,0.35,1,249.99,209.99,73.5,South America,Buenos Aires,COMPLETE,Titleist Small Wheeled Travel Cover,249.99,Standard Class,2,0.25,249.99,0.2940117604704188,0
TRANSFER,2,1,95.82,263.96,Late delivery,1,Cleats,Chesapeake,EE. UU.,Home Office,VA,Apparel,USCA,Newark,Estados Unidos,35.99,0.12,59.99,0.36,5,299.95,263.96,95.82,East of USA,Ohio,PROCESSING,Perfect Fitness Perfect Rip Deck,59.99,First Class,1,5.0,1499.75,0.3194532422070344,1
CASH,3,2,223.18,464.95,Late delivery,1,Cardio Equipment,Caguas,Puerto Rico,Corporate,PR,Footwear,Pacific Asia,Doha,Qatar,35.0,0.07,99.99,0.48,5,499.95,464.95,223.18,West Asia,Doha,CLOSED,Nike Men's Free 5.0+ Running Shoe,99.99,Second Class,1,2.5,2499.75,0.4464046404640464,0
