Type,Days for shipment (scheduled),Benefit per order,Sales per customer,Category Name,Customer City,Customer Country,Customer Segment,Customer State,Department Name,Market,Order City,Order Country,Order Item Discount,Order Item Discount Rate,Order Item Product Price,Order Item Profit Ratio,Order Item Quantity,Sales,Order Item Total,Order Profit Per Order,Order Region,Order State,Order Status,Product Name,Product Price,Shipping Mode,Shipping_Pressure_Index,Order_Complexity_Score,Profit_Margin,Express_Shipping
1,4,159.69,472.45,10,61,0,0,40,5,3,2181,69,27.5,0.06,99.99,0.34,5,499.95,472.45,159.69,13,610,2,61,99.99,3,1.25,499.95,0.3194119411941194,0
1,4,48.71,167.96,38,276,0,0,6,6,2,2832,66,31.99,0.16,39.99,0.29,5,199.95,167.96,48.71,3,260,3,102,39.99,3,1.25,199.95,0.2436109027256814,0
1,4,87.36,181.99,46,276,0,0,6,3,2,2832,66,18.0,0.09,199.99,0.48,1,199.99,181.99,87.36,3,260,3,70,199.99,3,0.25,199.99,0.4368218410920546,0
1,4,-41.89,175.99,46,276,0,0,6,3,4,2256,48,24.0,0.12,199.99,-0.24,1,199.99,175.99,-41.89,6,741,2,70,199.99,3,0.25,199.99,-0.2094604730236511,0
1,4,10.0,40.0,47,276,0,0,6,6,4,2256,48,10.0,0.2,50.0,0.25,1,50.0,40.0,10.0,6,741,2,59,50.0,3,0.25,50.0,0.2,0
1,4,105.63,290.98,9,276,0,0,6,3,4,2256,48,9.0,0.03,299.98,0.36,1,299.98,290.98,105.63,6,741,2,21,299.98,3,0.25,299.98,0.3521234748983265,0
1,4,64.1,142.44,30,276,0,0,6,3,2,2832,66,7.5,0.05,49.98,0.45,3,149.94,142.44,64.1,3,260,3,67,49.98,3,0.75,149.94,0.4275043350673602,0
1,4,22.67,83.97,30,276,0,0,6,3,2,2832,66,15.99,0.16,49.98,0.27,2,99.96,83.97,22.67,3,260,3,67,49.98,3,0.5,99.96,0.2267907162865146,0
1,4,3.52,351.98,18,276,0,0,6,3,1,2700,75,48.0,0.12,399.98,0.01,1,399.98,351.98,3.52,17,565,2,24,399.98,3,0.25,399.98,0.0088004400220011,0
1,4,40.34,98.38,12,276,0,0,6,0,2,2832,66,21.6,0.18,59.99,0.41,2,119.98,98.38,40.34,3,260,3,71,59.99,3,0.5,119.98,0.336222703783964,0
2,4,-131.7,84.97,30,276,0,0,6,3,1,2182,2,14.99,0.15,49.98,-1.55,2,99.96,84.97,-131.7,22,123,6,67,49.98,3,0.5,99.96,-1.3175270108043218,0
1,4,34.5,74.99,10,66,1,0,36,5,3,2169,8,25.0,0.25,99.99,0.46,1,99.99,74.99,34.5,11,88,2,61,99.99,3,0.25,99.99,0.345034503450345,0
1,4,10.8,40.0,47,66,1,0,36,6,3,2169,8,10.0,0.2,50.0,0.27,1,50.0,40.0,10.8,11,88,2,59,50.0,3,0.25,50.0,0.216,0
1,4,-42.61,24.35,17,66,1,0,36,5,4,3539,48,3.64,0.13,27.99,-1.75,1,27.99,24.35,-42.61,6,741,2,104,27.99,3,0.25,27.99,-1.5223294033583423,0
1,4,27.41,94.5,47,66,1,0,36,6,3,2169,8,5.5,0.06,50.0,0.29,2,100.0,94.5,27.41,11,88,2,59,50.0,3,0.5,100.0,0.2741,0
1,0,-140.73,191.99,46,66,1,0,36,3,2,3326,20,8.0,0.04,199.99,-0.73,1,199.99,191.99,-140.73,12,862,2,70,199.99,1,0.0,199.99,-0.7036851842592129,1
1,0,11.4,189.99,46,66,1,0,36,3,2,1877,102,10.0,0.05,199.99,0.06,1,199.99,189.99,11.4,3,926,2,70,199.99,1,0.0,199.99,0.0570028501425071,1
1,0,46.51,98.96,30,66,1,0,36,3,2,1877,102,1.0,0.01,49.98,0.47,2,99.96,98.96,46.51,3,926,2,67,49.98,1,0.0,99.96,0.4652861144457783,1
1,4,-274.39,391.98,18,66,1,0,36,3,4,3539,48,8.0,0.02,399.98,-0.7,1,399.98,391.98,-274.39,6,741,2,24,399.98,3,0.25,399.98,-0.6860093004650232,0
3,4,83.69,269.98,9,66,1,0,36,3,2,3139,66,30.0,0.1,299.98,0.31,1,299.98,269.98,83.69,3,346,5,21,299.98,3,0.25,299.98,0.2789852656843789,0
3,4,108.23,263.98,9,66,1,0,36,3,2,3139,66,36.0,0.12,299.98,0.41,1,299.98,263.98,108.23,3,346,5,21,299.98,3,0.25,299.98,0.3607907193812921,0
3,4,11.25,90.0,47,66,1,0,36,6,2,3139,66,10.0,0.1,50.0,0.13,2,100.0,90.0,11.25,3,346,5,59,50.0,3,0.5,100.0,0.1125,0
3,4,66.62,141.75,47,66,1,0,36,6,2,3139,66,8.25,0.06,50.0,0.47,3,150.0,141.75,66.62,3,346,5,59,50.0,3,0.75,150.0,0.4441333333333334,0
1,0,43.16,107.89,34,66,1,0,36,0,2,3326,20,22.1,0.17,129.99,0.4,1,129.99,107.89,43.16,12,862,2,56,129.99,1,0.0,129.99,0.3320255404261866,1
1,0,2.99,248.98,9,66,1,0,36,3,2,3326,20,51.0,0.17,299.98,0.01,1,299.98,248.98,2.99,12,862,2,21,299.98,1,0.0,299.98,0.0099673311554103,1
1,0,39.36,245.98,9,66,1,0,36,3,2,3326,20,54.0,0.18,299.98,0.16,1,299.98,245.98,39.36,12,862,2,21,299.98,1,0.0,299.98,0.1312087472498166,1
1,0,117.58,235.16,12,66,1,0,36,0,2,1877,102,4.8,0.02,59.99,0.5,4,239.96,235.16,117.58,3,926,2,71,59.99,1,0.0,239.96,0.4899983330555092,1
1,0,111.73,232.76,12,66,1,0,36,0,2,1877,102,7.2,0.03,59.99,0.48,4,239.96,232.76,111.73,3,926,2,71,59.99,1,0.0,239.96,0.465619269878313,1
3,4,76.99,245.96,12,66,1,0,36,0,2,3139,66,53.99,0.18,59.99,0.31,5,299.95,245.96,76.99,3,346,5,71,59.99,3,1.25,299.95,0.2566761126854475,0
1,4,-445.21,251.96,12,454,0,0,5,0,3,2066,152,47.99,0.16,59.99,-1.77,5,299.95,251.96,-445.21,20,664,2,71,59.99,3,1.25,299.95,-1.484280713452242,0
0,4,17.22,49.19,12,454,0,0,5,0,0,351,106,10.8,0.18,59.99,0.35,1,59.99,49.19,17.22,19,314,1,71,59.99,3,0.25,59.99,0.2870478413068844,0
0,4,33.25,98.38,12,454,0,0,5,0,0,351,106,21.6,0.18,59.99,0.34,2,119.98,98.38,33.25,19,314,1,71,59.99,3,0.5,119.98,0.2771295215869311,0
0,4,-70.36,95.98,12,454,0,0,5,0,0,351,106,24.0,0.2,59.99,-0.73,2,119.98,95.98,-70.36,19,314,1,71,59.99,3,0.5,119.98,-0.5864310718453075,0
1,1,-41.77,56.99,12,454,0,0,5,0,2,317,20,3.0,0.05,59.99,-0.73,1,59.99,56.99,-41.77,12,788,2,71,59.99,0,1.0,59.99,-0.696282713785631,1
1,1,48.66,143.98,12,454,0,0,5,0,2,317,20,35.99,0.2,59.99,0.34,3,179.97,143.98,48.66,12,788,2,71,59.99,0,3.0,179.97,0.2703783963993998,1
1,1,59.39,134.98,12,454,0,0,5,0,2,317,20,44.99,0.25,59.99,0.44,3,179.97,134.98,59.39,12,788,2,71,59.99,0,3.0,179.97,0.3299994443518364,1
1,1,26.99,119.95,0,454,0,0,5,8,2,317,20,5.0,0.04,24.99,0.23,5,124.95,119.95,26.99,12,788,2,91,24.99,0,5.0,124.95,0.2160064025610243,1
1,0,3.37,18.74,0,454,0,0,5,8,2,2868,38,6.25,0.25,24.99,0.18,1,24.99,18.74,3.37,1,893,2,89,24.99,1,0.0,24.99,0.1348539415766306,1
1,0,23.23,70.38,38,454,0,0,5,6,2,2868,38,9.6,0.12,39.99,0.33,2,79.98,70.38,23.23,1,893,2,102,39.99,1,0.0,79.98,0.2904476119029757,1
1,4,11.88,118.78,12,454,0,0,5,0,3,2066,152,1.2,0.01,59.99,0.1,2,119.98,118.78,11.88,20,664,2,71,59.99,3,0.5,119.98,0.0990165027504584,0
1,4,-21.0,84.0,47,454,0,0,5,6,3,2066,152,16.0,0.16,50.0,-0.25,2,100.0,84.0,-21.0,20,664,2,59,50.0,3,0.5,100.0,-0.21,0
1,0,-119.92,139.44,30,454,0,0,5,3,2,2868,38,10.5,0.07,49.98,-0.86,3,149.94,139.44,-119.92,1,893,2,67,49.98,1,0.0,149.94,-0.7997865812991863,1
1,0,34.29,97.96,30,454,0,0,5,3,2,2868,38,2.0,0.02,49.98,0.35,2,99.96,97.96,34.29,1,893,2,67,49.98,1,0.0,99.96,0.3430372148859544,1
2,4,78.91,208.77,12,66,1,2,36,0,0,1727,106,31.19,0.13,59.99,0.38,4,239.96,208.77,78.91,19,568,6,71,59.99,3,1.0,239.96,0.328846474412402,0
3,2,51.16,106.59,34,66,1,2,36,0,4,3407,48,23.4,0.18,129.99,0.48,1,129.99,106.59,51.16,18,986,7,56,129.99,2,0.5,129.99,0.3935687360566197,0
3,2,53.55,254.98,9,66,1,2,36,3,4,3407,48,45.0,0.15,299.98,0.21,1,299.98,254.98,53.55,18,986,7,21,299.98,2,0.5,299.98,0.1785119007933862,0
3,2,47.92,145.21,19,66,1,2,36,5,4,3407,48,29.74,0.17,34.99,0.33,5,174.95,145.21,47.92,18,986,7,103,34.99,2,2.5,174.95000000000002,0.2739068305230066,0
3,2,21.77,197.92,30,66,1,2,36,3,4,3407,48,2.0,0.01,49.98,0.11,4,199.92,197.92,21.77,18,986,7,67,49.98,2,2.0,199.92,0.1088935574229691,0
3,2,27.29,90.96,30,66,1,2,36,3,4,3407,48,9.0,0.09,49.98,0.3,2,99.96,90.96,27.29,18,986,7,67,49.98,2,1.0,99.96,0.2730092036814726,0
1,4,29.25,97.49,34,66,1,2,36,0,0,1637,123,32.5,0.25,129.99,0.3,1,129.99,97.49,29.25,2,542,2,56,129.99,3,0.25,129.99,0.225017309023771,0
3,4,75.2,160.0,47,384,0,0,28,6,2,575,102,40.0,0.2,50.0,0.47,4,200.0,160.0,75.2,3,839,7,59,50.0,3,1.0,200.0,0.376,0
3,4,215.98,479.95,10,384,0,0,28,5,2,575,102,20.0,0.04,99.99,0.45,5,499.95,479.95,215.98,3,839,7,61,99.99,3,1.25,499.95,0.432003200320032,0
3,4,56.83,195.95,38,384,0,0,28,6,2,575,102,4.0,0.02,39.99,0.29,5,199.95,195.95,56.83,3,839,7,102,39.99,3,1.25,199.95,0.2842210552638159,0
2,2,25.48,91.0,47,384,0,0,28,6,4,600,48,9.0,0.09,50.0,0.28,2,100.0,91.0,25.48,18,986,6,59,50.0,2,1.0,100.0,0.2548,0
2,2,143.99,299.97,10,384,0,0,28,5,4,600,48,0.0,0.0,99.99,0.48,3,299.97,299.97,143.99,18,986,6,61,99.99,2,1.5,299.97,0.48001466813348,0
2,2,111.04,236.25,47,384,0,0,28,6,4,600,48,13.75,0.06,50.0,0.47,5,250.0,236.25,111.04,18,986,6,59,50.0,2,2.5,250.0,0.44416,0
2,4,19.07,116.99,34,384,0,0,28,0,3,246,51,13.0,0.1,129.99,0.16,1,129.99,116.99,19.07,15,256,6,56,129.99,3,0.25,129.99,0.1467035925840449,0
2,4,91.52,351.98,18,384,0,0,28,3,3,246,51,48.0,0.12,399.98,0.26,1,399.98,351.98,91.52,15,256,6,24,399.98,3,0.25,399.98,0.2288114405720285,0
2,4,0.0,189.99,46,384,0,0,28,3,3,246,51,10.0,0.05,199.99,0.0,1,199.99,189.99,0.0,15,256,6,70,199.99,3,0.25,199.99,0.0,0
3,2,46.97,161.97,12,384,0,0,28,0,2,690,102,18.0,0.1,59.99,0.29,3,179.97,161.97,46.97,3,225,5,71,59.99,2,1.5,179.97,0.2609879424348502,0
3,2,45.35,167.96,38,384,0,0,28,6,2,690,102,31.99,0.16,39.99,0.27,5,199.95,167.96,45.35,3,225,5,102,39.99,2,2.5,199.95,0.2268067016754189,0
2,4,-63.64,82.97,30,384,0,0,28,3,3,246,51,16.99,0.17,49.98,-0.77,2,99.96,82.97,-63.64,15,256,6,67,49.98,3,0.5,99.96,-0.636654661864746,0
2,4,38.52,81.97,30,384,0,0,28,3,3,246,51,17.99,0.18,49.98,0.47,2,99.96,81.97,38.52,15,256,6,67,49.98,3,0.5,99.96,0.3853541416566627,0
3,2,50.38,209.92,30,384,0,0,28,3,2,690,102,39.98,0.16,49.98,0.24,5,249.9,209.92,50.38,3,225,5,67,49.98,2,2.5,249.9,0.2016006402561024,0
3,4,36.96,127.45,30,384,0,0,28,3,2,575,102,22.49,0.15,49.98,0.29,3,149.94,127.45,36.96,3,839,7,67,49.98,3,0.75,149.94,0.2464985994397759,0
1,4,45.82,97.49,34,66,1,1,36,0,1,2725,120,32.5,0.25,129.99,0.47,1,129.99,97.49,45.82,10,454,2,56,129.99,3,0.25,129.99,0.3524886529733056,0
1,4,42.25,129.99,34,66,1,1,36,0,1,1678,2,0.0,0.0,129.99,0.33,1,129.99,129.99,42.25,22,846,3,56,129.99,3,0.25,129.99,0.3250250019232248,0
1,4,97.49,299.98,9,66,1,1,36,3,1,1678,2,0.0,0.0,299.98,0.33,1,299.98,299.98,97.49,22,846,3,21,299.98,3,0.25,299.98,0.3249883325555037,0
1,4,78.74,224.99,9,66,1,1,36,3,1,1678,2,75.0,0.25,299.98,0.35,1,299.98,224.99,78.74,22,846,3,21,299.98,3,0.25,299.98,0.2624841656110407,0
1,4,7.43,99.0,47,66,1,1,36,6,1,1678,2,1.0,0.01,50.0,0.08,2,100.0,99.0,7.43,22,846,3,59,50.0,3,0.5,100.0,0.0742999999999999,0
1,4,0.0,169.98,10,66,1,1,36,5,3,1964,51,30.0,0.15,99.99,0.0,2,199.98,169.98,0.0,15,196,3,61,99.99,3,0.5,199.98,0.0,0
1,4,34.13,136.5,47,66,1,1,36,6,3,1964,51,13.5,0.09,50.0,0.25,3,150.0,136.5,34.13,15,196,3,59,50.0,3,0.75,150.0,0.2275333333333333,0
1,4,-250.1,374.96,10,66,1,1,36,5,1,2725,120,124.99,0.25,99.99,-0.67,5,499.95,374.96,-250.1,10,454,2,61,99.99,3,1.25,499.95,-0.5002500250025003,0
1,4,153.43,464.95,10,66,1,1,36,5,3,1964,51,35.0,0.07,99.99,0.33,5,499.95,464.95,153.43,15,196,3,61,99.99,3,1.25,499.95,0.3068906890689069,0
2,4,54.28,113.09,34,66,1,1,36,0,3,1235,31,16.9,0.13,129.99,0.48,1,129.99,113.09,54.28,7,437,6,56,129.99,3,0.25,129.99,0.4175705823524886,0
2,4,49.72,110.49,34,66,1,1,36,0,3,2050,8,19.5,0.15,129.99,0.45,1,129.99,110.49,49.72,11,1033,6,56,129.99,3,0.25,129.99,0.3824909608431417,0
3,4,2.79,232.41,30,66,1,1,36,3,4,760,48,17.49,0.07,49.98,0.01,5,249.9,232.41,2.79,14,362,7,67,49.98,3,1.25,249.9,0.0111644657863145,0
3,4,74.79,169.98,10,66,1,1,36,5,4,760,48,30.0,0.15,99.99,0.44,2,199.98,169.98,74.79,14,362,7,61,99.99,3,0.5,199.98,0.373987398739874,0
3,4,1.12,37.49,0,66,1,1,36,8,4,760,48,12.5,0.25,24.99,0.03,2,49.98,37.49,1.12,14,362,7,86,24.99,3,0.5,49.98,0.0224089635854341,0
2,4,41.98,149.94,30,66,1,1,36,3,3,1235,31,49.98,0.25,49.98,0.28,4,199.92,149.94,41.98,7,437,6,67,49.98,3,1.0,199.92,0.2099839935974389,0
1,4,132.29,377.98,18,66,1,1,36,3,1,1678,2,22.0,0.06,399.98,0.35,1,399.98,377.98,132.29,22,846,3,24,399.98,3,0.25,399.98,0.3307415370768538,0
3,4,72.03,147.0,47,66,1,1,36,6,2,3139,66,3.0,0.02,50.0,0.49,3,150.0,147.0,72.03,3,346,7,59,50.0,3,0.75,150.0,0.4802,0
3,4,52.38,145.5,47,66,1,1,36,6,2,3139,66,4.5,0.03,50.0,0.36,3,150.0,145.5,52.38,3,346,7,59,50.0,3,0.75,150.0,0.3492,0
2,4,125.73,371.98,18,66,1,1,36,3,3,2050,8,28.0,0.07,399.98,0.34,1,399.98,371.98,125.73,11,1033,6,24,399.98,3,0.25,399.98,0.3143407170358518,0
1,4,-17.4,347.98,18,66,1,1,36,3,3,1964,51,52.0,0.13,399.98,-0.05,1,399.98,347.98,-17.4,15,196,3,24,399.98,3,0.25,399.98,-0.0435021751087554,0
2,4,0.0,335.98,18,66,1,1,36,3,3,1235,31,64.0,0.16,399.98,0.0,1,399.98,335.98,0.0,7,437,6,24,399.98,3,0.25,399.98,0.0,0
2,4,165.99,331.98,18,66,1,1,36,3,3,1235,31,68.0,0.17,399.98,0.5,1,399.98,331.98,165.99,7,437,6,24,399.98,3,0.25,399.98,0.4149957497874894,0
1,4,24.53,52.19,12,267,0,1,20,0,3,2566,70,7.8,0.13,59.99,0.47,1,59.99,52.19,24.53,15,476,2,71,59.99,3,0.25,59.99,0.4089014835805967,0
1,4,109.43,287.98,9,267,0,1,20,3,3,2566,70,12.0,0.04,299.98,0.38,1,299.98,287.98,109.43,15,476,2,21,299.98,3,0.25,299.98,0.3647909860657377,0
3,4,89.3,190.0,47,267,0,1,20,6,2,2872,124,10.0,0.05,50.0,0.47,4,200.0,190.0,89.3,1,895,7,59,50.0,3,1.0,200.0,0.4465,0
3,4,180.58,419.96,10,267,0,1,20,5,1,2414,53,79.99,0.16,99.99,0.43,5,499.95,419.96,180.58,22,462,5,61,99.99,3,1.25,499.95,0.3611961196119612,0
1,4,11.88,197.98,10,267,0,1,20,5,3,2566,70,2.0,0.01,99.99,0.06,2,199.98,197.98,11.88,15,476,2,61,99.99,3,0.5,199.98,0.0594059405940594,0
1,4,18.41,40.02,44,267,0,1,20,8,3,3512,70,3.96,0.09,21.99,0.46,2,43.98,40.02,18.41,15,1056,2,34,21.99,3,0.5,43.98,0.4185993633469759,0
1,4,20.16,126.0,47,267,0,1,20,6,3,2566,70,24.0,0.16,50.0,0.16,3,150.0,126.0,20.16,15,476,2,59,50.0,3,0.75,150.0,0.1344,0
1,4,89.24,194.0,47,267,0,1,20,6,3,3512,70,6.0,0.03,50.0,0.46,4,200.0,194.0,89.24,15,1056,2,59,50.0,3,1.0,200.0,0.4462,0
0,4,30.0,200.0,47,267,0,1,20,6,2,2163,33,50.0,0.2,50.0,0.15,5,250.0,200.0,30.0,12,264,1,59,50.0,3,1.25,250.0,0.12,0
1,4,4.18,104.45,44,267,0,1,20,8,3,3512,70,5.5,0.05,21.99,0.04,5,109.95,104.45,4.18,15,1056,2,34,21.99,3,1.25,109.95,0.0380172805820827,0
2,1,120.11,272.98,9,267,0,1,20,3,1,967,120,27.0,0.09,299.98,0.44,1,299.98,272.98,120.11,10,325,6,21,299.98,0,1.0,299.98,0.4003933595573038,1
2,2,63.45,135.0,47,267,0,1,20,6,1,2003,53,15.0,0.1,50.0,0.47,3,150.0,135.0,63.45,22,822,6,59,50.0,2,1.5,150.0,0.423,0
3,2,44.8,159.99,46,267,0,1,20,3,1,2755,53,40.0,0.2,199.99,0.28,1,199.99,159.99,44.8,22,462,5,70,199.99,2,0.5,199.99,0.224011200560028,0
3,2,-43.76,232.76,12,267,0,1,20,0,1,2755,53,7.2,0.03,59.99,-0.19,4,239.96,232.76,-43.76,22,462,5,71,59.99,2,2.0,239.96,-0.1823637272878813,0
3,4,25.05,52.19,12,267,0,1,20,0,2,2872,124,7.8,0.13,59.99,0.48,1,59.99,52.19,25.05,1,895,7,71,59.99,3,0.25,59.99,0.4175695949324887,0
1,4,45.0,179.99,46,267,0,1,20,3,3,2566,70,20.0,0.1,199.99,0.25,1,199.99,179.99,45.0,15,476,2,70,199.99,3,0.25,199.99,0.2250112505625281,0
0,4,-391.72,237.41,30,267,0,1,20,3,2,2163,33,12.5,0.05,49.98,-1.65,5,249.9,237.41,-391.72,12,264,1,67,49.98,3,1.25,249.9,-1.5675070028011204,0
0,4,37.83,130.45,30,267,0,1,20,3,2,2163,33,19.49,0.13,49.98,0.29,3,149.94,130.45,37.83,12,264,1,67,49.98,3,0.75,149.94,0.2523009203681473,0
0,4,51.46,197.92,30,267,0,1,20,3,2,2163,33,2.0,0.01,49.98,0.26,4,199.92,197.92,51.46,12,264,1,67,49.98,3,1.0,199.92,0.2574029611844738,0
1,2,8.73,24.24,0,66,1,0,36,8,1,1094,53,0.75,0.03,24.99,0.36,1,24.99,24.24,8.73,22,462,2,90,24.99,2,0.5,24.99,0.3493397358943578,0
1,2,3.4,169.96,38,66,1,0,36,6,1,1094,53,29.99,0.15,39.99,0.02,5,199.95,169.96,3.4,22,462,2,102,39.99,2,2.5,199.95,0.0170042510627656,0
2,0,54.0,149.99,46,66,1,0,36,3,1,2700,75,50.0,0.25,199.99,0.36,1,199.99,149.99,54.0,17,565,6,70,199.99,1,0.0,199.99,0.2700135006750337,1
2,0,-441.74,284.99,12,66,1,0,36,0,1,2700,75,15.0,0.05,299.99,-1.55,1,299.99,284.99,-441.74,17,565,6,100,299.99,1,0.0,299.99,-1.4725157505250177,1
2,2,65.25,173.99,46,66,1,0,36,3,1,1024,141,26.0,0.13,199.99,0.38,1,199.99,173.99,65.25,10,334,6,70,199.99,2,0.5,199.99,0.3262663133156657,0
2,0,184.31,383.98,18,66,1,0,36,3,1,2700,75,16.0,0.04,399.98,0.48,1,399.98,383.98,184.31,17,565,6,24,399.98,1,0.0,399.98,0.4607980399019951,1
2,1,128.51,377.98,18,66,1,0,36,3,1,967,120,22.0,0.06,399.98,0.34,1,399.98,377.98,128.51,10,325,6,24,399.98,0,1.0,399.98,0.3212910645532276,1
2,2,88.21,260.98,9,66,1,0,36,3,1,1024,141,39.0,0.13,299.98,0.34,1,299.98,260.98,88.21,10,334,6,21,299.98,2,0.5,299.98,0.2940529368624575,0
2,2,16.3,100.0,47,66,1,0,36,6,1,1024,141,0.0,0.0,50.0,0.16,2,100.0,100.0,16.3,10,334,6,59,50.0,2,1.0,100.0,0.163,0
2,2,-453.52,283.45,12,66,1,0,36,0,1,1024,141,16.5,0.06,59.99,-1.6,5,299.95,283.45,-453.52,10,334,6,71,59.99,2,2.5,299.95,-1.5119853308884814,0
0,2,188.15,391.98,18,66,1,0,36,3,2,3186,105,8.0,0.02,399.98,0.48,1,399.98,391.98,188.15,3,616,1,24,399.98,2,0.5,399.98,0.4703985199259963,0
2,2,-143.44,81.97,30,66,1,0,36,3,1,1024,141,17.99,0.18,49.98,-1.75,2,99.96,81.97,-143.44,10,334,6,67,49.98,2,1.0,99.96,-1.4349739895958384,0
0,2,-52.65,116.99,34,66,1,0,36,0,2,3186,105,13.0,0.1,129.99,-0.45,1,129.99,116.99,-52.65,3,616,1,56,129.99,2,0.5,129.99,-0.4050311562427878,0
0,2,-29.39,146.96,3,66,1,0,36,4,2,3186,105,27.99,0.16,34.99,-0.2,5,174.95,146.96,-29.39,3,616,1,113,34.99,2,2.5,174.95000000000002,-0.1679908545298657,0
1,4,49.18,145.5,47,482,0,1,42,6,0,1727,106,4.5,0.03,50.0,0.34,3,150.0,145.5,49.18,19,568,2,59,50.0,3,0.75,150.0,0.3278666666666666,0
1,4,59.49,176.0,47,482,0,1,42,6,0,1727,106,24.0,0.12,50.0,0.34,4,200.0,176.0,59.49,19,568,2,59,50.0,3,1.0,200.0,0.29745,0
1,4,-269.7,174.0,47,482,0,1,42,6,0,1727,106,26.0,0.13,50.0,-1.55,4,200.0,174.0,-269.7,19,568,2,59,50.0,3,1.0,200.0,-1.3485,0
1,4,81.11,239.96,12,482,0,1,42,0,0,1727,106,59.99,0.2,59.99,0.34,5,299.95,239.96,81.11,19,568,2,71,59.99,3,1.25,299.95,0.2704117352892148,0
1,4,20.34,116.2,0,482,0,1,42,8,2,1244,102,8.75,0.07,24.99,0.18,5,124.95,116.2,20.34,3,926,2,86,24.99,3,1.25,124.95,0.1627851140456182,0
1,4,0.0,37.99,38,482,0,1,42,6,2,1244,102,2.0,0.05,39.99,0.0,1,39.99,37.99,0.0,3,926,2,102,39.99,3,0.25,39.99,0.0,0
1,4,-39.41,145.44,30,482,0,1,42,3,2,1244,102,4.5,0.03,49.98,-0.27,3,149.94,145.44,-39.41,3,926,2,67,49.98,3,0.75,149.94,-0.2628384687208216,0
1,4,-52.23,94.96,30,482,0,1,42,3,2,1244,102,5.0,0.05,49.98,-0.55,2,99.96,94.96,-52.23,3,926,2,67,49.98,3,0.5,99.96,-0.5225090036014406,0
1,4,45.36,94.49,10,66,1,0,36,5,2,2075,102,5.5,0.06,99.99,0.48,1,99.99,94.49,45.36,3,292,2,61,99.99,3,0.25,99.99,0.4536453645364536,0
1,4,-3.95,103.99,34,66,1,0,36,0,2,2075,102,26.0,0.2,129.99,-0.04,1,129.99,103.99,-3.95,3,292,2,56,129.99,3,0.25,129.99,-0.0303869528425263,0
1,4,-19.11,109.18,12,66,1,0,36,0,1,39,53,10.8,0.09,59.99,-0.18,2,119.98,109.18,-19.11,22,259,2,71,59.99,3,0.5,119.98,-0.1592765460910151,0
1,4,51.02,188.95,25,66,1,0,36,8,1,39,53,11.0,0.06,39.99,0.27,5,199.95,188.95,51.02,22,259,2,15,39.99,3,1.25,199.95,0.2551637909477369,0
1,4,62.39,191.97,12,66,1,0,36,0,1,39,53,47.99,0.2,59.99,0.33,4,239.96,191.97,62.39,22,259,2,71,59.99,3,1.0,239.96,0.2600016669444907,0
1,4,113.98,242.5,47,66,1,0,36,6,2,2075,102,7.5,0.03,50.0,0.47,5,250.0,242.5,113.98,3,292,2,59,50.0,3,1.25,250.0,0.45592,0
2,2,41.32,193.99,46,66,1,0,36,3,1,3349,9,6.0,0.03,199.99,0.21,1,199.99,193.99,41.32,22,1034,6,70,199.99,2,0.5,199.99,0.2066103305165258,0
2,2,30.79,98.38,12,66,1,0,36,0,1,3349,9,21.6,0.18,59.99,0.31,2,119.98,98.38,30.79,22,1034,6,71,59.99,2,1.0,119.98,0.2566261043507251,0
1,4,-45.1,239.9,30,66,1,0,36,3,1,39,53,10.0,0.04,49.98,-0.19,5,249.9,239.9,-45.1,22,259,2,67,49.98,3,1.25,249.9,-0.1804721888755502,0
0,4,40.68,359.98,18,66,1,0,36,3,1,2586,53,40.0,0.1,399.98,0.11,1,399.98,359.98,40.68,22,462,1,24,399.98,3,0.25,399.98,0.1017050852542627,0
0,4,5.58,89.99,12,66,1,0,36,0,1,2586,53,30.0,0.25,59.99,0.06,2,119.98,89.99,5.58,22,462,1,71,59.99,3,0.5,119.98,0.0465077512918819,0
0,4,-28.04,245.96,12,66,1,0,36,0,1,2586,53,53.99,0.18,59.99,-0.11,5,299.95,245.96,-28.04,22,462,1,71,59.99,3,1.25,299.95,-0.0934822470411735,0
3,4,102.95,395.96,10,447,0,1,40,5,0,3010,138,4.0,0.01,99.99,0.26,4,399.96,395.96,102.95,16,360,7,61,99.99,3,1.0,399.96,0.2574007400740074,0
3,4,9.0,449.96,10,447,0,1,40,5,0,3010,138,50.0,0.1,99.99,0.02,5,499.95,449.96,9.0,16,360,7,61,99.99,3,1.25,499.95,0.018001800180018,0
0,1,78.66,167.37,12,447,0,1,40,0,2,2137,102,12.6,0.07,59.99,0.47,3,179.97,167.37,78.66,3,743,1,71,59.99,0,3.0,179.97,0.4370728454742457,1
2,1,129.99,399.98,18,447,0,1,40,3,3,1236,31,0.0,0.0,399.98,0.33,1,399.98,399.98,129.99,7,386,4,24,399.98,0,1.0,399.98,0.3249912495624781,1
2,1,88.72,272.98,9,447,0,1,40,3,3,1236,31,27.0,0.09,299.98,0.33,1,299.98,272.98,88.72,7,386,4,21,299.98,0,1.0,299.98,0.2957530502033468,1
2,1,121.42,263.96,12,447,0,1,40,0,3,1236,31,35.99,0.12,59.99,0.46,5,299.95,263.96,121.42,7,386,4,71,59.99,0,5.0,299.95,0.4048008001333555,1
2,1,61.69,169.96,38,447,0,1,40,6,3,1236,31,29.99,0.15,39.99,0.36,5,199.95,169.96,61.69,7,386,4,102,39.99,0,5.0,199.95,0.3085271317829457,1
2,2,-130.0,50.0,47,447,0,1,40,6,2,2853,102,0.0,0.0,50.0,-2.6,1,50.0,50.0,-130.0,3,743,6,59,50.0,2,0.5,50.0,-2.6,0
2,2,6.5,129.99,34,447,0,1,40,0,4,1876,48,0.0,0.0,129.99,0.05,1,129.99,129.99,6.5,21,188,6,56,129.99,2,0.5,129.99,0.0500038464497269,0
2,2,25.35,97.49,34,447,0,1,40,0,4,1876,48,32.5,0.25,129.99,0.26,1,129.99,97.49,25.35,21,188,6,56,129.99,2,0.5,129.99,0.1950150011539349,0
2,2,22.6,199.98,10,447,0,1,40,5,0,1727,106,0.0,0.0,99.99,0.11,2,199.98,199.98,22.6,19,568,6,61,99.99,2,1.0,199.98,0.113011301130113,0
2,2,69.0,150.0,47,447,0,1,40,6,0,1727,106,0.0,0.0,50.0,0.46,3,150.0,150.0,69.0,19,568,6,59,50.0,2,1.5,150.0,0.46,0
2,2,49.69,147.0,47,447,0,1,40,6,4,1876,48,3.0,0.02,50.0,0.34,3,150.0,147.0,49.69,21,188,6,59,50.0,2,1.5,150.0,0.3312666666666666,0
2,2,0.0,83.97,0,447,0,1,40,8,0,1727,106,15.99,0.16,24.99,0.0,4,99.96,83.97,0.0,19,568,6,87,24.99,2,2.0,99.96,0.0,0
2,2,111.65,237.56,12,447,0,1,40,0,4,1876,48,2.4,0.01,59.99,0.47,4,239.96,237.56,111.65,21,188,6,71,59.99,2,2.0,239.96,0.4652858809801634,0
2,4,-196.01,296.98,9,447,0,1,40,3,3,2307,8,3.0,0.01,299.98,-0.66,1,299.98,296.98,-196.01,11,739,6,21,299.98,3,0.25,299.98,-0.6534102273484899,0
1,2,58.96,122.84,34,447,0,1,40,0,2,2823,102,7.15,0.06,129.99,0.48,1,129.99,122.84,58.96,3,880,3,56,129.99,2,0.5,129.99,0.453573351796292,0
0,1,-4.75,189.99,46,447,0,1,40,3,2,2137,102,10.0,0.05,199.99,-0.03,1,199.99,189.99,-4.75,3,743,1,70,199.99,0,1.0,199.99,-0.0237511875593779,1
2,2,9.9,197.99,46,447,0,1,40,3,0,1727,106,2.0,0.01,199.99,0.05,1,199.99,197.99,9.9,19,568,6,70,199.99,2,0.5,199.99,0.0495024751237561,0
2,2,61.34,195.99,46,447,0,1,40,3,0,1727,106,4.0,0.02,199.99,0.31,1,199.99,195.99,61.34,19,568,6,70,199.99,2,0.5,199.99,0.3067153357667883,0
3,4,18.08,159.99,46,447,0,1,40,3,0,3010,138,40.0,0.2,199.99,0.11,1,199.99,159.99,18.08,16,360,7,70,199.99,3,0.25,199.99,0.0904045202260112,0
2,2,27.9,185.99,46,447,0,1,40,3,4,1876,48,14.0,0.07,199.99,0.15,1,199.99,185.99,27.9,21,188,6,70,199.99,2,0.5,199.99,0.1395069753487674,0
3,4,61.41,165.98,10,447,0,1,40,5,0,3010,138,34.0,0.17,99.99,0.37,2,199.98,165.98,61.41,16,360,7,61,99.99,3,0.5,199.98,0.307080708070807,0
2,1,-37.35,165.99,46,447,0,1,40,3,3,1236,31,34.0,0.17,199.99,-0.23,1,199.99,165.99,-37.35,7,386,4,70,199.99,0,1.0,199.99,-0.1867593379668983,1
0,1,5.42,47.98,30,447,0,1,40,3,2,2137,102,2.0,0.04,49.98,0.11,1,49.98,47.98,5.42,3,743,1,67,49.98,0,1.0,49.98,0.1084433773509403,1
3,4,24.35,83.97,30,447,0,1,40,3,0,3010,138,15.99,0.16,49.98,0.29,2,99.96,83.97,24.35,16,360,7,67,49.98,3,0.5,99.96,0.2435974389755902,0
2,2,27.99,159.94,30,447,0,1,40,3,2,2853,102,39.98,0.2,49.98,0.18,4,199.92,159.94,27.99,3,743,6,67,49.98,2,2.0,199.92,0.1400060024009604,0
0,1,94.64,363.98,18,447,0,1,40,3,2,2137,102,36.0,0.09,399.98,0.26,1,399.98,363.98,94.64,3,743,1,24,399.98,0,1.0,399.98,0.2366118305915295,1
1,4,40.13,123.49,35,66,1,2,36,8,1,2179,53,6.5,0.05,129.99,0.33,1,129.99,123.49,40.13,22,27,3,51,129.99,3,0.25,129.99,0.30871605508116,0
1,4,32.61,130.45,30,66,1,2,36,3,1,2179,53,19.49,0.13,49.98,0.25,3,149.94,130.45,32.61,22,27,3,67,49.98,3,0.75,149.94,0.2174869947979191,0
1,4,32.59,199.92,30,66,1,2,36,3,3,3435,31,49.98,0.2,49.98,0.16,5,249.9,199.92,32.59,7,912,2,67,49.98,3,1.25,249.9,0.1304121648659464,0
1,2,11.31,43.5,47,66,1,2,36,6,2,130,42,6.5,0.13,50.0,0.26,1,50.0,43.5,11.31,3,559,2,59,50.0,2,0.5,50.0,0.2262,0
1,2,5.5,12.79,44,66,1,2,36,8,2,130,42,3.2,0.2,15.99,0.43,1,15.99,12.79,5.5,3,559,2,31,15.99,2,0.5,15.99,0.3439649781113196,0
1,2,82.49,299.98,9,66,1,2,36,3,2,130,42,0.0,0.0,299.98,0.28,1,299.98,299.98,82.49,3,559,2,21,299.98,2,0.5,299.98,0.2749849989999333,0
1,2,83.15,296.98,9,66,1,2,36,3,2,130,42,3.0,0.01,299.98,0.28,1,299.98,296.98,83.15,3,559,2,21,299.98,2,0.5,299.98,0.2771851456763784,0
1,2,147.59,327.98,18,66,1,2,36,3,2,130,42,72.0,0.18,399.98,0.45,1,399.98,327.98,147.59,3,559,2,24,399.98,2,0.5,399.98,0.3689934496724836,0
1,2,35.8,114.39,34,66,1,2,36,0,4,683,48,15.6,0.12,129.99,0.31,1,129.99,114.39,35.8,18,450,2,56,129.99,2,0.5,129.99,0.2754058004461881,0
1,2,89.24,254.98,9,66,1,2,36,3,4,683,48,45.0,0.15,299.98,0.35,1,299.98,254.98,89.24,18,450,2,21,299.98,2,0.5,299.98,0.2974864990999399,0
1,2,62.93,170.07,12,66,1,2,36,0,4,683,48,9.9,0.06,59.99,0.37,3,179.97,170.07,62.93,18,450,2,71,59.99,2,1.5,179.97,0.3496693893426682,0
1,2,108.39,399.96,10,66,1,2,36,5,4,683,48,99.99,0.2,99.99,0.27,5,499.95,399.96,108.39,18,450,2,61,99.99,2,2.5,499.95,0.2168016801680168,0
1,2,102.38,227.5,47,66,1,2,36,6,4,683,48,22.5,0.09,50.0,0.45,5,250.0,227.5,102.38,18,450,2,59,50.0,2,2.5,250.0,0.40952,0
1,4,2.16,53.99,12,66,1,2,36,0,1,2179,53,6.0,0.1,59.99,0.04,1,59.99,53.99,2.16,22,27,3,71,59.99,3,0.25,59.99,0.0360060010001666,0
1,4,15.38,45.5,47,66,1,2,36,6,1,2179,53,4.5,0.09,50.0,0.34,1,50.0,45.5,15.38,22,27,3,59,50.0,3,0.25,50.0,0.3076,0
1,4,30.61,113.38,12,66,1,2,36,0,1,2179,53,6.6,0.06,59.99,0.27,2,119.98,113.38,30.61,22,27,3,71,59.99,3,0.5,119.98,0.2551258543090515,0
1,4,6.3,50.39,12,393,0,1,5,0,3,1683,92,9.6,0.16,59.99,0.13,1,59.99,50.39,6.3,15,552,2,71,59.99,3,0.25,59.99,0.1050175029171528,0
1,4,24.0,319.97,10,393,0,1,5,5,4,2157,48,79.99,0.2,99.99,0.08,4,399.96,319.97,24.0,21,188,3,61,99.99,3,1.0,399.96,0.06000600060006,0
2,0,-14.15,50.0,47,393,0,1,5,6,1,939,120,0.0,0.0,50.0,-0.28,1,50.0,50.0,-14.15,10,454,6,59,50.0,1,0.0,50.0,-0.283,1
1,4,-34.49,44.97,24,393,0,1,5,8,3,1683,92,0.0,0.0,14.99,-0.77,3,44.97,44.97,-34.49,15,552,2,39,14.99,3,0.75,44.97,-0.7669557482766289,0
1,2,22.68,283.48,9,393,0,1,5,3,2,2667,17,16.5,0.06,299.98,0.08,1,299.98,283.48,22.68,12,316,2,21,299.98,2,0.5,299.98,0.0756050403360224,0
1,2,22.37,198.0,47,393,0,1,5,6,2,2667,17,2.0,0.01,50.0,0.11,4,200.0,198.0,22.37,12,316,2,59,50.0,2,2.0,200.0,0.11185,0
3,2,58.8,167.99,46,393,0,1,5,3,2,828,42,32.0,0.16,199.99,0.35,1,199.99,167.99,58.8,3,883,7,70,199.99,2,0.5,199.99,0.2940147007350367,0
3,2,35.49,109.19,34,393,0,1,5,0,2,828,42,20.8,0.16,129.99,0.33,1,129.99,109.19,35.49,3,883,7,56,129.99,2,0.5,129.99,0.2730210016155089,0
3,2,39.16,107.89,34,393,0,1,5,0,2,828,42,22.1,0.17,129.99,0.36,1,129.99,107.89,39.16,3,883,7,56,129.99,2,0.5,129.99,0.30125394261097,0
1,4,10.58,167.99,46,393,0,1,5,3,3,1683,92,32.0,0.16,199.99,0.06,1,199.99,167.99,10.58,15,552,2,70,199.99,3,0.25,199.99,0.0529026451322566,0
3,4,-24.55,47.48,30,393,0,1,5,3,1,2339,115,2.5,0.05,49.98,-0.52,1,49.98,47.48,-24.55,22,155,5,67,49.98,3,0.25,49.98,-0.4911964785914366,0
0,4,-161.2,219.91,30,393,0,1,5,3,3,2916,34,29.99,0.12,49.98,-0.73,5,249.9,219.91,-161.2,7,910,1,67,49.98,3,1.25,249.9,-0.6450580232092836,0
1,4,142.29,391.98,18,393,0,1,5,3,3,1683,92,8.0,0.02,399.98,0.36,1,399.98,391.98,142.29,15,552,2,24,399.98,3,0.25,399.98,0.3557427871393569,0
1,2,-11.76,58.79,12,167,0,1,5,0,3,1660,152,1.2,0.02,59.99,-0.2,1,59.99,58.79,-11.76,20,549,2,71,59.99,2,0.5,59.99,-0.1960326721120186,0
1,2,62.42,127.39,34,167,0,1,5,0,3,1660,152,2.6,0.02,129.99,0.49,1,129.99,127.39,62.42,20,549,2,56,129.99,2,0.5,129.99,0.4801907839064543,0
1,2,18.8,40.0,47,167,0,1,5,6,3,1660,152,10.0,0.2,50.0,0.47,1,50.0,40.0,18.8,20,549,2,59,50.0,2,0.5,50.0,0.376,0
0,2,9.46,36.39,38,66,1,1,36,6,2,2980,33,3.6,0.09,39.99,0.26,1,39.99,36.39,9.46,12,264,1,102,39.99,2,0.5,39.99,0.2365591397849462,0
1,0,25.77,97.99,10,66,1,1,36,5,1,2715,115,2.0,0.02,99.99,0.26,1,99.99,97.99,25.77,22,429,2,61,99.99,1,0.0,99.99,0.2577257725772577,1
1,0,35.62,284.98,9,66,1,1,36,3,1,2715,115,15.0,0.05,299.98,0.13,1,299.98,284.98,35.62,22,429,2,21,299.98,1,0.0,299.98,0.1187412494166277,1
1,0,42.72,136.5,47,66,1,1,36,6,1,2715,115,13.5,0.09,50.0,0.31,3,150.0,136.5,42.72,22,429,2,59,50.0,1,0.0,150.0,0.2848,1
1,4,6.44,109.19,34,66,1,1,36,0,1,2728,129,20.8,0.16,129.99,0.06,1,129.99,109.19,6.44,8,1061,2,56,129.99,3,0.25,129.99,0.0495422724824986,0
1,0,-12.8,159.99,46,66,1,1,36,3,1,2715,115,40.0,0.2,199.99,-0.08,1,199.99,159.99,-12.8,22,429,2,70,199.99,1,0.0,199.99,-0.064003200160008,1
1,4,49.0,98.0,47,66,1,1,36,6,1,2728,129,2.0,0.02,50.0,0.5,2,100.0,98.0,49.0,8,1061,2,59,50.0,3,0.5,100.0,0.49,0
1,0,16.97,48.48,30,66,1,1,36,3,1,2715,115,1.5,0.03,49.98,0.35,1,49.98,48.48,16.97,22,429,2,67,49.98,1,0.0,49.98,0.3395358143257302,1
2,4,21.6,45.0,47,66,1,1,36,6,1,2004,53,5.0,0.1,50.0,0.48,1,50.0,45.0,21.6,22,822,6,59,50.0,3,0.25,50.0,0.432,0
2,4,88.82,188.98,10,66,1,1,36,5,1,2004,53,11.0,0.06,99.99,0.47,2,199.98,188.98,88.82,22,822,6,61,99.99,3,0.5,199.98,0.4441444144414441,0
2,4,118.83,242.5,47,66,1,1,36,6,1,2004,53,7.5,0.03,50.0,0.49,5,250.0,242.5,118.83,22,822,6,59,50.0,3,1.25,250.0,0.47532,0
3,4,46.04,97.96,30,66,1,1,36,3,0,2565,138,2.0,0.02,49.98,0.47,2,99.96,97.96,46.04,16,360,8,67,49.98,3,0.5,99.96,0.4605842336934774,0
1,4,11.6,39.98,30,66,1,1,36,3,4,2688,48,10.0,0.2,49.98,0.29,1,49.98,39.98,11.6,6,741,2,67,49.98,3,0.25,49.98,0.2320928371348539,0
2,4,74.88,191.99,46,66,1,1,36,3,1,2004,53,8.0,0.04,199.99,0.39,1,199.99,191.99,74.88,22,822,6,70,199.99,3,0.25,199.99,0.3744187209360468,0
2,4,93.1,189.99,46,66,1,1,36,3,1,2004,53,10.0,0.05,199.99,0.49,1,199.99,189.99,93.1,22,822,6,70,199.99,3,0.25,199.99,0.4655232761638081,0
1,4,5.69,45.48,30,66,1,1,36,3,1,2728,129,4.5,0.09,49.98,0.13,1,49.98,45.48,5.69,8,1061,2,67,49.98,3,0.25,49.98,0.1138455382152861,0
3,4,75.16,156.57,12,66,1,1,36,0,0,2565,138,23.4,0.13,59.99,0.48,3,179.97,156.57,75.16,16,360,8,71,59.99,3,0.75,179.97,0.417625159748847,0
1,4,2.13,24.5,28,498,0,0,22,4,2,3000,20,0.5,0.02,25.0,0.09,1,25.0,24.5,2.13,12,956,2,65,25.0,3,0.25,25.0,0.0852,0
0,4,82.21,283.48,9,498,0,0,22,3,2,2199,102,16.5,0.06,299.98,0.29,1,299.98,283.48,82.21,3,1068,1,21,299.98,3,0.25,299.98,0.2740516034402293,0
0,4,73.37,278.98,9,498,0,0,22,3,2,2199,102,21.0,0.07,299.98,0.26,1,299.98,278.98,73.37,3,1068,1,21,299.98,3,0.25,299.98,0.2445829721981465,0
0,4,54.6,272.98,9,498,0,0,22,3,2,2199,102,27.0,0.09,299.98,0.2,1,299.98,272.98,54.6,3,1068,1,21,299.98,3,0.25,299.98,0.1820121341422761,0
0,4,-195.57,254.98,9,498,0,0,22,3,3,2530,108,45.0,0.15,299.98,-0.77,1,299.98,254.98,-195.57,11,1053,1,21,299.98,3,0.25,299.98,-0.6519434628975265,0
0,4,32.0,116.37,38,498,0,0,22,6,3,2530,108,3.6,0.03,39.99,0.28,3,119.97,116.37,32.0,11,1053,1,102,39.99,3,0.75,119.97,0.2667333500041677,0
0,4,33.0,120.0,47,498,0,0,22,6,3,2530,108,30.0,0.2,50.0,0.28,3,150.0,120.0,33.0,11,1053,1,59,50.0,3,0.75,150.0,0.22,0
0,4,25.29,155.16,38,498,0,0,22,6,2,2199,102,4.8,0.03,39.99,0.16,4,159.96,155.16,25.29,3,1068,1,102,39.99,3,1.0,159.96,0.1581020255063766,0
1,4,-13.49,269.75,26,498,0,0,22,8,2,3000,20,55.25,0.17,65.0,-0.05,5,325.0,269.75,-13.49,12,956,2,44,65.0,3,1.25,325.0,-0.0415076923076923,0
1,4,92.62,284.98,9,498,0,0,22,3,1,2087,75,15.0,0.05,299.98,0.33,1,299.98,284.98,92.62,17,589,3,21,299.98,3,0.25,299.98,0.3087539169277952,0
1,4,9.36,124.79,34,498,0,0,22,0,2,3000,20,5.2,0.04,129.99,0.08,1,129.99,124.79,9.36,12,956,2,56,129.99,3,0.25,129.99,0.0720055388876067,0
1,4,-7.76,387.98,18,498,0,0,22,3,2,2551,17,12.0,0.03,399.98,-0.02,1,399.98,387.98,-7.76,12,817,2,24,399.98,3,0.25,399.98,-0.0194009700485024,0
1,4,33.93,260.98,9,498,0,0,22,3,2,2551,17,39.0,0.13,299.98,0.13,1,299.98,260.98,33.93,12,817,2,21,299.98,3,0.25,299.98,0.1131075405027001,0
1,4,35.64,197.98,10,498,0,0,22,5,1,2087,75,2.0,0.01,99.99,0.18,2,199.98,197.98,35.64,17,589,3,61,99.99,3,0.5,199.98,0.1782178217821782,0
0,4,56.23,149.94,30,498,0,0,22,3,2,2199,102,0.0,0.0,49.98,0.38,3,149.94,149.94,56.23,3,1068,1,67,49.98,3,0.75,149.94,0.375016673336001,0
1,4,110.17,351.98,18,498,0,0,22,3,2,3000,20,48.0,0.12,399.98,0.31,1,399.98,351.98,110.17,12,956,2,24,399.98,3,0.25,399.98,0.2754387719385969,0
1,4,117.62,347.98,18,498,0,0,22,3,2,3000,20,52.0,0.13,399.98,0.34,1,399.98,347.98,117.62,12,956,2,24,399.98,3,0.25,399.98,0.2940647032351617,0
0,4,62.42,127.39,34,300,0,0,5,0,2,2835,42,2.6,0.02,129.99,0.49,1,129.99,127.39,62.42,3,883,1,56,129.99,3,0.25,129.99,0.4801907839064543,0
0,4,58.0,126.09,34,300,0,0,5,0,2,2835,42,3.9,0.03,129.99,0.46,1,129.99,126.09,58.0,3,883,1,56,129.99,3,0.25,129.99,0.44618816832064,0
0,4,-60.68,254.97,10,300,0,0,5,5,2,2835,42,45.0,0.15,99.99,-0.24,3,299.97,254.97,-60.68,3,883,1,61,99.99,3,0.75,299.97,-0.2022868953562022,0
0,4,30.88,118.77,38,300,0,0,5,6,2,2835,42,1.2,0.01,39.99,0.26,3,119.97,118.77,30.88,3,883,1,102,39.99,3,0.75,119.97,0.2573976827540218,0
0,4,155.18,387.96,10,300,0,0,5,5,2,2835,42,12.0,0.03,99.99,0.4,4,399.96,387.96,155.18,3,883,1,61,99.99,3,1.0,399.96,0.387988798879888,0
1,1,58.04,123.49,34,300,0,0,5,0,3,2289,26,6.5,0.05,129.99,0.47,1,129.99,123.49,58.04,15,728,2,56,129.99,0,1.0,129.99,0.4464958842987921,1
1,1,38.44,118.29,34,300,0,0,5,0,3,1600,77,11.7,0.09,129.99,0.33,1,129.99,118.29,38.44,7,868,2,56,129.99,0,1.0,129.99,0.295715055004231,1
1,1,28.66,454.95,10,300,0,0,5,5,3,2289,26,45.0,0.09,99.99,0.06,5,499.95,454.95,28.66,15,728,2,61,99.99,0,5.0,499.95,0.0573257325732573,1
1,2,54.28,113.09,34,300,0,0,5,0,2,695,59,16.9,0.13,129.99,0.48,1,129.99,113.09,54.28,3,226,2,56,129.99,2,0.5,129.99,0.4175705823524886,0
1,2,102.05,283.48,9,300,0,0,5,3,3,1476,152,16.5,0.06,299.98,0.36,1,299.98,283.48,102.05,20,468,2,21,299.98,2,0.5,299.98,0.340189345956397,0
3,4,-42.71,377.98,18,300,0,0,5,3,1,1861,120,22.0,0.06,399.98,-0.11,1,399.98,377.98,-42.71,10,454,0,24,399.98,3,0.25,399.98,-0.1067803390169508,0
1,1,41.3,131.95,30,300,0,0,5,3,3,1600,77,17.99,0.12,49.98,0.31,3,149.94,131.95,41.3,7,868,2,67,49.98,0,3.0,149.94,0.2754435107376283,1
3,4,-69.8,91.0,47,300,0,0,5,6,1,1861,120,9.0,0.09,50.0,-0.77,2,100.0,91.0,-69.8,10,454,0,59,50.0,3,0.5,100.0,-0.698,0
3,4,-142.6,185.93,30,300,0,0,5,3,1,1861,120,13.99,0.07,49.98,-0.77,4,199.92,185.93,-142.6,10,454,0,67,49.98,3,1.0,199.92,-0.7132853141256503,0
1,1,93.6,359.98,18,300,0,0,5,3,3,1600,77,40.0,0.1,399.98,0.26,1,399.98,359.98,93.6,7,868,2,24,399.98,0,1.0,399.98,0.2340117005850292,1
2,4,6.17,123.49,34,66,1,2,36,0,1,3380,87,6.5,0.05,129.99,0.05,1,129.99,123.49,6.17,10,1036,6,56,129.99,3,0.25,129.99,0.0474651896299715,0
2,4,47.62,113.38,12,66,1,2,36,0,1,3380,87,6.6,0.06,59.99,0.42,2,119.98,113.38,47.62,10,1036,6,71,59.99,3,0.5,119.98,0.3968994832472078,0
2,4,74.69,149.38,12,66,1,2,36,0,1,3380,87,30.59,0.17,59.99,0.5,3,179.97,149.38,74.69,10,1036,6,71,59.99,3,0.75,179.97,0.4150136133800077,0
2,4,-5.66,95.98,38,66,1,2,36,6,1,3380,87,23.99,0.2,39.99,-0.06,3,119.97,95.98,-5.66,10,1036,6,102,39.99,3,0.75,119.97,-0.0471784612819871,0
2,4,0.0,247.5,47,66,1,2,36,6,1,3380,87,2.5,0.01,50.0,0.0,5,250.0,247.5,0.0,10,1036,6,59,50.0,3,1.25,250.0,0.0,0
0,0,64.22,189.99,46,66,1,2,36,3,4,2469,48,10.0,0.05,199.99,0.34,1,199.99,189.99,64.22,6,796,1,70,199.99,1,0.0,199.99,0.3211160558027901,1
0,2,17.49,49.98,30,66,1,2,36,3,2,1547,102,0.0,0.0,49.98,0.35,1,49.98,49.98,17.49,3,225,1,67,49.98,2,0.5,49.98,0.3499399759903961,0
0,0,38.67,110.49,34,66,1,2,36,0,4,2469,48,19.5,0.15,129.99,0.35,1,129.99,110.49,38.67,6,796,1,56,129.99,1,0.0,129.99,0.297484421878606,1
0,0,-7.5,105.58,12,66,1,2,36,0,4,2469,48,14.4,0.12,59.99,-0.07,2,119.98,105.58,-7.5,6,796,1,71,59.99,1,0.0,119.98,-0.0625104184030671,1
0,2,14.87,114.39,34,66,1,2,36,0,2,1547,102,15.6,0.12,129.99,0.13,1,129.99,114.39,14.87,3,225,1,56,129.99,2,0.5,129.99,0.1143934148780675,0
0,2,23.61,49.19,12,66,1,2,36,0,2,1547,102,10.8,0.18,59.99,0.48,1,59.99,49.19,23.61,3,225,1,71,59.99,2,0.5,59.99,0.3935655942657109,0
0,2,87.99,351.96,10,66,1,2,36,5,2,1547,102,48.0,0.12,99.99,0.25,4,399.96,351.96,87.99,3,225,1,61,99.99,2,2.0,399.96,0.21999699969997,0
0,2,35.6,200.0,47,66,1,2,36,6,2,1547,102,0.0,0.0,50.0,0.18,4,200.0,200.0,35.6,3,225,1,59,50.0,2,2.0,200.0,0.178,0
0,4,-34.64,80.0,47,66,1,2,36,6,1,754,2,20.0,0.2,50.0,-0.43,2,100.0,80.0,-34.64,22,846,1,59,50.0,3,0.5,100.0,-0.3464,0
0,4,82.04,174.56,17,66,1,2,36,5,1,754,2,5.4,0.03,44.99,0.47,4,179.96,174.56,82.04,22,846,1,105,44.99,3,1.0,179.96,0.4558790842409424,0
0,4,17.82,198.0,47,66,1,2,36,6,1,754,2,2.0,0.01,50.0,0.09,4,200.0,198.0,17.82,22,846,1,59,50.0,3,1.0,200.0,0.0891,0
1,2,43.06,127.39,34,66,1,2,36,0,1,2225,75,2.6,0.02,129.99,0.34,1,129.99,127.39,43.06,17,191,2,56,129.99,2,0.5,129.99,0.3312562504808062,0
1,2,26.4,263.98,9,66,1,2,36,3,1,2225,75,36.0,0.12,299.98,0.1,1,299.98,263.98,26.4,17,191,2,21,299.98,2,0.5,299.98,0.0880058670578038,0
1,2,7.05,94.06,17,66,1,2,36,8,1,2225,75,1.92,0.02,47.99,0.08,2,95.98,94.06,7.05,17,191,2,96,47.99,2,1.0,95.98,0.0734528026672223,0
1,4,35.81,123.49,34,66,1,2,36,0,2,2019,38,6.5,0.05,129.99,0.29,1,129.99,123.49,35.81,1,647,2,56,129.99,3,0.25,129.99,0.2754827294407262,0
1,4,91.0,363.98,18,66,1,2,36,3,2,2019,38,36.0,0.09,399.98,0.25,1,399.98,363.98,91.0,1,647,2,24,399.98,3,0.25,399.98,0.2275113755687784,0
1,4,50.9,130.5,47,66,1,2,36,6,2,2019,38,19.5,0.13,50.0,0.39,3,150.0,130.5,50.9,1,647,2,59,50.0,3,0.75,150.0,0.3393333333333333,0
1,4,-24.62,143.98,12,66,1,2,36,0,3,893,8,35.99,0.2,59.99,-0.17,3,179.97,143.98,-24.62,11,973,2,71,59.99,3,0.75,179.97,-0.1368005778740901,0
3,2,109.75,391.98,18,66,1,2,36,3,4,760,48,8.0,0.02,399.98,0.28,1,399.98,391.98,109.75,6,757,5,24,399.98,2,0.5,399.98,0.2743887194359717,0
1,4,67.05,254.96,12,539,0,0,28,0,1,810,120,44.99,0.15,59.99,0.26,5,299.95,254.96,67.05,10,454,2,71,59.99,3,1.25,299.95,0.2235372562093682,0
1,4,-342.97,489.95,10,539,0,0,28,5,2,1811,102,10.0,0.02,99.99,-0.7,5,499.95,489.95,-342.97,3,385,2,61,99.99,3,1.25,499.95,-0.6860086008600861,0
3,4,-207.87,296.95,12,539,0,0,28,0,2,3139,66,3.0,0.01,59.99,-0.7,5,299.95,296.95,-207.87,3,346,7,71,59.99,3,1.25,299.95,-0.693015502583764,0
2,2,-214.35,126.09,34,539,0,0,28,0,3,3512,70,3.9,0.03,129.99,-1.7,1,129.99,126.09,-214.35,15,1056,6,56,129.99,2,0.5,129.99,-1.648972997922917,0
2,2,-80.62,100.77,38,539,0,0,28,6,3,3512,70,19.2,0.16,39.99,-0.8,3,119.97,100.77,-80.62,15,1056,6,102,39.99,2,1.5,119.97,-0.6720013336667501,0
1,4,21.12,239.96,12,539,0,0,28,0,2,1811,102,0.0,0.0,59.99,0.09,4,239.96,239.96,21.12,3,385,2,71,59.99,3,1.0,239.96,0.0880146691115185,0
1,4,46.8,124.79,34,66,1,0,36,0,1,2992,2,5.2,0.04,129.99,0.38,1,129.99,124.79,46.8,22,846,2,56,129.99,3,0.25,129.99,0.3600276944380337,0
1,4,60.9,347.98,18,66,1,0,36,3,1,2992,2,52.0,0.13,399.98,0.18,1,399.98,347.98,60.9,22,846,2,24,399.98,3,0.25,399.98,0.152257612880644,0
1,4,95.0,190.0,47,66,1,0,36,6,1,2992,2,10.0,0.05,50.0,0.5,4,200.0,190.0,95.0,22,846,2,59,50.0,3,1.0,200.0,0.475,0
1,4,39.98,123.0,10,66,1,0,36,5,1,2992,2,27.0,0.18,30.0,0.33,5,150.0,123.0,39.98,22,846,2,66,30.0,3,1.25,150.0,0.2665333333333333,0
2,1,4.42,110.49,34,66,1,0,36,0,3,1088,31,19.5,0.15,129.99,0.04,1,129.99,110.49,4.42,7,386,6,56,129.99,0,1.0,129.99,0.0340026155858142,1
2,1,129.34,263.96,12,66,1,0,36,0,3,1088,31,35.99,0.12,59.99,0.49,5,299.95,263.96,129.34,7,386,6,71,59.99,0,5.0,299.95,0.4312052008668112,1
2,1,70.43,225.0,47,66,1,0,36,6,3,1088,31,25.0,0.1,50.0,0.31,5,250.0,225.0,70.43,7,386,6,59,50.0,0,5.0,250.0,0.28172,1
3,1,49.14,188.99,46,66,1,0,36,3,4,2256,48,11.0,0.06,199.99,0.26,1,199.99,188.99,49.14,6,741,5,70,199.99,0,1.0,199.99,0.2457122856142807,1
1,4,45.92,163.99,46,66,1,0,36,3,1,2992,2,36.0,0.18,199.99,0.28,1,199.99,163.99,45.92,22,846,2,70,199.99,3,0.25,199.99,0.2296114805740287,0
3,2,40.83,130.45,30,66,1,0,36,3,2,816,102,19.49,0.13,49.98,0.31,3,149.94,130.45,40.83,3,292,7,67,49.98,2,1.5,149.94,0.2723089235694277,0
2,1,39.36,112.46,30,66,1,0,36,3,3,1088,31,37.49,0.25,49.98,0.35,3,149.94,112.46,39.36,7,386,6,67,49.98,0,3.0,149.94,0.2625050020008003,1
3,1,33.12,118.29,34,66,1,0,36,0,4,2256,48,11.7,0.09,129.99,0.28,1,129.99,118.29,33.12,6,741,5,56,129.99,0,1.0,129.99,0.254788829909993,1
3,1,13.11,50.43,17,66,1,0,36,8,4,2256,48,1.56,0.03,51.99,0.26,1,51.99,50.43,13.11,6,741,5,94,51.99,0,1.0,51.99,0.2521638776687824,1
3,1,33.74,74.97,0,66,1,0,36,8,4,2256,48,0.0,0.0,24.99,0.45,3,74.97,74.97,33.74,6,741,5,90,24.99,0,3.0,74.97,0.450046685340803,1
3,2,28.8,57.59,12,66,1,0,36,0,2,816,102,2.4,0.04,59.99,0.5,1,59.99,57.59,28.8,3,292,7,71,59.99,2,0.5,59.99,0.4800800133355559,0
3,2,42.58,118.29,34,66,1,0,36,0,2,816,102,11.7,0.09,129.99,0.36,1,129.99,118.29,42.58,3,292,7,56,129.99,2,0.5,129.99,0.3275636587429802,0
3,2,42.12,116.99,34,66,1,0,36,0,2,816,102,13.0,0.1,129.99,0.36,1,129.99,116.99,42.12,3,292,7,56,129.99,2,0.5,129.99,0.3240249249942303,0
3,4,49.52,150.07,6,354,0,1,28,5,3,2276,31,14.84,0.09,54.97,0.33,3,164.91,150.07,49.52,7,912,5,109,54.97,3,0.75,164.91,0.3002850039415439,0
3,4,125.27,260.97,10,354,0,1,28,5,3,2276,31,39.0,0.13,99.99,0.48,3,299.97,260.97,125.27,7,912,5,61,99.99,3,0.75,299.97,0.4176084275094175,0
0,1,53.66,124.79,34,354,0,1,28,0,2,2817,124,5.2,0.04,129.99,0.43,1,129.99,124.79,53.66,1,878,1,56,129.99,0,1.0,129.99,0.41280098469113,1
0,1,1.52,37.99,38,354,0,1,28,6,2,2817,124,2.0,0.05,39.99,0.04,1,39.99,37.99,1.52,1,878,1,102,39.99,0,1.0,39.99,0.0380095023755939,1
0,1,138.91,283.48,9,354,0,1,28,3,2,2817,124,16.5,0.06,299.98,0.49,1,299.98,283.48,138.91,1,878,1,21,299.98,0,1.0,299.98,0.4630642042802853,1
0,1,62.57,145.5,47,354,0,1,28,6,2,2817,124,4.5,0.03,50.0,0.43,3,150.0,145.5,62.57,1,878,1,59,50.0,0,3.0,150.0,0.4171333333333333,1
0,1,69.12,144.0,47,354,0,1,28,6,2,2817,124,6.0,0.04,50.0,0.48,3,150.0,144.0,69.12,1,878,1,59,50.0,0,3.0,150.0,0.4608,1
1,2,11.33,37.76,25,354,0,1,28,8,1,2414,53,2.2,0.06,9.99,0.3,4,39.96,37.76,11.33,22,462,2,14,9.99,2,2.0,39.96,0.2835335335335335,0
2,4,7.8,103.99,34,354,0,1,28,0,0,1637,123,26.0,0.2,129.99,0.08,1,129.99,103.99,7.8,2,542,6,56,129.99,3,0.25,129.99,0.0600046157396722,0
2,4,44.64,93.0,47,354,0,1,28,6,0,1637,123,7.0,0.07,50.0,0.48,2,100.0,93.0,44.64,2,542,6,59,50.0,3,0.5,100.0,0.4464,0
1,2,86.4,192.0,47,354,0,1,28,6,1,1596,117,8.0,0.04,50.0,0.45,4,200.0,192.0,86.4,8,925,2,59,50.0,2,2.0,200.0,0.432,0
1,2,29.39,104.96,0,354,0,1,28,8,1,1596,117,19.99,0.16,24.99,0.28,5,124.95,104.96,29.39,8,925,2,86,24.99,2,2.5,124.95,0.2352140856342537,0
2,4,16.09,48.75,26,354,0,1,28,8,0,1637,123,16.25,0.25,65.0,0.33,1,65.0,48.75,16.09,2,542,6,44,65.0,3,0.25,65.0,0.2475384615384615,0
2,4,3.6,47.98,30,354,0,1,28,3,0,1637,123,2.0,0.04,49.98,0.08,1,49.98,47.98,3.6,2,542,6,67,49.98,3,0.25,49.98,0.0720288115246098,0
2,4,113.67,391.98,18,354,0,1,28,3,0,1637,123,8.0,0.02,399.98,0.29,1,399.98,391.98,113.67,2,542,6,24,399.98,3,0.25,399.98,0.284189209460473,0
1,2,10.44,347.98,18,354,0,1,28,3,1,1596,117,52.0,0.13,399.98,0.03,1,399.98,347.98,10.44,8,925,2,24,399.98,2,0.5,399.98,0.0261013050652532,0
0,2,-47.99,59.99,12,453,1,1,36,0,2,2835,42,0.0,0.0,59.99,-0.8,1,59.99,59.99,-47.99,3,883,1,71,59.99,2,0.5,59.99,-0.799966661110185,0
0,2,-10.52,49.39,17,453,1,1,36,8,2,2835,42,2.6,0.05,51.99,-0.21,1,51.99,49.39,-10.52,3,883,1,97,51.99,2,0.5,51.99,-0.2023466051163685,0
0,2,80.9,278.97,10,453,1,1,36,5,2,2835,42,21.0,0.07,99.99,0.29,3,299.97,278.97,80.9,3,883,1,61,99.99,2,1.5,299.97,0.2696936360302697,0
0,2,33.84,180.0,47,453,1,1,36,6,2,2835,42,20.0,0.1,50.0,0.19,4,200.0,180.0,33.84,3,883,1,59,50.0,2,2.0,200.0,0.1692,0
2,1,43.68,167.99,46,453,1,1,36,3,1,1768,53,32.0,0.16,199.99,0.26,1,199.99,167.99,43.68,22,794,6,70,199.99,0,1.0,199.99,0.2184109205460273,1
2,1,43.88,120.89,34,453,1,1,36,0,1,1768,53,9.1,0.07,129.99,0.36,1,129.99,120.89,43.88,22,794,6,56,129.99,0,1.0,129.99,0.3375644280329256,1
2,4,37.12,218.36,12,453,1,1,36,0,4,1481,48,21.6,0.09,59.99,0.17,4,239.96,218.36,37.12,14,201,6,71,59.99,3,1.0,239.96,0.1546924487414569,0
2,4,84.46,175.96,38,453,1,1,36,6,4,1481,48,23.99,0.12,39.99,0.48,5,199.95,175.96,84.46,14,201,6,102,39.99,3,1.25,199.95,0.4224056014003501,0
3,1,53.5,109.19,34,453,1,1,36,0,2,602,33,20.8,0.16,129.99,0.49,1,129.99,109.19,53.5,12,1023,8,56,129.99,0,1.0,129.99,0.4115701207785214,1
3,1,4.92,245.98,9,453,1,1,36,3,2,602,33,54.0,0.18,299.98,0.02,1,299.98,245.98,4.92,12,1023,8,21,299.98,0,1.0,299.98,0.016401093406227,1
2,4,115.15,239.9,30,453,1,1,36,3,4,1481,48,10.0,0.04,49.98,0.48,5,249.9,239.9,115.15,14,201,6,67,49.98,3,1.25,249.9,0.4607843137254902,0
2,4,28.89,169.93,30,453,1,1,36,3,4,1481,48,29.99,0.15,49.98,0.17,4,199.92,169.93,28.89,14,201,6,67,49.98,3,1.0,199.92,0.1445078031212485,0
3,1,62.7,127.96,17,453,1,1,36,8,2,602,33,31.99,0.2,31.99,0.49,5,159.95,127.96,62.7,12,1023,8,5,31.99,0,5.0,159.95,0.3919974992185058,1
3,4,39.89,128.69,34,453,1,1,36,0,3,2261,73,1.3,0.01,129.99,0.31,1,129.99,128.69,39.89,13,487,7,56,129.99,3,0.25,129.99,0.3068697592122471,0
3,4,17.1,284.98,9,453,1,1,36,3,3,2261,73,15.0,0.05,299.98,0.06,1,299.98,284.98,17.1,13,487,7,21,299.98,3,0.25,299.98,0.0570038002533502,0
3,4,46.5,185.98,10,453,1,1,36,5,3,2261,73,14.0,0.07,99.99,0.25,2,199.98,185.98,46.5,13,487,7,61,99.99,3,0.5,199.98,0.2325232523252325,0
3,4,112.31,287.97,10,453,1,1,36,5,3,2342,8,12.0,0.04,99.99,0.39,3,299.97,287.97,112.31,11,739,7,61,99.99,3,0.75,299.97,0.3744041070773743,0
3,4,99.78,226.76,12,453,1,1,36,0,3,2342,8,13.2,0.06,59.99,0.44,4,239.96,226.76,99.78,11,739,7,71,59.99,3,1.0,239.96,0.4158193032172028,0
3,4,143.99,299.99,18,453,1,1,36,3,3,2261,73,100.0,0.25,399.98,0.48,1,399.98,299.99,143.99,13,487,7,24,399.98,3,0.25,399.98,0.3599929996499825,0
0,2,-29.0,124.45,30,453,1,1,36,3,2,2835,42,25.49,0.17,49.98,-0.23,3,149.94,124.45,-29.0,3,883,1,67,49.98,2,1.5,149.94,-0.1934106976123782,0
3,2,16.06,47.5,47,66,1,2,36,6,3,2790,70,2.5,0.05,50.0,0.34,1,50.0,47.5,16.06,15,502,8,59,50.0,2,0.5,50.0,0.3212,0
3,2,29.05,83.0,47,66,1,2,36,6,3,2790,70,17.0,0.17,50.0,0.35,2,100.0,83.0,29.05,15,502,8,59,50.0,2,1.0,100.0,0.2905,0
3,2,37.5,299.97,10,66,1,2,36,5,3,2790,70,0.0,0.0,99.99,0.13,3,299.97,299.97,37.5,15,502,8,61,99.99,2,1.5,299.97,0.125012501250125,0
3,4,62.99,179.97,12,66,1,2,36,0,3,41,69,0.0,0.0,59.99,0.35,3,179.97,179.97,62.99,13,841,5,71,59.99,3,0.75,179.97,0.3500027782408179,0
3,4,37.95,178.17,12,66,1,2,36,0,3,41,69,1.8,0.01,59.99,0.21,3,179.97,178.17,37.95,13,841,5,71,59.99,3,0.75,179.97,0.2108684780796799,0
3,4,148.74,424.96,10,66,1,2,36,5,3,41,69,74.99,0.15,99.99,0.35,5,499.95,424.96,148.74,13,841,5,61,99.99,3,1.25,499.95,0.2975097509750975,0
2,4,48.36,185.99,46,66,1,2,36,3,2,340,20,14.0,0.07,199.99,0.26,1,199.99,185.99,48.36,12,670,6,70,199.99,3,0.25,199.99,0.2418120906045302,0
1,1,-90.2,163.99,46,66,1,2,36,3,1,2271,115,36.0,0.18,199.99,-0.55,1,199.99,163.99,-90.2,22,1018,2,70,199.99,0,1.0,199.99,-0.4510225511275563,1
2,4,96.98,197.92,30,66,1,2,36,3,2,340,20,2.0,0.01,49.98,0.49,4,199.92,197.92,96.98,12,670,6,67,49.98,3,1.0,199.92,0.485094037615046,0
3,2,30.84,84.97,30,66,1,2,36,3,3,2790,70,14.99,0.15,49.98,0.36,2,99.96,84.97,30.84,15,502,8,67,49.98,2,1.0,99.96,0.3085234093637455,0
3,2,81.34,232.41,30,66,1,2,36,3,3,2790,70,17.49,0.07,49.98,0.35,5,249.9,232.41,81.34,15,502,8,67,49.98,2,2.5,249.9,0.3254901960784314,0
1,1,26.0,99.99,10,66,1,2,36,5,1,2271,115,0.0,0.0,99.99,0.26,1,99.99,99.99,26.0,22,1018,2,61,99.99,0,1.0,99.99,0.26002600260026,1
1,1,20.79,59.39,12,66,1,2,36,0,1,2271,115,0.6,0.01,59.99,0.35,1,59.99,59.39,20.79,22,1018,2,71,59.99,0,1.0,59.99,0.3465577596266044,1
1,1,2.44,97.49,34,66,1,2,36,0,1,2271,115,32.5,0.25,129.99,0.03,1,129.99,97.49,2.44,22,1018,2,56,129.99,0,1.0,129.99,0.018770674667282,1
1,1,-39.25,164.91,6,66,1,2,36,5,1,2271,115,54.97,0.25,54.97,-0.24,4,219.88,164.91,-39.25,22,1018,2,109,54.97,0,4.0,219.88,-0.1785064580680371,1
2,1,-8.85,149.94,30,388,0,2,4,3,4,2900,48,49.98,0.25,49.98,-0.06,4,199.92,149.94,-8.85,21,1052,6,67,49.98,0,4.0,199.92,-0.0442677070828331,1
2,1,158.75,377.98,18,388,0,2,4,3,4,2900,48,22.0,0.06,399.98,0.42,1,399.98,377.98,158.75,21,1052,6,24,399.98,0,1.0,399.98,0.3968948447422371,1
1,4,27.3,97.49,34,388,0,2,4,0,2,143,42,32.5,0.25,129.99,0.28,1,129.99,97.49,27.3,3,883,2,56,129.99,3,0.25,129.99,0.210016155088853,0
2,1,14.61,165.98,10,388,0,2,4,5,4,2900,48,34.0,0.17,99.99,0.09,2,199.98,165.98,14.61,21,1052,6,61,99.99,0,2.0,199.98,0.073057305730573,1
0,4,106.71,293.98,9,187,0,0,15,3,3,1964,51,6.0,0.02,299.98,0.36,1,299.98,293.98,106.71,15,196,1,21,299.98,3,0.25,299.98,0.3557237149143276,0
0,4,139.67,290.98,9,187,0,0,15,3,3,1964,51,9.0,0.03,299.98,0.48,1,299.98,290.98,139.67,15,196,1,21,299.98,3,0.25,299.98,0.4655977065137675,0
0,4,29.92,339.98,18,187,0,0,15,3,3,1964,51,60.0,0.15,399.98,0.09,1,399.98,339.98,29.92,15,196,1,24,399.98,3,0.25,399.98,0.0748037401870093,0
1,4,20.36,173.99,46,187,0,0,15,3,4,489,48,26.0,0.13,199.99,0.12,1,199.99,173.99,20.36,6,252,2,70,199.99,3,0.25,199.99,0.1018050902545127,0
3,4,65.0,199.99,46,187,0,0,15,3,3,714,108,0.0,0.0,199.99,0.33,1,199.99,199.99,65.0,11,195,5,70,199.99,3,0.25,199.99,0.3250162508125406,0
3,4,-158.39,197.99,46,187,0,0,15,3,3,714,108,2.0,0.01,199.99,-0.8,1,199.99,197.99,-158.39,11,195,5,70,199.99,3,0.25,199.99,-0.7919895994799739,0
1,4,119.3,290.98,9,187,0,0,15,3,3,574,8,9.0,0.03,299.98,0.41,1,299.98,290.98,119.3,11,982,2,21,299.98,3,0.25,299.98,0.397693179545303,0
1,4,52.76,128.69,34,187,0,0,15,0,4,489,48,1.3,0.01,129.99,0.41,1,129.99,128.69,52.76,6,252,2,56,129.99,3,0.25,129.99,0.4058773751827063,0
0,4,17.25,195.99,46,187,0,0,15,3,3,1964,51,4.0,0.02,199.99,0.09,1,199.99,195.99,17.25,15,196,1,70,199.99,3,0.25,199.99,0.0862543127156357,0
1,4,30.54,66.38,38,187,0,0,15,6,4,489,48,13.6,0.17,39.99,0.46,2,79.98,66.38,30.54,6,252,2,102,39.99,3,0.5,79.98,0.3818454613653413,0
1,4,48.72,168.0,47,187,0,0,15,6,4,489,48,32.0,0.16,50.0,0.29,4,200.0,168.0,48.72,6,252,2,59,50.0,3,1.0,200.0,0.2435999999999999,0
3,4,74.99,299.97,10,187,0,0,15,5,1,476,2,0.0,0.0,99.99,0.25,3,299.97,299.97,74.99,22,159,5,61,99.99,3,0.75,299.97,0.2499916658332499,0
1,4,21.82,351.98,18,187,0,0,15,3,3,574,8,48.0,0.12,399.98,0.06,1,399.98,351.98,21.82,11,982,2,24,399.98,3,0.25,399.98,0.0545527276363818,0
3,4,74.36,220.0,47,66,1,0,36,6,2,226,116,30.0,0.12,50.0,0.34,5,250.0,220.0,74.36,12,92,8,59,50.0,3,1.25,250.0,0.29744,0
3,0,29.46,61.38,28,66,1,0,36,4,2,2828,112,4.62,0.07,22.0,0.48,3,66.0,61.38,29.46,3,783,5,54,22.0,1,0.0,66.0,0.4463636363636363,1
2,1,-2.69,47.25,47,66,1,0,36,6,1,129,53,2.75,0.06,50.0,-0.06,1,50.0,47.25,-2.69,22,822,6,59,50.0,0,1.0,50.0,-0.0538,1
2,1,98.99,263.97,10,66,1,0,36,5,1,129,53,36.0,0.12,99.99,0.38,3,299.97,263.97,98.99,22,822,6,61,99.99,0,3.0,299.97,0.3299996666333299,1
3,4,54.54,175.93,30,66,1,0,36,3,2,226,116,23.99,0.12,49.98,0.31,4,199.92,175.93,54.54,12,92,8,67,49.98,3,1.0,199.92,0.2728091236494598,0
0,2,28.12,96.96,30,66,1,0,36,3,3,840,11,3.0,0.03,49.98,0.29,2,99.96,96.96,28.12,13,270,1,67,49.98,2,1.0,99.96,0.281312525010004,0
0,2,29.05,232.41,30,66,1,0,36,3,3,840,11,17.49,0.07,49.98,0.13,5,249.9,232.41,29.05,13,270,1,67,49.98,2,2.5,249.9,0.1162464985994397,0
3,4,121.43,263.97,10,66,1,0,36,5,2,226,116,36.0,0.12,99.99,0.46,3,299.97,263.97,121.43,12,92,8,61,99.99,3,0.75,299.97,0.4048071473814048,0
3,4,91.34,260.97,10,66,1,0,36,5,2,226,116,39.0,0.13,99.99,0.35,3,299.97,260.97,91.34,12,92,8,61,99.99,3,0.75,299.97,0.3044971163783044,0
0,2,35.6,107.89,34,66,1,0,36,0,3,840,11,22.1,0.17,129.99,0.33,1,129.99,107.89,35.6,13,270,1,56,129.99,2,0.5,129.99,0.2738672205554273,0
0,2,36.9,109.18,12,66,1,0,36,0,3,840,11,10.8,0.09,59.99,0.34,2,119.98,109.18,36.9,13,270,1,71,59.99,2,1.0,119.98,0.3075512585430905,0
0,4,16.83,49.79,12,284,0,0,43,0,3,212,108,10.2,0.17,59.99,0.34,1,59.99,49.79,16.83,11,86,1,71,59.99,3,0.25,59.99,0.2805467577929654,0
2,2,-18.58,144.0,47,284,0,0,43,6,3,1366,8,6.0,0.04,50.0,-0.13,3,150.0,144.0,-18.58,11,973,6,59,50.0,2,1.5,150.0,-0.1238666666666666,0
2,2,54.99,439.96,10,284,0,0,43,5,3,1366,8,59.99,0.12,99.99,0.13,5,499.95,439.96,54.99,11,973,6,61,99.99,2,2.5,499.95,0.10999099909991,0
2,4,127.75,377.96,10,284,0,0,43,5,2,16,102,22.0,0.06,99.99,0.34,4,399.96,377.96,127.75,3,1030,6,61,99.99,3,1.0,399.96,0.3194069406940694,0
2,2,-82.22,249.9,30,284,0,0,43,3,3,1366,8,0.0,0.0,49.98,-0.33,5,249.9,249.9,-82.22,11,973,6,67,49.98,2,2.5,249.9,-0.3290116046418567,0
1,4,0.0,359.98,18,284,0,0,43,3,3,2011,73,40.0,0.1,399.98,0.0,1,399.98,359.98,0.0,13,487,2,24,399.98,3,0.25,399.98,0.0,0
2,2,156.39,339.98,18,284,0,0,43,3,3,1366,8,60.0,0.15,399.98,0.46,1,399.98,339.98,156.39,11,973,6,24,399.98,2,0.5,399.98,0.3909945497274863,0
2,4,-8.51,197.99,46,171,0,0,40,3,2,1276,102,2.0,0.01,199.99,-0.04,1,199.99,197.99,-8.51,3,308,6,70,199.99,3,0.25,199.99,-0.0425521276063803,0
2,4,87.42,185.99,46,171,0,0,40,3,4,2519,48,14.0,0.07,199.99,0.47,1,199.99,185.99,87.42,14,345,6,70,199.99,3,0.25,199.99,0.4371218560928046,0
2,4,61.15,124.79,34,171,0,0,40,0,4,2519,48,5.2,0.04,129.99,0.49,1,129.99,124.79,61.15,14,345,6,56,129.99,3,0.25,129.99,0.470420801600123,0
2,4,-10.71,248.96,12,171,0,0,40,0,2,1276,102,50.99,0.17,59.99,-0.04,5,299.95,248.96,-10.71,3,308,6,71,59.99,3,1.25,299.95,-0.0357059509918319,0
2,4,-335.97,479.95,10,171,0,0,40,5,4,2519,48,20.0,0.04,99.99,-0.7,5,499.95,479.95,-335.97,14,345,6,61,99.99,3,1.25,499.95,-0.672007200720072,0
2,4,9.72,110.49,34,66,1,2,36,0,3,746,8,19.5,0.15,129.99,0.09,1,129.99,110.49,9.72,11,739,6,56,129.99,3,0.25,129.99,0.0747749826909762,0
2,4,5.32,15.19,44,66,1,2,36,8,3,746,8,0.8,0.05,15.99,0.35,1,15.99,15.19,5.32,11,739,6,32,15.99,3,0.25,15.99,0.33270794246404,0
2,4,-201.59,287.98,9,66,1,2,36,3,3,746,8,12.0,0.04,299.98,-0.7,1,299.98,287.98,-201.59,11,739,6,21,299.98,3,0.25,299.98,-0.672011467431162,0
2,4,36.95,105.58,12,66,1,2,36,0,3,746,8,14.4,0.12,59.99,0.35,2,119.98,105.58,36.95,11,739,6,71,59.99,3,0.5,119.98,0.3079679946657776,0
1,4,3.0,29.97,25,66,1,2,36,8,4,2860,48,9.99,0.25,9.99,0.1,4,39.96,29.97,3.0,21,188,2,14,9.99,3,1.0,39.96,0.075075075075075,0
2,4,21.0,167.99,46,66,1,2,36,3,3,746,8,32.0,0.16,199.99,0.13,1,199.99,167.99,21.0,11,739,6,70,199.99,3,0.25,199.99,0.1050052502625131,0
1,4,8.82,42.0,47,66,1,2,36,6,4,2860,48,8.0,0.16,50.0,0.21,1,50.0,42.0,8.82,21,188,2,59,50.0,3,0.25,50.0,0.1764,0
1,4,69.6,240.0,47,66,1,2,36,6,4,2860,48,10.0,0.04,50.0,0.29,5,250.0,240.0,69.6,21,188,2,59,50.0,3,1.25,250.0,0.2784,0
3,4,59.15,227.5,47,3,0,0,29,6,3,271,145,22.5,0.09,50.0,0.26,5,250.0,227.5,59.15,15,111,7,59,50.0,3,1.25,250.0,0.2366,0
3,4,135.99,399.96,10,3,0,0,29,5,3,1550,0,99.99,0.2,99.99,0.34,5,499.95,399.96,135.99,13,497,8,61,99.99,3,1.25,499.95,0.272007200720072,0
2,0,38.18,82.99,10,3,0,0,29,5,2,1921,20,17.0,0.17,99.99,0.46,1,99.99,82.99,38.18,12,29,6,61,99.99,1,0.0,99.99,0.3818381838183818,1
2,0,10.66,106.59,34,3,0,0,29,0,2,1921,20,23.4,0.18,129.99,0.1,1,129.99,106.59,10.66,12,29,6,56,129.99,1,0.0,129.99,0.0820063081775521,1
0,4,43.88,120.89,34,3,0,0,29,0,1,305,142,9.1,0.07,129.99,0.36,1,129.99,120.89,43.88,22,117,1,56,129.99,3,0.25,129.99,0.3375644280329256,0
0,4,56.78,118.29,34,3,0,0,29,0,1,305,142,11.7,0.09,129.99,0.48,1,129.99,118.29,56.78,22,117,1,56,129.99,3,0.25,129.99,0.4368028309869989,0
0,4,52.65,116.99,34,3,0,0,29,0,1,305,142,13.0,0.1,129.99,0.45,1,129.99,116.99,52.65,22,117,1,56,129.99,3,0.25,129.99,0.4050311562427878,0
0,4,52.92,189.0,47,3,0,0,29,6,1,305,142,11.0,0.06,50.0,0.28,4,200.0,189.0,52.92,22,117,1,59,50.0,3,1.0,200.0,0.2646,0
2,0,43.32,149.38,12,3,0,0,29,0,2,1921,20,30.59,0.17,59.99,0.29,3,179.97,149.38,43.32,12,29,6,71,59.99,1,0.0,179.97,0.2407067844640773,1
2,0,50.07,159.96,38,3,0,0,29,6,2,1921,20,39.99,0.2,39.99,0.31,5,199.95,159.96,50.07,12,29,6,102,39.99,1,0.0,199.95,0.2504126031507877,1
2,2,51.99,199.95,38,3,0,0,29,6,4,216,48,0.0,0.0,39.99,0.26,5,199.95,199.95,51.99,21,249,6,102,39.99,2,2.5,199.95,0.2600150037509378,0
2,2,49.14,188.99,46,3,0,0,29,3,4,216,48,11.0,0.06,199.99,0.26,1,199.99,188.99,49.14,21,249,6,70,199.99,2,0.5,199.99,0.2457122856142807,0
2,4,12.79,49.19,12,3,0,0,29,0,4,2427,48,10.8,0.18,59.99,0.26,1,59.99,49.19,12.79,6,740,6,71,59.99,3,0.25,59.99,0.2132022003667277,0
3,4,70.56,195.99,46,3,0,0,29,3,3,271,145,4.0,0.02,199.99,0.36,1,199.99,195.99,70.56,15,111,7,70,199.99,3,0.25,199.99,0.3528176408820441,0
2,4,18.05,96.0,47,3,0,0,29,6,4,2427,48,4.0,0.04,50.0,0.19,2,100.0,96.0,18.05,6,740,6,59,50.0,3,0.5,100.0,0.1805,0
2,4,10.91,145.5,47,3,0,0,29,6,4,2427,48,4.5,0.03,50.0,0.08,3,150.0,145.5,10.91,6,740,6,59,50.0,3,0.75,150.0,0.0727333333333333,0
2,4,33.86,99.58,38,3,0,0,29,6,4,2427,48,20.39,0.17,39.99,0.34,3,119.97,99.58,33.86,6,740,6,102,39.99,3,0.75,119.97,0.28223722597316,0
3,4,-12.65,59.39,12,3,0,0,29,0,3,271,145,0.6,0.01,59.99,-0.21,1,59.99,59.39,-12.65,15,111,7,71,59.99,3,0.25,59.99,-0.2108684780796799,0
3,4,21.11,43.98,6,3,0,0,29,5,3,1550,0,10.99,0.2,54.97,0.48,1,54.97,43.98,21.11,13,497,8,109,54.97,3,0.25,54.97,0.3840276514462434,0
3,4,32.5,129.99,34,3,0,0,29,0,3,1550,0,0.0,0.0,129.99,0.25,1,129.99,129.99,32.5,13,497,8,56,129.99,3,0.25,129.99,0.2500192322486345,0
3,4,8.73,116.38,12,3,0,0,29,0,3,271,145,3.6,0.03,59.99,0.08,2,119.98,116.38,8.73,15,111,7,71,59.99,3,0.5,119.98,0.0727621270211702,0
3,4,-1.08,83.0,47,3,0,0,29,6,3,1550,0,17.0,0.17,50.0,-0.01,2,100.0,83.0,-1.08,13,497,8,59,50.0,3,0.5,100.0,-0.0108,0
3,4,18.9,151.17,12,3,0,0,29,0,3,1550,0,28.8,0.16,59.99,0.13,3,179.97,151.17,18.9,13,497,8,71,59.99,3,0.75,179.97,0.1050175029171528,0
2,0,9.56,127.45,30,3,0,0,29,3,2,1921,20,22.49,0.15,49.98,0.08,3,149.94,127.45,9.56,12,29,6,67,49.98,1,0.0,149.94,0.0637588368680805,1
0,2,14.1,29.99,38,66,1,1,36,6,4,683,48,10.0,0.25,39.99,0.47,1,39.99,29.99,14.1,18,450,1,102,39.99,2,0.5,39.99,0.3525881470367591,0
1,4,9.83,29.07,25,66,1,1,36,8,2,2390,38,0.9,0.03,9.99,0.34,3,29.97,29.07,9.83,1,893,3,14,9.99,3,0.75,29.97,0.3279946613279946,0
1,4,114.83,347.98,18,66,1,1,36,3,2,2390,38,52.0,0.13,399.98,0.33,1,399.98,347.98,114.83,1,893,3,24,399.98,3,0.25,399.98,0.2870893544677234,0
1,4,25.5,339.98,18,66,1,1,36,3,2,2390,38,60.0,0.15,399.98,0.08,1,399.98,339.98,25.5,1,893,3,24,399.98,3,0.25,399.98,0.0637531876593829,0
1,4,80.63,251.98,9,66,1,1,36,3,2,2390,38,48.0,0.16,299.98,0.32,1,299.98,251.98,80.63,1,893,3,21,299.98,3,0.25,299.98,0.2687845856390425,0
0,2,14.75,32.78,22,66,1,1,36,8,4,683,48,7.2,0.18,19.99,0.45,2,39.98,32.78,14.75,18,450,1,99,19.99,2,1.0,39.98,0.3689344672336168,0
3,0,64.8,179.99,46,66,1,1,36,3,2,2318,102,20.0,0.1,199.99,0.36,1,199.99,179.99,64.8,3,937,5,70,199.99,1,0.0,199.99,0.3240162008100404,1
3,4,-16.15,227.41,30,66,1,1,36,3,4,1380,48,22.49,0.09,49.98,-0.07,5,249.9,227.41,-16.15,18,986,7,67,49.98,3,1.25,249.9,-0.064625850340136,0
1,4,22.04,48.98,30,66,1,1,36,3,2,2390,38,1.0,0.02,49.98,0.45,1,49.98,48.98,22.04,1,893,3,67,49.98,3,0.25,49.98,0.4409763905562225,0
3,0,78.92,217.41,30,66,1,1,36,3,2,2318,102,32.49,0.13,49.98,0.36,5,249.9,217.41,78.92,3,937,5,67,49.98,1,0.0,249.9,0.3158063225290116,1
3,0,64.02,176.37,12,66,1,1,36,0,2,2318,102,3.6,0.02,59.99,0.36,3,179.97,176.37,64.02,3,937,5,71,59.99,1,0.0,179.97,0.3557259543257209,1
3,0,92.16,192.0,47,66,1,1,36,6,2,2318,102,8.0,0.04,50.0,0.48,4,200.0,192.0,92.16,3,937,5,59,50.0,1,0.0,200.0,0.4608,1
3,4,21.26,47.25,47,66,1,1,36,6,4,1380,48,2.75,0.06,50.0,0.45,1,50.0,47.25,21.26,18,986,7,59,50.0,3,0.25,50.0,0.4252,0
3,4,74.24,197.98,10,66,1,1,36,5,2,3078,20,2.0,0.01,99.99,0.38,2,199.98,197.98,74.24,12,956,5,61,99.99,3,0.5,199.98,0.3712371237123712,0
3,4,33.26,377.98,18,66,1,1,36,3,2,3078,20,22.0,0.06,399.98,0.09,1,399.98,377.98,33.26,12,956,5,24,399.98,3,0.25,399.98,0.0831541577078853,0
3,4,46.97,161.97,12,66,1,1,36,0,4,1380,48,18.0,0.1,59.99,0.29,3,179.97,161.97,46.97,18,986,7,71,59.99,3,0.75,179.97,0.2609879424348502,0
3,4,104.89,223.16,12,66,1,1,36,0,4,1380,48,16.8,0.07,59.99,0.47,4,239.96,223.16,104.89,18,986,7,71,59.99,3,1.0,239.96,0.4371145190865144,0
1,2,32.76,116.99,34,352,0,0,42,0,2,2961,102,13.0,0.1,129.99,0.28,1,129.99,116.99,32.76,3,385,2,56,129.99,2,0.5,129.99,0.2520193861066235,0
1,2,81.47,290.98,9,352,0,0,42,3,2,2961,102,9.0,0.03,299.98,0.28,1,299.98,290.98,81.47,3,385,2,21,299.98,2,0.5,299.98,0.2715847723181545,0
1,2,234.98,499.95,10,352,0,0,42,5,2,2961,102,0.0,0.0,99.99,0.47,5,499.95,499.95,234.98,3,385,2,61,99.99,2,2.5,499.95,0.47000700070007,0
3,2,-9.84,49.19,12,352,0,0,42,0,3,3061,69,10.8,0.18,59.99,-0.2,1,59.99,49.19,-9.84,13,398,5,71,59.99,2,0.5,59.99,-0.1640273378896482,0
3,2,65.76,226.76,12,352,0,0,42,0,3,3061,69,13.2,0.06,59.99,0.29,4,239.96,226.76,65.76,13,398,5,71,59.99,2,2.0,239.96,0.2740456742790465,0
3,2,11.81,94.5,28,66,1,1,36,4,3,2045,4,5.5,0.06,25.0,0.13,4,100.0,94.5,11.81,20,657,7,65,25.0,2,2.0,100.0,0.1181,0
3,2,4.52,18.98,25,66,1,1,36,8,3,2045,4,1.0,0.05,9.99,0.24,2,19.98,18.98,4.52,20,657,7,14,9.99,2,1.0,19.98,0.2262262262262262,0
1,2,23.4,129.99,34,66,1,1,36,0,1,476,2,0.0,0.0,129.99,0.18,1,129.99,129.99,23.4,22,159,2,56,129.99,2,0.5,129.99,0.1800138472190168,0
1,4,54.14,110.49,34,66,1,1,36,0,2,1369,38,19.5,0.15,129.99,0.49,1,129.99,110.49,54.14,1,431,3,56,129.99,3,0.25,129.99,0.416493576428956,0
1,4,124.19,269.98,9,66,1,1,36,3,2,1369,38,30.0,0.1,299.98,0.46,1,299.98,269.98,124.19,1,431,3,21,299.98,3,0.25,299.98,0.4139942662844189,0
1,4,18.08,135.97,38,66,1,1,36,6,2,1369,38,23.99,0.15,39.99,0.13,4,159.96,135.97,18.08,1,431,3,102,39.99,3,1.0,159.96,0.113028257064266,0
2,1,29.64,123.49,34,66,1,1,36,0,1,810,120,6.5,0.05,129.99,0.24,1,129.99,123.49,29.64,10,454,6,56,129.99,0,1.0,129.99,0.2280175398107546,1
2,1,-208.31,335.98,18,66,1,1,36,3,1,810,120,64.0,0.16,399.98,-0.62,1,399.98,335.98,-208.31,10,454,6,24,399.98,0,1.0,399.98,-0.5208010400520026,1
2,4,15.31,173.99,46,66,1,1,36,3,4,1861,28,26.0,0.13,199.99,0.09,1,199.99,173.99,15.31,0,763,6,70,199.99,3,0.25,199.99,0.0765538276913845,0
1,4,90.72,188.99,46,66,1,1,36,3,2,1369,38,11.0,0.06,199.99,0.48,1,199.99,188.99,90.72,1,431,3,70,199.99,3,0.25,199.99,0.4536226811340567,0
2,4,26.46,97.99,10,66,1,1,36,5,4,1861,28,2.0,0.02,99.99,0.27,1,99.99,97.99,26.46,0,763,6,61,99.99,3,0.25,99.99,0.2646264626462646,0
2,4,46.56,96.99,10,66,1,1,36,5,4,1861,28,3.0,0.03,99.99,0.48,1,99.99,96.99,46.56,0,763,6,61,99.99,3,0.25,99.99,0.4656465646564657,0
3,4,33.6,335.98,18,66,1,1,36,3,1,487,75,64.0,0.16,399.98,0.1,1,399.98,335.98,33.6,17,50,5,24,399.98,3,0.25,399.98,0.0840042002100105,0
3,0,57.01,118.78,12,66,1,1,36,0,1,1908,53,1.2,0.01,59.99,0.48,2,119.98,118.78,57.01,22,571,5,71,59.99,1,0.0,119.98,0.4751625270878479,1
3,2,129.35,263.97,10,66,1,1,36,5,3,2045,4,36.0,0.12,99.99,0.49,3,299.97,263.97,129.35,20,657,7,61,99.99,2,1.5,299.97,0.4312097876454311,0
2,1,11.52,191.92,30,66,1,1,36,3,1,810,120,8.0,0.04,49.98,0.06,4,199.92,191.92,11.52,10,454,6,67,49.98,0,4.0,199.92,0.0576230492196878,1
1,4,24.8,79.99,10,364,0,0,5,5,1,754,2,20.0,0.2,99.99,0.31,1,99.99,79.99,24.8,22,846,2,61,99.99,3,0.25,99.99,0.248024802480248,0
2,4,-150.82,118.29,34,364,0,0,5,0,2,3362,59,11.7,0.09,129.99,-1.28,1,129.99,118.29,-150.82,3,389,6,56,129.99,3,0.25,129.99,-1.16024309562274,0
2,4,127.39,391.98,18,364,0,0,5,3,2,3362,59,8.0,0.02,399.98,0.33,1,399.98,391.98,127.39,3,389,6,24,399.98,3,0.25,399.98,0.3184909245462273,0
2,4,-467.74,283.48,9,364,0,0,5,3,2,3362,59,16.5,0.06,299.98,-1.65,1,299.98,283.48,-467.74,3,389,6,21,299.98,3,0.25,299.98,-1.559237282485499,0
1,4,12.91,79.18,38,364,0,0,5,6,1,754,2,0.8,0.01,39.99,0.16,2,79.98,79.18,12.91,22,846,2,102,39.99,3,0.5,79.98,0.1614153538384596,0
1,4,44.82,165.99,46,364,0,0,5,3,1,754,2,34.0,0.17,199.99,0.27,1,199.99,165.99,44.82,22,846,2,70,199.99,3,0.25,199.99,0.224111205560278,0
1,4,10.33,163.99,46,364,0,0,5,3,1,754,2,36.0,0.18,199.99,0.06,1,199.99,163.99,10.33,22,846,2,70,199.99,3,0.25,199.99,0.0516525826291314,0
3,1,-10.6,186.0,47,364,0,0,5,6,1,1024,141,14.0,0.07,50.0,-0.06,4,200.0,186.0,-10.6,10,334,0,59,50.0,0,4.0,200.0,-0.053,1
3,2,32.11,94.99,10,364,0,0,5,5,1,3032,129,5.0,0.05,99.99,0.34,1,99.99,94.99,32.11,8,116,7,61,99.99,2,0.5,99.99,0.3211321132113211,0
3,2,19.65,109.19,34,364,0,0,5,0,1,3032,129,20.8,0.16,129.99,0.18,1,129.99,109.19,19.65,8,116,7,56,129.99,2,0.5,129.99,0.1511654742672513,0
3,2,-149.92,179.97,12,364,0,0,5,0,1,3032,129,0.0,0.0,59.99,-0.83,3,179.97,179.97,-149.92,8,116,7,71,59.99,2,1.5,179.97,-0.8330277268433627,0
3,2,-25.44,136.77,17,364,0,0,5,8,1,3032,129,7.2,0.05,47.99,-0.19,3,143.97,136.77,-25.44,8,116,7,96,47.99,2,1.5,143.97,-0.1767034798916441,0
1,4,15.75,126.0,47,364,0,0,5,6,1,754,2,24.0,0.16,50.0,0.13,3,150.0,126.0,15.75,22,846,2,59,50.0,3,0.75,150.0,0.105,0
0,2,8.48,113.09,34,66,1,1,36,0,1,2843,107,16.9,0.13,129.99,0.08,1,129.99,113.09,8.48,10,856,1,56,129.99,2,0.5,129.99,0.0652357873682591,0
0,2,15.12,251.98,9,66,1,1,36,3,1,2843,107,48.0,0.16,299.98,0.06,1,299.98,251.98,15.12,10,856,1,21,299.98,2,0.5,299.98,0.0504033602240149,0
0,2,119.51,248.98,9,66,1,1,36,3,1,2843,107,51.0,0.17,299.98,0.48,1,299.98,248.98,119.51,10,856,1,21,299.98,2,0.5,299.98,0.398393226215081,0
0,2,18.45,245.98,9,66,1,1,36,3,1,2843,107,54.0,0.18,299.98,0.08,1,299.98,245.98,18.45,10,856,1,21,299.98,2,0.5,299.98,0.0615041002733515,0
0,2,11.64,155.16,38,66,1,1,36,6,1,2843,107,4.8,0.03,39.99,0.08,4,159.96,155.16,11.64,10,856,1,102,39.99,2,2.0,159.96,0.072768192048012,0
3,2,70.0,199.99,46,66,1,1,36,3,2,3141,102,0.0,0.0,199.99,0.35,1,199.99,199.99,70.0,3,825,7,70,199.99,2,0.5,199.99,0.3500175008750437,0
0,2,45.04,128.69,34,352,0,0,42,0,1,1094,53,1.3,0.01,129.99,0.35,1,129.99,128.69,45.04,22,462,1,56,129.99,2,0.5,129.99,0.3464881913993384,0
0,2,-27.31,47.5,47,352,0,0,42,6,1,1094,53,2.5,0.05,50.0,-0.58,1,50.0,47.5,-27.31,22,462,1,59,50.0,2,0.5,50.0,-0.5462,0
0,2,39.16,107.89,34,352,0,0,42,0,2,1468,20,22.1,0.17,129.99,0.36,1,129.99,107.89,39.16,12,956,1,56,129.99,2,0.5,129.99,0.30125394261097,0
0,2,2.66,106.59,34,352,0,0,42,0,2,1468,20,23.4,0.18,129.99,0.03,1,129.99,106.59,2.66,12,956,1,56,129.99,2,0.5,129.99,0.020463112547119,0
0,2,37.89,104.38,12,352,0,0,42,0,2,1468,20,15.6,0.13,59.99,0.36,2,119.98,104.38,37.89,12,956,1,71,59.99,2,1.0,119.98,0.3158026337722954,0
0,2,31.42,116.37,38,352,0,0,42,6,1,1094,53,3.6,0.03,39.99,0.27,3,119.97,116.37,31.42,22,462,1,102,39.99,2,1.5,119.97,0.2618988080353422,0
0,2,85.12,197.95,38,352,0,0,42,6,1,1094,53,2.0,0.01,39.99,0.43,5,199.95,197.95,85.12,22,462,1,102,39.99,2,2.5,199.95,0.4257064266066517,0
0,2,87.4,189.99,46,352,0,0,42,3,1,1094,53,10.0,0.05,199.99,0.46,1,199.99,189.99,87.4,22,462,1,70,199.99,2,0.5,199.99,0.4370218510925546,0
0,2,81.97,163.93,30,352,0,0,42,3,2,1468,20,35.99,0.18,49.98,0.5,4,199.92,163.93,81.97,12,956,1,67,49.98,2,2.0,199.92,0.4100140056022409,0
1,2,-10.85,49.98,30,352,0,0,42,3,2,428,33,0.0,0.0,49.98,-0.22,1,49.98,49.98,-10.85,12,143,2,67,49.98,2,0.5,49.98,-0.2170868347338935,0
0,2,22.56,47.99,12,369,0,0,19,0,3,3512,70,12.0,0.2,59.99,0.47,1,59.99,47.99,22.56,15,1056,1,71,59.99,2,0.5,59.99,0.3760626771128521,0
0,2,15.21,44.99,12,369,0,0,19,0,3,3512,70,15.0,0.25,59.99,0.34,1,59.99,44.99,15.21,15,1056,1,71,59.99,2,0.5,59.99,0.2535422570428405,0
0,2,14.25,37.99,38,369,0,0,19,6,3,3512,70,2.0,0.05,39.99,0.38,1,39.99,37.99,14.25,15,1056,1,102,39.99,2,0.5,39.99,0.3563390847711928,0
0,2,63.7,129.99,34,369,0,0,19,0,4,758,48,0.0,0.0,129.99,0.49,1,129.99,129.99,63.7,21,249,1,56,129.99,2,0.5,129.99,0.4900376952073236,0
0,2,24.99,50.99,12,369,0,0,19,0,4,758,48,9.0,0.15,59.99,0.49,1,59.99,50.99,24.99,21,249,1,71,59.99,2,0.5,59.99,0.4165694282380396,0
0,2,66.15,236.25,47,369,0,0,19,6,4,758,48,13.75,0.06,50.0,0.28,5,250.0,236.25,66.15,21,249,1,59,50.0,2,2.5,250.0,0.2646,0
0,4,-22.31,127.5,47,369,0,0,19,6,3,3512,70,22.5,0.15,50.0,-0.18,3,150.0,127.5,-22.31,15,1056,1,59,50.0,3,0.75,150.0,-0.1487333333333333,0
0,4,53.2,190.0,47,369,0,0,19,6,3,3512,70,10.0,0.05,50.0,0.28,4,200.0,190.0,53.2,15,1056,1,59,50.0,3,1.0,200.0,0.266,0
0,4,-423.23,248.96,12,369,0,0,19,0,3,3512,70,50.99,0.17,59.99,-1.7,5,299.95,248.96,-423.23,15,1056,1,71,59.99,3,1.25,299.95,-1.4110018336389398,0
0,2,53.76,191.99,46,369,0,0,19,3,4,758,48,8.0,0.04,199.99,0.28,1,199.99,191.99,53.76,21,249,1,70,199.99,2,0.5,199.99,0.2688134406720335,0
0,4,60.14,193.99,46,369,0,0,19,3,3,3512,70,6.0,0.03,199.99,0.31,1,199.99,193.99,60.14,15,1056,1,70,199.99,3,0.25,199.99,0.3007150357517876,0
3,4,-9.5,47.5,47,369,0,0,19,6,2,2308,38,2.5,0.05,50.0,-0.2,1,50.0,47.5,-9.5,1,463,7,59,50.0,3,0.25,50.0,-0.19,0
0,2,11.62,46.48,30,369,0,0,19,3,4,758,48,3.5,0.07,49.98,0.25,1,49.98,46.48,11.62,21,249,1,67,49.98,2,0.5,49.98,0.2324929971988795,0
0,4,-47.14,173.93,30,369,0,0,19,3,3,3512,70,25.99,0.13,49.98,-0.27,4,199.92,173.93,-47.14,15,1056,1,67,49.98,3,1.0,199.92,-0.2357943177270908,0
3,4,80.63,287.98,9,369,0,0,19,3,2,3314,20,12.0,0.04,299.98,0.28,1,299.98,287.98,80.63,12,369,7,21,299.98,3,0.25,299.98,0.2687845856390425,0
3,2,120.11,363.98,18,369,0,0,19,3,3,3476,8,36.0,0.09,399.98,0.33,1,399.98,363.98,120.11,11,739,7,24,399.98,2,0.5,399.98,0.300290014500725,0
3,4,-213.29,96.95,24,66,1,0,36,8,3,2289,26,3.0,0.03,19.99,-2.2,5,99.95,96.95,-213.29,15,728,7,33,19.99,3,1.25,99.95,-2.133966983491746,0
3,4,32.4,120.0,28,66,1,0,36,4,1,3221,53,5.0,0.04,25.0,0.27,5,125.0,120.0,32.4,22,571,7,65,25.0,3,1.25,125.0,0.2592,0
2,0,68.25,181.99,46,66,1,0,36,3,3,2166,71,18.0,0.09,199.99,0.38,1,199.99,181.99,68.25,20,750,6,70,199.99,1,0.0,199.99,0.3412670633531676,1
3,4,58.5,179.99,46,66,1,0,36,3,1,3221,53,20.0,0.1,199.99,0.33,1,199.99,179.99,58.5,22,571,7,70,199.99,3,0.25,199.99,0.2925146257312865,0
2,0,11.76,117.58,12,66,1,0,36,0,3,2166,71,2.4,0.02,59.99,0.1,2,119.98,117.58,11.76,20,750,6,71,59.99,1,0.0,119.98,0.0980163360560093,1
2,0,7.8,83.0,47,66,1,0,36,6,3,2166,71,17.0,0.17,50.0,0.09,2,100.0,83.0,7.8,20,750,6,59,50.0,1,0.0,100.0,0.078,1
2,0,129.59,269.97,10,66,1,0,36,5,3,2166,71,30.0,0.1,99.99,0.48,3,299.97,269.97,129.59,20,750,6,61,99.99,1,0.0,299.97,0.4320098676534319,1
3,4,22.76,49.48,30,66,1,0,36,3,3,2289,26,0.5,0.01,49.98,0.46,1,49.98,49.48,22.76,15,728,7,67,49.98,3,0.25,49.98,0.4553821528611445,0
3,4,-5.49,391.98,18,66,1,0,36,3,2,2835,42,8.0,0.02,399.98,-0.01,1,399.98,391.98,-5.49,3,883,7,24,399.98,3,0.25,399.98,-0.0137256862843142,0
2,0,36.0,359.98,18,66,1,0,36,3,3,2166,71,40.0,0.1,399.98,0.1,1,399.98,359.98,36.0,20,750,6,24,399.98,1,0.0,399.98,0.0900045002250112,1
3,4,5.34,47.25,47,66,1,0,36,6,1,3221,53,2.75,0.06,50.0,0.11,1,50.0,47.25,5.34,22,571,7,59,50.0,3,0.25,50.0,0.1067999999999999,0
3,4,1.01,33.59,21,66,1,0,36,6,1,3221,53,6.4,0.16,39.99,0.03,1,39.99,33.59,1.01,22,571,7,82,39.99,3,0.25,39.99,0.0252563140785196,0
3,4,-9.99,54.59,12,66,1,0,36,0,3,3020,69,5.4,0.09,59.99,-0.18,1,59.99,54.59,-9.99,13,1020,7,71,59.99,3,0.25,59.99,-0.1665277546257709,0
3,4,47.77,97.49,34,66,1,0,36,0,3,3020,69,32.5,0.25,129.99,0.49,1,129.99,97.49,47.77,13,1020,7,56,129.99,3,0.25,129.99,0.3674898069082237,0
3,4,-247.48,299.98,9,66,1,0,36,3,3,3020,69,0.0,0.0,299.98,-0.83,1,299.98,299.98,-247.48,13,1020,7,21,299.98,3,0.25,299.98,-0.8249883325555036,0
3,4,57.59,119.97,38,66,1,0,36,6,3,3020,69,0.0,0.0,39.99,0.48,3,119.97,119.97,57.59,13,1020,7,102,39.99,3,0.75,119.97,0.4800366758356256,0
3,4,-172.77,215.96,12,66,1,0,36,0,1,3221,53,24.0,0.1,59.99,-0.8,4,239.96,215.96,-172.77,22,571,7,71,59.99,3,1.0,239.96,-0.7199949991665278,0
1,4,174.36,464.95,1,282,0,0,5,5,1,3477,120,35.0,0.07,99.99,0.38,5,499.95,464.95,174.36,10,454,2,62,99.99,3,1.25,499.95,0.3487548754875488,0
0,1,-6.17,123.49,34,282,0,0,5,0,3,2402,69,6.5,0.05,129.99,-0.05,1,129.99,123.49,-6.17,13,127,1,56,129.99,0,1.0,129.99,-0.0474651896299715,1
0,1,28.8,383.98,18,282,0,0,5,3,3,2402,69,16.0,0.04,399.98,0.08,1,399.98,383.98,28.8,13,127,1,24,399.98,0,1.0,399.98,0.072003600180009,1
0,1,12.64,53.1,17,282,0,0,5,5,3,2402,69,10.88,0.17,31.99,0.24,2,63.98,53.1,12.64,13,127,1,108,31.99,0,2.0,63.98,0.1975617380431385,1
1,4,46.89,414.96,10,282,0,0,5,5,3,3275,69,84.99,0.17,99.99,0.11,5,499.95,414.96,46.89,13,610,3,61,99.99,3,1.25,499.95,0.0937893789378938,0
1,4,155.78,409.96,10,282,0,0,5,5,3,3275,69,89.99,0.18,99.99,0.38,5,499.95,409.96,155.78,13,610,3,61,99.99,3,1.25,499.95,0.3115911591159116,0
2,4,9.75,97.49,34,282,0,0,5,0,1,2776,129,32.5,0.25,129.99,0.1,1,129.99,97.49,9.75,8,116,6,56,129.99,3,0.25,129.99,0.0750057696745903,0
0,1,4.84,241.8,26,282,0,0,5,8,3,2402,69,18.2,0.07,65.0,0.02,4,260.0,241.8,4.84,13,127,1,44,65.0,0,4.0,260.0,0.0186153846153846,1
2,4,81.17,245.98,9,282,0,0,5,3,1,2776,129,54.0,0.18,299.98,0.33,1,299.98,245.98,81.17,8,116,6,21,299.98,3,0.25,299.98,0.2705847056470431,0
2,4,32.8,113.09,34,282,0,0,5,0,2,2484,38,16.9,0.13,129.99,0.29,1,129.99,113.09,32.8,1,805,6,56,129.99,3,0.25,129.99,0.2523271020847757,0
2,4,15.66,34.79,38,282,0,0,5,6,2,2484,38,5.2,0.13,39.99,0.45,1,39.99,34.79,15.66,1,805,6,102,39.99,3,0.25,39.99,0.3915978994748687,0
0,1,-307.98,175.99,46,282,0,0,5,3,3,2402,69,24.0,0.12,199.99,-1.75,1,199.99,175.99,-307.98,13,127,1,70,199.99,0,1.0,199.99,-1.5399769988499423,1
3,2,17.11,91.0,47,282,0,0,5,6,2,1344,102,9.0,0.09,50.0,0.19,2,100.0,91.0,17.11,3,937,7,59,50.0,2,1.0,100.0,0.1711,0
3,2,28.16,351.96,10,282,0,0,5,5,4,2568,48,48.0,0.12,99.99,0.08,4,399.96,351.96,28.16,6,848,5,61,99.99,2,2.0,399.96,0.0704070407040704,0
3,2,174.59,387.98,18,282,0,0,5,3,2,1344,102,12.0,0.03,399.98,0.45,1,399.98,387.98,174.59,3,937,7,24,399.98,2,0.5,399.98,0.436496824841242,0
3,2,-199.67,383.98,18,282,0,0,5,3,2,1344,102,16.0,0.04,399.98,-0.52,1,399.98,383.98,-199.67,3,937,7,24,399.98,2,0.5,399.98,-0.4991999599979998,0
2,4,116.19,331.98,18,282,0,0,5,3,2,2484,38,68.0,0.17,399.98,0.35,1,399.98,331.98,116.19,1,805,6,24,399.98,3,0.25,399.98,0.2904895244762238,0
3,2,122.99,327.98,18,282,0,0,5,3,4,2568,48,72.0,0.18,399.98,0.38,1,399.98,327.98,122.99,6,848,5,24,399.98,2,0.5,399.98,0.3074903745187259,0
2,2,69.6,239.98,9,59,0,0,31,3,2,1475,102,60.0,0.2,299.98,0.29,1,299.98,239.98,69.6,3,700,6,21,299.98,2,0.5,299.98,0.2320154676978464,0
2,2,242.48,484.95,10,59,0,0,31,5,2,1475,102,15.0,0.03,99.99,0.5,5,499.95,484.95,242.48,3,700,6,61,99.99,2,2.5,499.95,0.485008500850085,0
2,4,53.94,185.99,46,59,0,0,31,3,3,3559,73,14.0,0.07,199.99,0.29,1,199.99,185.99,53.94,13,1074,6,70,199.99,3,0.25,199.99,0.2697134856742837,0
2,4,23.61,49.19,12,59,0,0,31,0,3,3559,73,10.8,0.18,59.99,0.48,1,59.99,49.19,23.61,13,1074,6,71,59.99,3,0.25,59.99,0.3935655942657109,0
2,4,5.41,18.03,44,59,0,0,31,8,3,3559,73,3.96,0.18,21.99,0.3,1,21.99,18.03,5.41,13,1074,6,34,21.99,3,0.25,21.99,0.2460209185993633,0
2,2,20.39,42.48,30,59,0,0,31,3,2,1475,102,7.5,0.15,49.98,0.48,1,49.98,42.48,20.39,3,700,6,67,49.98,2,0.5,49.98,0.4079631852741097,0
2,4,53.86,284.95,12,59,0,0,31,0,3,3559,73,15.0,0.05,59.99,0.19,5,299.95,284.95,53.86,13,1074,6,71,59.99,3,1.25,299.95,0.1795632605434239,0
2,4,20.49,49.98,30,59,0,0,31,3,3,3559,73,0.0,0.0,49.98,0.41,1,49.98,49.98,20.49,13,1074,6,67,49.98,3,0.25,49.98,0.4099639855942377,0
3,0,174.79,379.98,18,59,0,0,31,3,1,1067,75,20.0,0.05,399.98,0.46,1,399.98,379.98,174.79,17,1001,7,24,399.98,1,0.0,399.98,0.4369968498424921,1
0,2,59.43,204.92,30,59,0,0,31,3,3,1961,8,44.98,0.18,49.98,0.29,5,249.9,204.92,59.43,11,87,1,67,49.98,2,2.5,249.9,0.2378151260504201,0
2,2,95.0,379.98,18,59,0,0,31,3,2,1475,102,20.0,0.05,399.98,0.25,1,399.98,379.98,95.0,3,700,6,24,399.98,2,0.5,399.98,0.2375118755937796,0
2,2,124.73,377.98,18,59,0,0,31,3,2,1475,102,22.0,0.06,399.98,0.33,1,399.98,377.98,124.73,3,700,6,24,399.98,2,0.5,399.98,0.3118405920296014,0
2,1,26.97,86.99,10,134,0,0,11,5,2,3076,20,13.0,0.13,99.99,0.31,1,99.99,86.99,26.97,12,631,6,61,99.99,0,1.0,99.99,0.2697269726972697,1
2,1,10.29,39.59,38,134,0,0,11,6,2,3076,20,0.4,0.01,39.99,0.26,1,39.99,39.59,10.29,12,631,6,102,39.99,0,1.0,39.99,0.2573143285821455,1
2,1,85.04,283.48,9,134,0,0,11,3,2,3076,20,16.5,0.06,299.98,0.3,1,299.98,283.48,85.04,12,631,6,21,299.98,0,1.0,299.98,0.2834855657043802,1
0,4,31.45,85.0,47,134,0,0,11,6,2,1811,102,15.0,0.15,50.0,0.37,2,100.0,85.0,31.45,3,385,1,59,50.0,3,0.5,100.0,0.3145,0
2,2,75.59,269.97,10,134,0,0,11,5,3,2421,51,30.0,0.1,99.99,0.28,3,299.97,269.97,75.59,15,196,6,61,99.99,2,1.5,299.97,0.251991865853252,0
0,4,39.54,116.99,22,134,0,0,11,8,2,1811,102,13.0,0.1,129.99,0.34,1,129.99,116.99,39.54,3,385,1,85,129.99,3,0.25,129.99,0.3041772444034156,0
0,4,50.95,195.98,35,134,0,0,11,8,2,1811,102,4.0,0.02,99.99,0.26,2,199.98,195.98,50.95,3,385,1,50,99.99,3,0.5,199.98,0.2547754775477548,0
1,4,72.0,149.99,46,134,0,0,11,3,2,1959,20,50.0,0.25,199.99,0.48,1,199.99,149.99,72.0,12,31,2,70,199.99,3,0.25,199.99,0.360018000900045,0
1,2,55.25,169.99,46,134,0,0,11,3,4,2803,48,30.0,0.15,199.99,0.33,1,199.99,169.99,55.25,21,188,2,70,199.99,2,0.5,199.99,0.2762638131906595,0
1,4,8.19,109.19,34,134,0,0,11,0,0,1637,123,20.8,0.16,129.99,0.08,1,129.99,109.19,8.19,2,542,2,56,129.99,3,0.25,129.99,0.0630048465266558,0
1,4,55.41,113.09,34,134,0,0,11,0,2,1959,20,16.9,0.13,129.99,0.49,1,129.99,113.09,55.41,12,31,2,56,129.99,3,0.25,129.99,0.4262635587352872,0
1,4,17.46,58.19,12,134,0,0,11,0,3,3069,8,1.8,0.03,59.99,0.3,1,59.99,58.19,17.46,11,739,2,71,59.99,3,0.25,59.99,0.2910485080846808,0
0,4,34.4,92.96,30,134,0,0,11,3,2,1811,102,7.0,0.07,49.98,0.37,2,99.96,92.96,34.4,3,385,1,67,49.98,3,0.5,99.96,0.3441376550620248,0
0,4,66.04,181.93,30,134,0,0,11,3,2,1811,102,17.99,0.09,49.98,0.36,4,199.92,181.93,66.04,3,385,1,67,49.98,3,1.0,199.92,0.3303321328531413,0
1,4,55.24,169.98,10,134,0,0,11,5,3,3069,8,30.0,0.15,99.99,0.33,2,199.98,169.98,55.24,11,739,2,61,99.99,3,0.5,199.98,0.2762276227622762,0
1,4,-177.43,272.97,10,134,0,0,11,5,3,3069,8,27.0,0.09,99.99,-0.65,3,299.97,272.97,-177.43,11,739,2,61,99.99,3,0.75,299.97,-0.5914924825815915,0
1,4,-23.75,190.0,47,134,0,0,11,6,2,1959,20,10.0,0.05,50.0,-0.13,4,200.0,190.0,-23.75,12,31,2,59,50.0,3,1.0,200.0,-0.11875,0
1,4,77.44,351.98,18,134,0,0,11,3,2,1959,20,48.0,0.12,399.98,0.22,1,399.98,351.98,77.44,12,31,2,24,399.98,3,0.25,399.98,0.1936096804840242,0
1,2,-74.42,111.58,12,66,1,1,36,0,1,2140,53,8.4,0.07,59.99,-0.67,2,119.98,111.58,-74.42,22,462,2,71,59.99,2,1.0,119.98,-0.6202700450075013,0
3,4,-303.78,195.99,46,66,1,1,36,3,3,1405,69,4.0,0.02,199.99,-1.55,1,199.99,195.99,-303.78,13,978,5,70,199.99,3,0.25,199.99,-1.5189759487974397,0
3,4,-44.13,126.09,34,66,1,1,36,0,3,1405,69,3.9,0.03,129.99,-0.35,1,129.99,126.09,-44.13,13,978,5,56,129.99,3,0.25,129.99,-0.3394876528963766,0
3,4,47.89,141.69,30,66,1,1,36,3,3,1405,69,8.25,0.06,49.98,0.34,3,149.94,141.69,47.89,13,978,5,67,49.98,3,0.75,149.94,0.3193944244364412,0
3,4,39.3,151.15,17,66,1,1,36,8,3,1405,69,8.8,0.06,31.99,0.26,5,159.95,151.15,39.3,13,978,5,7,31.99,3,1.25,159.95,0.2457017818068146,0
3,4,125.73,371.98,18,66,1,1,36,3,3,1405,69,28.0,0.07,399.98,0.34,1,399.98,371.98,125.73,13,978,5,24,399.98,3,0.25,399.98,0.3143407170358518,0
2,1,20.25,55.79,12,338,0,1,5,0,2,1427,42,4.2,0.07,59.99,0.36,1,59.99,55.79,20.25,3,883,6,71,59.99,0,1.0,59.99,0.3375562593765627,1
2,2,17.22,59.39,12,338,0,1,5,0,3,2617,69,0.6,0.01,59.99,0.29,1,59.99,59.39,17.22,13,222,6,71,59.99,2,0.5,59.99,0.2870478413068844,0
2,2,12.0,159.98,10,338,0,1,5,5,3,2617,69,40.0,0.2,99.99,0.08,2,199.98,159.98,12.0,13,222,6,61,99.99,2,1.0,199.98,0.06000600060006,0
2,2,27.28,167.37,12,338,0,1,5,0,3,2617,69,12.6,0.07,59.99,0.16,3,179.97,167.37,27.28,13,222,6,71,59.99,2,1.5,179.97,0.1515808190253931,0
2,2,4.18,47.48,25,338,0,1,5,8,3,2617,69,2.5,0.05,24.99,0.09,2,49.98,47.48,4.18,13,222,6,2,24.99,2,1.0,49.98,0.0836334533813525,0
2,4,13.65,109.19,34,338,0,1,5,0,1,1872,47,20.8,0.16,129.99,0.13,1,129.99,109.19,13.65,17,695,6,56,129.99,3,0.25,129.99,0.1050080775444265,0
2,4,2.36,37.5,47,338,0,1,5,6,1,1872,47,12.5,0.25,50.0,0.06,1,50.0,37.5,2.36,17,695,6,59,50.0,3,0.25,50.0,0.0472,0
2,4,12.0,239.98,9,338,0,1,5,3,1,1872,47,60.0,0.2,299.98,0.05,1,299.98,239.98,12.0,17,695,6,21,299.98,3,0.25,299.98,0.0400026668444562,0
2,4,-152.88,196.0,47,338,0,1,5,6,1,1872,47,4.0,0.02,50.0,-0.78,4,200.0,196.0,-152.88,17,695,6,59,50.0,3,1.0,200.0,-0.7644,0
1,4,37.05,97.49,34,338,0,1,5,0,1,213,2,32.5,0.25,129.99,0.38,1,129.99,97.49,37.05,22,123,3,56,129.99,3,0.25,129.99,0.2850219247634433,0
1,4,73.71,283.48,9,338,0,1,5,3,1,213,2,16.5,0.06,299.98,0.26,1,299.98,283.48,73.71,22,123,3,21,299.98,3,0.25,299.98,0.2457163810920727,0
1,4,47.43,278.98,9,338,0,1,5,3,1,213,2,21.0,0.07,299.98,0.17,1,299.98,278.98,47.43,22,123,3,21,299.98,3,0.25,299.98,0.1581105407027135,0
1,4,152.71,331.98,18,338,0,1,5,3,1,213,2,68.0,0.17,399.98,0.46,1,399.98,331.98,152.71,22,123,3,24,399.98,3,0.25,399.98,0.3817940897044852,0
1,4,-247.49,149.99,46,338,0,1,5,3,2,2604,59,50.0,0.25,199.99,-1.65,1,199.99,149.99,-247.49,3,837,2,70,199.99,3,0.25,199.99,-1.2375118755937795,0
2,4,109.11,290.95,12,338,0,1,5,0,1,1872,47,9.0,0.03,59.99,0.38,5,299.95,290.95,109.11,17,695,6,71,59.99,3,1.25,299.95,0.3637606267711285,0
3,1,5.2,103.99,34,338,0,1,5,0,2,1547,102,26.0,0.2,129.99,0.05,1,129.99,103.99,5.2,3,225,7,56,129.99,0,1.0,129.99,0.0400030771597815,1
0,4,42.47,128.69,34,126,0,0,6,0,3,2619,11,1.3,0.01,129.99,0.33,1,129.99,128.69,42.47,13,842,1,56,129.99,3,0.25,129.99,0.3267174398030617,0
0,4,142.57,290.95,12,126,0,0,6,0,3,2619,11,9.0,0.03,59.99,0.49,5,299.95,290.95,142.57,13,842,1,71,59.99,3,1.25,299.95,0.4753125520920153,0
1,4,26.73,98.99,10,126,0,0,6,5,2,507,6,1.0,0.01,99.99,0.27,1,99.99,98.99,26.73,12,165,2,61,99.99,3,0.25,99.99,0.2673267326732673,0
1,4,15.0,50.0,47,126,0,0,6,6,2,507,6,0.0,0.0,50.0,0.3,1,50.0,50.0,15.0,12,165,2,59,50.0,3,0.25,50.0,0.3,0
1,4,19.8,263.98,9,126,0,0,6,3,2,507,6,36.0,0.12,299.98,0.08,1,299.98,263.98,19.8,12,165,2,21,299.98,3,0.25,299.98,0.0660044002933528,0
1,4,-8.31,116.99,34,126,0,0,6,0,4,2796,48,13.0,0.1,129.99,-0.07,1,129.99,116.99,-8.31,18,986,2,56,129.99,3,0.25,129.99,-0.0639279944611123,0
1,4,77.75,287.98,9,126,0,0,6,3,4,2796,48,12.0,0.04,299.98,0.27,1,299.98,287.98,77.75,18,986,2,21,299.98,3,0.25,299.98,0.2591839455963731,0
1,4,52.58,167.98,10,126,0,0,6,5,2,507,6,32.0,0.16,99.99,0.31,2,199.98,167.98,52.58,12,165,2,61,99.99,3,0.5,199.98,0.2629262926292629,0
2,4,63.75,212.5,47,126,0,0,6,6,1,2322,39,37.5,0.15,50.0,0.3,5,250.0,212.5,63.75,10,289,6,59,50.0,3,1.25,250.0,0.255,0
3,4,7.2,359.98,18,126,0,0,6,3,1,402,120,40.0,0.1,399.98,0.02,1,399.98,359.98,7.2,10,454,5,24,399.98,3,0.25,399.98,0.0180009000450022,0
3,4,161.91,351.98,18,126,0,0,6,3,1,402,120,48.0,0.12,399.98,0.46,1,399.98,351.98,161.91,10,454,5,24,399.98,3,0.25,399.98,0.404795239761988,0
1,4,-116.59,68.58,19,126,0,0,6,5,4,2796,48,1.4,0.02,34.99,-1.7,2,69.98,68.58,-116.59,18,986,2,103,34.99,3,0.5,69.98,-1.6660474421263218,0
1,4,54.6,168.0,47,126,0,0,6,6,4,2796,48,32.0,0.16,50.0,0.33,4,200.0,168.0,54.6,18,986,2,59,50.0,3,1.0,200.0,0.273,0
3,4,8.8,87.96,30,126,0,0,6,3,1,402,120,12.0,0.12,49.98,0.1,2,99.96,87.96,8.8,10,454,5,67,49.98,3,0.5,99.96,0.0880352140856342,0
1,4,-65.47,351.98,18,126,0,0,6,3,4,2796,48,48.0,0.12,399.98,-0.19,1,399.98,351.98,-65.47,18,986,2,24,399.98,3,0.25,399.98,-0.1636831841592079,0
1,1,18.14,49.98,25,175,0,0,31,8,1,617,75,0.0,0.0,24.99,0.36,2,49.98,49.98,18.14,17,921,2,2,24.99,0,2.0,49.98,0.3629451780712285,1
1,1,16.54,35.19,38,175,0,0,31,6,1,617,75,4.8,0.12,39.99,0.47,1,39.99,35.19,16.54,17,921,2,102,39.99,0,1.0,39.99,0.4136034008502125,1
1,1,14.7,293.97,10,175,0,0,31,5,1,617,75,6.0,0.02,99.99,0.05,3,299.97,293.97,14.7,17,921,2,61,99.99,0,3.0,299.97,0.049004900490049,1
1,0,51.93,110.49,34,175,0,0,31,0,4,760,48,19.5,0.15,129.99,0.47,1,129.99,110.49,51.93,6,757,3,56,129.99,1,0.0,129.99,0.3994922686360489,1
1,0,142.49,284.98,9,175,0,0,31,3,4,760,48,15.0,0.05,299.98,0.5,1,299.98,284.98,142.49,6,757,3,21,299.98,1,0.0,299.98,0.4749983332222148,1
1,1,70.42,193.99,46,175,0,0,31,3,1,617,75,6.0,0.03,199.99,0.36,1,199.99,193.99,70.42,17,921,2,70,199.99,0,1.0,199.99,0.352117605880294,1
1,2,-85.84,128.69,34,175,0,0,31,0,2,1201,105,1.3,0.01,129.99,-0.67,1,129.99,128.69,-85.84,3,378,2,56,129.99,2,0.5,129.99,-0.6603584891145472,0
1,2,26.72,55.66,17,175,0,0,31,5,2,1201,105,8.32,0.13,31.99,0.48,2,63.98,55.66,26.72,3,378,2,108,31.99,2,1.0,63.98,0.4176305095342295,0
1,2,69.68,211.16,12,175,0,0,31,0,2,1201,105,28.8,0.12,59.99,0.33,4,239.96,211.16,69.68,3,378,2,71,59.99,2,2.0,239.96,0.2903817302883814,0
1,0,67.2,159.99,46,175,0,0,31,3,4,760,48,40.0,0.2,199.99,0.42,1,199.99,159.99,67.2,6,757,3,70,199.99,1,0.0,199.99,0.336016800840042,1
1,2,27.0,269.96,12,175,0,0,31,0,2,1201,105,30.0,0.1,59.99,0.1,5,299.95,269.96,27.0,3,378,2,71,59.99,2,2.5,299.95,0.0900150025004167,0
3,1,36.4,103.99,34,175,0,0,31,0,1,2982,21,26.0,0.2,129.99,0.35,1,129.99,103.99,36.4,8,935,7,56,129.99,0,1.0,129.99,0.2800215401184706,1
3,1,4.75,53.97,24,175,0,0,31,8,1,2982,21,0.0,0.0,17.99,0.09,3,53.97,53.97,4.75,8,935,7,40,17.99,0,3.0,53.97,0.088011858439874,1
3,1,-288.0,192.0,47,175,0,0,31,6,1,2982,21,8.0,0.04,50.0,-1.5,4,200.0,192.0,-288.0,8,935,7,59,50.0,0,4.0,200.0,-1.44,1
3,1,58.09,165.96,38,175,0,0,31,6,1,2982,21,33.99,0.17,39.99,0.35,5,199.95,165.96,58.09,8,935,7,102,39.99,0,5.0,199.95,0.2905226306576644,1
3,4,-30.0,120.0,47,175,0,0,31,6,0,2206,80,30.0,0.2,50.0,-0.25,3,150.0,120.0,-30.0,5,703,7,59,50.0,3,0.75,150.0,-0.2,0
3,4,-88.54,379.98,18,175,0,0,31,3,0,2206,80,20.0,0.05,399.98,-0.23,1,399.98,379.98,-88.54,5,703,7,24,399.98,3,0.25,399.98,-0.2213610680534026,0
3,1,-38.31,371.98,18,175,0,0,31,3,1,2982,21,28.0,0.07,399.98,-0.1,1,399.98,371.98,-38.31,8,935,7,24,399.98,0,1.0,399.98,-0.0957797889894494,1
1,0,110.49,339.98,18,175,0,0,31,3,4,760,48,60.0,0.15,399.98,0.33,1,399.98,339.98,110.49,6,757,3,24,399.98,1,0.0,399.98,0.276238811940597,1
2,2,-215.48,293.97,10,66,1,2,36,5,4,2315,48,6.0,0.02,99.99,-0.73,3,299.97,293.97,-215.48,21,188,6,61,99.99,2,1.5,299.97,-0.7183385005167182,0
2,2,60.18,207.5,47,66,1,2,36,6,4,2315,48,42.5,0.17,50.0,0.29,5,250.0,207.5,60.18,21,188,6,59,50.0,2,2.5,250.0,0.24072,0
2,2,16.01,114.39,34,66,1,2,36,0,4,2315,48,15.6,0.12,129.99,0.14,1,129.99,114.39,16.01,21,188,6,56,129.99,2,0.5,129.99,0.1231633202554042,0
1,1,-120.05,163.77,12,488,0,0,32,0,1,920,2,16.2,0.09,59.99,-0.73,3,179.97,163.77,-120.05,22,846,2,71,59.99,0,3.0,179.97,-0.6670556203811746,1
1,1,-109.96,132.0,47,488,0,0,32,6,1,920,2,18.0,0.12,50.0,-0.83,3,150.0,132.0,-109.96,22,846,2,59,50.0,0,3.0,150.0,-0.7330666666666666,1
1,1,113.39,419.96,10,488,0,0,32,5,1,920,2,79.99,0.16,99.99,0.27,5,499.95,419.96,113.39,22,846,2,61,99.99,0,5.0,499.95,0.2268026802680268,1
1,1,81.12,240.0,47,488,0,0,32,6,1,920,2,10.0,0.04,50.0,0.34,5,250.0,240.0,81.12,22,846,2,59,50.0,0,5.0,250.0,0.32448,1
3,4,54.88,195.99,46,488,0,0,32,3,2,2990,102,4.0,0.02,199.99,0.28,1,199.99,195.99,54.88,3,880,5,70,199.99,3,0.25,199.99,0.2744137206860343,0
1,4,12.61,48.5,47,488,0,0,32,6,2,2998,42,1.5,0.03,50.0,0.26,1,50.0,48.5,12.61,3,938,3,59,50.0,3,0.25,50.0,0.2522,0
1,4,180.31,391.98,18,488,0,0,32,3,2,2998,42,8.0,0.02,399.98,0.46,1,399.98,391.98,180.31,3,938,3,24,399.98,3,0.25,399.98,0.4507975398769938,0
3,4,41.09,141.69,30,488,0,0,32,3,3,24,152,8.25,0.06,49.98,0.29,3,149.94,141.69,41.09,20,6,7,67,49.98,3,0.75,149.94,0.2740429505135388,0
3,4,21.11,239.9,30,488,0,0,32,3,3,24,152,10.0,0.04,49.98,0.09,5,249.9,239.9,21.11,20,6,7,67,49.98,3,1.25,249.9,0.0844737895158063,0
3,4,41.74,143.94,30,488,0,0,32,3,2,2990,102,6.0,0.04,49.98,0.29,3,149.94,143.94,41.74,3,880,5,67,49.98,3,0.75,149.94,0.2783780178738162,0
1,1,105.59,351.98,18,488,0,0,32,3,1,920,2,48.0,0.12,399.98,0.3,1,399.98,351.98,105.59,22,846,2,24,399.98,0,1.0,399.98,0.2639881994099705,1
3,4,58.5,129.99,34,488,0,0,32,0,2,2990,102,0.0,0.0,129.99,0.45,1,129.99,129.99,58.5,3,880,5,56,129.99,3,0.25,129.99,0.4500346180475421,0
1,4,31.3,192.0,47,488,0,0,32,6,2,2998,42,8.0,0.04,50.0,0.16,4,200.0,192.0,31.3,3,938,3,59,50.0,3,1.0,200.0,0.1565,0
3,4,24.18,93.0,47,488,0,0,32,6,2,2990,102,7.0,0.07,50.0,0.26,2,100.0,93.0,24.18,3,880,5,59,50.0,3,0.5,100.0,0.2418,0
3,4,-307.18,383.98,18,488,0,0,32,3,3,24,152,16.0,0.04,399.98,-0.8,1,399.98,383.98,-307.18,20,6,7,24,399.98,3,0.25,399.98,-0.767988399419971,0
2,0,20.34,179.99,46,66,1,0,36,3,4,683,48,20.0,0.1,199.99,0.11,1,199.99,179.99,20.34,18,450,4,70,199.99,1,0.0,199.99,0.1017050852542627,1
2,0,15.49,175.99,46,66,1,0,36,3,4,683,48,24.0,0.12,199.99,0.09,1,199.99,175.99,15.49,18,450,4,70,199.99,1,0.0,199.99,0.0774538726936346,1
2,0,-45.27,247.4,30,66,1,0,36,3,4,683,48,2.5,0.01,49.98,-0.18,5,249.9,247.4,-45.27,18,450,4,67,49.98,1,0.0,249.9,-0.1811524609843937,1
3,1,9.84,163.99,46,66,1,0,36,3,1,2242,53,36.0,0.18,199.99,0.06,1,199.99,163.99,9.84,22,462,8,70,199.99,0,1.0,199.99,0.0492024601230061,1
0,4,-2.55,87.96,30,66,1,0,36,3,3,1845,8,12.0,0.12,49.98,-0.03,2,99.96,87.96,-2.55,11,739,1,67,49.98,3,0.5,99.96,-0.0255102040816326,0
3,1,0.0,97.49,34,66,1,0,36,0,1,2242,53,32.5,0.25,129.99,0.0,1,129.99,97.49,0.0,22,462,8,56,129.99,0,1.0,129.99,0.0,1
3,1,0.0,197.98,10,66,1,0,36,5,1,2242,53,2.0,0.01,99.99,0.0,2,199.98,197.98,0.0,22,462,8,61,99.99,0,2.0,199.98,0.0,1
3,1,21.88,75.98,38,66,1,0,36,6,1,2242,53,4.0,0.05,39.99,0.29,2,79.98,75.98,21.88,22,462,8,102,39.99,0,2.0,79.98,0.2735683920980244,1
1,1,31.5,89.99,10,449,0,0,5,5,2,143,42,10.0,0.1,99.99,0.35,1,99.99,89.99,31.5,3,883,2,61,99.99,0,1.0,99.99,0.315031503150315,1
1,1,-60.73,79.18,38,449,0,0,5,6,2,143,42,0.8,0.01,39.99,-0.77,2,79.98,79.18,-60.73,3,883,2,102,39.99,0,2.0,79.98,-0.7593148287071767,1
1,4,2.2,87.96,22,449,0,0,5,8,1,476,2,11.99,0.12,19.99,0.03,5,99.95,87.96,2.2,22,159,2,99,19.99,3,1.25,99.95,0.0220110055027513,0
1,4,48.0,191.99,46,449,0,0,5,3,2,1022,105,8.0,0.04,199.99,0.25,1,199.99,191.99,48.0,3,333,2,70,199.99,3,0.25,199.99,0.24001200060003,0
1,4,23.76,98.99,10,449,0,0,5,5,1,476,2,1.0,0.01,99.99,0.24,1,99.99,98.99,23.76,22,159,2,61,99.99,3,0.25,99.99,0.2376237623762376,0
1,4,0.0,49.79,12,449,0,0,5,0,1,476,2,10.2,0.17,59.99,0.0,1,59.99,49.79,0.0,22,159,2,71,59.99,3,0.25,59.99,0.0,0
1,4,12.61,48.5,47,449,0,0,5,6,1,476,2,1.5,0.03,50.0,0.26,1,50.0,48.5,12.61,22,159,2,59,50.0,3,0.25,50.0,0.2522,0
1,4,67.5,299.98,9,449,0,0,5,3,2,1022,105,0.0,0.0,299.98,0.23,1,299.98,299.98,67.5,3,333,2,21,299.98,3,0.25,299.98,0.2250150010000666,0
1,4,16.37,185.98,10,449,0,0,5,5,2,1022,105,14.0,0.07,99.99,0.09,2,199.98,185.98,16.37,3,333,2,61,99.99,3,0.5,199.98,0.0818581858185818,0
1,4,2.83,217.41,30,449,0,0,5,3,2,1022,105,32.49,0.13,49.98,0.01,5,249.9,217.41,2.83,3,333,2,67,49.98,3,1.25,249.9,0.0113245298119247,0
3,4,-200.1,272.98,9,449,0,0,5,3,3,488,8,27.0,0.09,299.98,-0.73,1,299.98,272.98,-200.1,11,835,7,21,299.98,3,0.25,299.98,-0.6670444696313087,0
3,4,0.0,117.58,12,449,0,0,5,0,3,488,8,2.4,0.02,59.99,0.0,2,119.98,117.58,0.0,11,835,7,71,59.99,3,0.5,119.98,0.0,0
1,4,9.45,125.95,30,449,0,0,5,3,1,476,2,23.99,0.16,49.98,0.08,3,149.94,125.95,9.45,22,159,2,67,49.98,3,0.75,149.94,0.0630252100840336,0
1,4,11.71,37.4,28,66,1,2,36,4,3,558,51,6.6,0.15,22.0,0.31,2,44.0,37.4,11.71,15,196,2,54,22.0,3,0.5,44.0,0.2661363636363636,0
1,4,19.14,43.5,28,66,1,2,36,4,3,558,51,6.5,0.13,25.0,0.44,2,50.0,43.5,19.14,15,196,2,65,25.0,3,0.5,50.0,0.3828,0
3,2,34.12,97.49,34,66,1,2,36,0,1,3349,9,32.5,0.25,129.99,0.35,1,129.99,97.49,34.12,22,1034,5,56,129.99,2,0.5,129.99,0.2624817293637971,0
3,2,137.19,391.96,10,66,1,2,36,5,2,2075,102,8.0,0.02,99.99,0.35,4,399.96,391.96,137.19,3,292,7,61,99.99,2,2.0,399.96,0.343009300930093,0
3,2,82.81,245.0,47,66,1,2,36,6,1,3349,9,5.0,0.02,50.0,0.34,5,250.0,245.0,82.81,22,1034,5,59,50.0,2,2.5,250.0,0.33124,0
0,4,57.4,163.99,46,66,1,2,36,3,2,2085,102,36.0,0.18,199.99,0.35,1,199.99,163.99,57.4,3,292,1,70,199.99,3,0.25,199.99,0.2870143507175358,0
0,4,36.74,74.97,30,66,1,2,36,3,2,2085,102,24.99,0.25,49.98,0.49,2,99.96,74.97,36.74,3,292,1,67,49.98,3,0.5,99.96,0.367547018807523,0
0,4,50.6,187.43,30,66,1,2,36,3,1,3580,154,62.48,0.25,49.98,0.27,5,249.9,187.43,50.6,8,1079,1,67,49.98,3,1.25,249.9,0.2024809923969588,0
0,4,67.17,191.92,30,66,1,2,36,3,2,2868,38,8.0,0.04,49.98,0.35,4,199.92,191.92,67.17,1,893,1,67,49.98,3,1.0,199.92,0.335984393757503,0
0,4,43.09,110.49,34,66,1,2,36,0,1,3580,154,19.5,0.15,129.99,0.39,1,129.99,110.49,43.09,8,1079,1,56,129.99,3,0.25,129.99,0.3314870374644203,0
0,4,30.98,98.99,10,66,1,2,36,5,2,2868,38,1.0,0.01,99.99,0.31,1,99.99,98.99,30.98,1,893,1,61,99.99,3,0.25,99.99,0.3098309830983098,0
0,4,127.49,254.98,9,66,1,2,36,3,2,2868,38,45.0,0.15,299.98,0.5,1,299.98,254.98,127.49,1,893,1,21,299.98,3,0.25,299.98,0.4249949996666444,0
0,4,38.42,339.98,18,66,1,2,36,3,2,2868,38,60.0,0.15,399.98,0.11,1,399.98,339.98,38.42,1,893,1,24,399.98,3,0.25,399.98,0.096054802740137,0
0,4,48.5,484.95,10,66,1,2,36,5,1,3580,154,15.0,0.03,99.99,0.1,5,499.95,484.95,48.5,8,1079,1,61,99.99,3,1.25,499.95,0.097009700970097,0
0,4,100.78,287.95,12,66,1,2,36,0,2,2868,38,12.0,0.04,59.99,0.35,5,299.95,287.95,100.78,1,893,1,71,59.99,3,1.25,299.95,0.3359893315552592,0
3,2,60.78,189.92,30,66,1,2,36,3,1,3349,9,10.0,0.05,49.98,0.32,4,199.92,189.92,60.78,22,1034,5,67,49.98,2,2.0,199.92,0.3040216086434574,0
1,4,19.53,55.79,12,66,1,2,36,0,3,2275,31,4.2,0.07,59.99,0.35,1,59.99,55.79,19.53,7,1078,2,71,59.99,3,0.25,59.99,0.3255542590431738,0
1,4,48.0,383.98,18,66,1,2,36,3,3,558,51,16.0,0.04,399.98,0.13,1,399.98,383.98,48.0,15,196,2,24,399.98,3,0.25,399.98,0.120006000300015,0
1,4,123.49,379.98,18,66,1,2,36,3,3,558,51,20.0,0.05,399.98,0.33,1,399.98,379.98,123.49,15,196,2,24,399.98,3,0.25,399.98,0.308740437021851,0
1,4,-67.2,96.0,47,66,1,2,36,6,3,558,51,4.0,0.04,50.0,-0.7,2,100.0,96.0,-67.2,15,196,2,59,50.0,3,0.5,100.0,-0.672,0
3,1,-173.24,247.49,28,88,0,1,15,4,1,1928,47,82.5,0.25,329.99,-0.7,1,329.99,247.49,-173.24,17,607,5,80,329.99,0,1.0,329.99,-0.5249856056244129,1
3,4,204.98,409.96,10,88,0,1,15,5,2,1877,102,89.99,0.18,99.99,0.5,5,499.95,409.96,204.98,3,926,5,61,99.99,3,1.25,499.95,0.41000100010001,0
1,1,61.15,127.39,34,88,0,1,15,0,1,2081,120,2.6,0.02,129.99,0.48,1,129.99,127.39,61.15,10,454,2,56,129.99,0,1.0,129.99,0.470420801600123,1
1,1,84.59,179.97,12,88,0,1,15,0,1,2081,120,59.99,0.25,59.99,0.47,4,239.96,179.97,84.59,10,454,2,71,59.99,0,4.0,239.96,0.3525170861810301,1
2,2,-24.96,124.79,34,88,0,1,15,0,1,3067,120,5.2,0.04,129.99,-0.2,1,129.99,124.79,-24.96,10,355,6,56,129.99,2,0.5,129.99,-0.1920147703669513,0
2,2,39.59,143.96,38,88,0,1,15,6,1,3067,120,16.0,0.1,39.99,0.28,4,159.96,143.96,39.59,10,355,6,102,39.99,2,2.0,159.96,0.2474993748437109,0
3,1,85.67,251.96,12,88,0,1,15,0,1,1928,47,47.99,0.16,59.99,0.34,5,299.95,251.96,85.67,17,607,5,71,59.99,0,5.0,299.95,0.2856142690448408,1
3,4,-15.36,122.84,34,88,0,1,15,0,2,1877,102,7.15,0.06,129.99,-0.13,1,129.99,122.84,-15.36,3,926,5,56,129.99,3,0.25,129.99,-0.1181629356104315,0
1,1,11.25,149.99,46,88,0,1,15,3,1,2081,120,50.0,0.25,199.99,0.08,1,199.99,149.99,11.25,10,454,2,70,199.99,0,1.0,199.99,0.056252812640632,1
3,4,112.48,299.95,12,434,0,1,11,0,1,3302,47,0.0,0.0,59.99,0.38,5,299.95,299.95,112.48,17,1022,5,71,59.99,3,1.25,299.95,0.3749958326387732,0
2,4,119.99,299.98,9,434,0,1,11,3,0,1981,109,0.0,0.0,299.98,0.4,1,299.98,299.98,119.99,19,629,6,21,299.98,3,0.25,299.98,0.3999933328888592,0
2,4,39.6,395.98,18,434,0,1,11,3,3,2967,133,4.0,0.01,399.98,0.1,1,399.98,395.98,39.6,15,928,6,24,399.98,3,0.25,399.98,0.0990049502475123,0
2,4,-69.1,254.98,9,434,0,1,11,3,3,2967,133,45.0,0.15,299.98,-0.27,1,299.98,254.98,-69.1,15,928,6,21,299.98,3,0.25,299.98,-0.2303486899126608,0
2,4,78.87,251.98,9,434,0,1,11,3,3,2967,133,48.0,0.16,299.98,0.31,1,299.98,251.98,78.87,15,928,6,21,299.98,3,0.25,299.98,0.262917527835189,0
2,4,7.92,90.0,47,434,0,1,11,6,3,2967,133,10.0,0.1,50.0,0.09,2,100.0,90.0,7.92,15,928,6,59,50.0,3,0.5,100.0,0.0791999999999999,0
2,4,11.8,199.98,10,434,0,1,11,5,4,1370,48,0.0,0.0,99.99,0.06,2,199.98,199.98,11.8,18,667,6,61,99.99,3,0.5,199.98,0.059005900590059,0
2,4,55.77,178.17,12,434,0,1,11,0,0,1981,109,1.8,0.01,59.99,0.31,3,179.97,178.17,55.77,19,629,6,71,59.99,3,0.75,179.97,0.3098849808301384,0
3,4,97.63,278.95,12,434,0,1,11,0,4,2900,48,21.0,0.07,59.99,0.35,5,299.95,278.95,97.63,21,1052,0,71,59.99,3,1.25,299.95,0.3254875812635439,0
2,4,103.93,296.95,12,434,0,1,11,0,0,1981,109,3.0,0.01,59.99,0.35,5,299.95,296.95,103.93,19,629,6,71,59.99,3,1.25,299.95,0.3464910818469745,0
3,0,24.81,141.75,47,434,0,1,11,6,3,1684,92,8.25,0.06,50.0,0.18,3,150.0,141.75,24.81,15,1004,5,59,50.0,1,0.0,150.0,0.1654,1
3,4,64.89,191.99,46,434,0,1,11,3,4,2900,48,8.0,0.04,199.99,0.34,1,199.99,191.99,64.89,21,1052,0,70,199.99,3,0.25,199.99,0.3244662233111655,0
3,4,9.12,54.59,12,434,0,1,11,0,4,2900,48,5.4,0.09,59.99,0.17,1,59.99,54.59,9.12,21,1052,0,71,59.99,3,0.25,59.99,0.1520253375562593,0
2,4,28.21,165.93,30,434,0,1,11,3,4,1370,48,33.99,0.17,49.98,0.17,4,199.92,165.93,28.21,18,667,6,67,49.98,3,1.0,199.92,0.1411064425770308,0
2,4,80.33,163.93,30,434,0,1,11,3,4,1370,48,35.99,0.18,49.98,0.49,4,199.92,163.93,80.33,18,667,6,67,49.98,3,1.0,199.92,0.4018107242897159,0
2,4,172.79,359.98,18,434,0,1,11,3,0,1981,109,40.0,0.1,399.98,0.48,1,399.98,359.98,172.79,19,629,6,24,399.98,3,0.25,399.98,0.4319965998299914,0
2,4,114.39,351.98,18,434,0,1,11,3,0,1981,109,48.0,0.12,399.98,0.33,1,399.98,351.98,114.39,19,629,6,24,399.98,3,0.25,399.98,0.2859892994649732,0
3,4,-66.5,379.98,18,434,0,1,11,3,4,2900,48,20.0,0.05,399.98,-0.18,1,399.98,379.98,-66.5,21,1052,0,24,399.98,3,0.25,399.98,-0.1662583129156457,0
2,2,68.78,163.77,12,66,1,2,36,0,1,960,120,16.2,0.09,59.99,0.42,3,179.97,163.77,68.78,10,454,6,71,59.99,2,1.5,179.97,0.3821748069122632,0
2,2,58.45,201.57,12,66,1,2,36,0,1,960,120,38.39,0.16,59.99,0.29,4,239.96,201.57,58.45,10,454,6,71,59.99,2,2.0,239.96,0.2435822637106184,0
1,1,20.02,114.39,22,66,1,2,36,8,1,2182,2,15.6,0.12,129.99,0.18,1,129.99,114.39,20.02,22,123,2,85,129.99,0,1.0,129.99,0.1540118470651588,1
3,4,12.3,163.99,46,66,1,2,36,3,2,2602,102,36.0,0.18,199.99,0.08,1,199.99,163.99,12.3,3,836,8,70,199.99,3,0.25,199.99,0.0615030751537576,0
3,4,56.0,159.99,46,66,1,2,36,3,2,2602,102,40.0,0.2,199.99,0.35,1,199.99,159.99,56.0,3,836,8,70,199.99,3,0.25,199.99,0.280014000700035,0
1,2,95.06,193.99,46,66,1,2,36,3,4,2256,48,6.0,0.03,199.99,0.49,1,199.99,193.99,95.06,6,741,2,70,199.99,2,0.5,199.99,0.4753237661883094,0
3,1,-4.75,163.93,30,66,1,2,36,3,3,2632,43,35.99,0.18,49.98,-0.03,4,199.92,163.93,-4.75,20,844,5,67,49.98,0,4.0,199.92,-0.0237595038015206,1
1,1,21.29,118.29,34,66,1,2,36,0,1,2182,2,11.7,0.09,129.99,0.18,1,129.99,118.29,21.29,22,123,2,56,129.99,0,1.0,129.99,0.1637818293714901,1
1,1,19.07,116.99,34,66,1,2,36,0,1,2182,2,13.0,0.1,129.99,0.16,1,129.99,116.99,19.07,22,123,2,56,129.99,0,1.0,129.99,0.1467035925840449,1
1,1,35.0,100.0,47,66,1,2,36,6,1,2182,2,0.0,0.0,50.0,0.35,2,100.0,100.0,35.0,22,123,2,59,50.0,0,2.0,100.0,0.35,1
1,2,112.79,239.98,9,66,1,2,36,3,4,2256,48,60.0,0.2,299.98,0.47,1,299.98,239.98,112.79,6,741,2,21,299.98,2,0.5,299.98,0.3759917327821854,0
2,2,34.29,97.96,30,66,1,2,36,3,1,960,120,2.0,0.02,49.98,0.35,2,99.96,97.96,34.29,10,454,6,67,49.98,2,1.0,99.96,0.3430372148859544,0
3,1,48.57,351.98,18,66,1,2,36,3,3,2632,43,48.0,0.12,399.98,0.14,1,399.98,351.98,48.57,20,844,5,24,399.98,0,1.0,399.98,0.1214310715535776,1
1,2,31.66,109.18,12,66,1,2,36,0,4,2256,48,10.8,0.09,59.99,0.29,2,119.98,109.18,31.66,6,741,2,71,59.99,2,1.0,119.98,0.2638773128854809,0
1,2,72.6,200.0,47,66,1,2,36,6,4,2256,48,50.0,0.2,50.0,0.36,5,250.0,200.0,72.6,6,741,2,59,50.0,2,2.5,250.0,0.2904,0
2,2,58.04,123.49,34,66,1,2,36,0,1,960,120,6.5,0.05,129.99,0.47,1,129.99,123.49,58.04,10,454,6,56,129.99,2,0.5,129.99,0.4464958842987921,0
2,2,23.63,94.5,47,66,1,2,36,6,1,960,120,5.5,0.06,50.0,0.25,2,100.0,94.5,23.63,10,454,6,59,50.0,2,1.0,100.0,0.2362999999999999,0
0,1,8.13,71.98,25,392,0,2,4,8,3,1152,8,8.0,0.1,39.99,0.11,2,79.98,71.98,8.13,11,1033,1,15,39.99,0,2.0,79.98,0.1016504126031507,1
0,1,-2.02,80.61,17,392,0,2,4,5,3,1152,8,15.36,0.16,31.99,-0.03,3,95.97,80.61,-2.02,11,1033,1,107,31.99,0,3.0,95.97,-0.0210482442429926,1
0,2,-18.75,187.5,47,392,0,2,4,6,1,1221,2,62.5,0.25,50.0,-0.1,5,250.0,187.5,-18.75,22,846,1,59,50.0,2,2.5,250.0,-0.075,0
0,4,-55.79,35.99,38,392,0,2,4,6,4,2256,48,4.0,0.1,39.99,-1.55,1,39.99,35.99,-55.79,6,741,1,102,39.99,3,0.25,39.99,-1.3950987746936734,0
0,4,-148.66,254.98,9,392,0,2,4,3,4,2256,48,45.0,0.15,299.98,-0.58,1,299.98,254.98,-148.66,6,741,1,21,299.98,3,0.25,299.98,-0.495566371091406,0
0,4,28.47,251.98,9,392,0,2,4,3,4,2256,48,48.0,0.16,299.98,0.11,1,299.98,251.98,28.47,6,741,1,21,299.98,3,0.25,299.98,0.0949063270884725,0
0,4,9.46,248.98,9,392,0,2,4,3,4,2256,48,51.0,0.17,299.98,0.04,1,299.98,248.98,9.46,6,741,1,21,299.98,3,0.25,299.98,0.031535435695713,0
0,2,161.28,335.99,46,392,0,2,4,3,1,1221,2,14.0,0.04,349.99,0.48,1,349.99,335.99,161.28,22,846,1,69,349.99,2,0.5,349.99,0.4608131660904597,0
0,2,91.96,199.92,30,392,0,2,4,3,1,1221,2,49.98,0.2,49.98,0.46,5,249.9,199.92,91.96,22,846,1,67,49.98,2,2.5,249.9,0.3679871948779512,0
0,2,-8.55,149.94,30,392,0,2,4,3,1,1221,2,0.0,0.0,49.98,-0.06,3,149.94,149.94,-8.55,22,846,1,67,49.98,2,1.5,149.94,-0.0570228091236494,0
2,1,100.06,227.41,30,392,0,2,4,3,1,1933,120,22.49,0.09,49.98,0.44,5,249.9,227.41,100.06,10,454,6,67,49.98,0,5.0,249.9,0.4004001600640256,1
0,4,-21.79,130.5,47,392,0,2,4,6,4,2256,48,19.5,0.13,50.0,-0.17,3,150.0,130.5,-21.79,6,741,1,59,50.0,3,0.75,150.0,-0.1452666666666666,0
0,2,114.39,351.98,18,392,0,2,4,3,1,1221,2,48.0,0.12,399.98,0.33,1,399.98,351.98,114.39,22,846,1,24,399.98,2,0.5,399.98,0.2859892994649732,0
2,4,37.11,148.44,30,392,0,2,4,3,3,516,8,1.5,0.01,49.98,0.25,3,149.94,148.44,37.11,11,835,6,67,49.98,3,0.75,149.94,0.2474989995998399,0
2,4,133.84,395.98,18,392,0,2,4,3,3,516,8,4.0,0.01,399.98,0.34,1,399.98,395.98,133.84,11,835,6,24,399.98,3,0.25,399.98,0.3346167308365418,0
2,1,46.37,113.09,34,392,0,2,4,0,1,1933,120,16.9,0.13,129.99,0.41,1,129.99,113.09,46.37,10,454,6,56,129.99,0,1.0,129.99,0.3567197476728979,1
2,1,27.12,239.98,9,392,0,2,4,3,1,1933,120,60.0,0.2,299.98,0.11,1,299.98,239.98,27.12,10,454,6,21,299.98,0,1.0,299.98,0.0904060270684712,1
2,1,22.5,224.99,9,392,0,2,4,3,1,1933,120,75.0,0.25,299.98,0.1,1,299.98,224.99,22.5,10,454,6,21,299.98,0,1.0,299.98,0.0750050003333555,1
2,2,60.9,217.5,47,392,0,2,4,6,1,704,97,32.5,0.13,50.0,0.28,5,250.0,217.5,60.9,8,229,6,59,50.0,2,2.5,250.0,0.2435999999999999,0
2,4,46.24,127.39,34,392,0,2,4,0,3,516,8,2.6,0.02,129.99,0.36,1,129.99,127.39,46.24,11,835,6,56,129.99,3,0.25,129.99,0.3557196707439033,0
2,4,0.66,54.59,12,392,0,2,4,0,3,516,8,5.4,0.09,59.99,0.01,1,59.99,54.59,0.66,11,835,6,71,59.99,3,0.25,59.99,0.0110018336389398,0
2,4,12.72,112.6,17,392,0,2,4,5,3,516,8,15.36,0.12,31.99,0.11,4,127.96,112.6,12.72,11,835,6,108,31.99,3,1.0,127.96,0.0994060643951234,0
1,2,44.92,124.79,34,66,1,0,36,0,3,2224,108,5.2,0.04,129.99,0.36,1,129.99,124.79,44.92,11,417,3,56,129.99,2,0.5,129.99,0.3455650434648819,0
1,4,-14.87,103.99,34,66,1,0,36,0,1,1762,75,26.0,0.2,129.99,-0.14,1,129.99,103.99,-14.87,17,565,2,56,129.99,3,0.25,129.99,-0.1143934148780675,0
1,4,14.82,56.99,12,66,1,0,36,0,3,3066,31,3.0,0.05,59.99,0.26,1,59.99,56.99,14.82,7,41,3,71,59.99,3,0.25,59.99,0.2470411735289215,0
1,4,76.65,211.16,12,66,1,0,36,0,3,3066,31,28.8,0.12,59.99,0.36,4,239.96,211.16,76.65,7,41,3,71,59.99,3,1.0,239.96,0.3194282380396733,0
1,4,-237.56,296.95,12,66,1,0,36,0,3,3066,31,3.0,0.01,59.99,-0.8,5,299.95,296.95,-237.56,7,41,3,71,59.99,3,1.25,299.95,-0.7919986664444074,0
2,1,38.66,114.39,34,66,1,0,36,0,0,1727,106,15.6,0.12,129.99,0.34,1,129.99,114.39,38.66,19,568,6,56,129.99,0,1.0,129.99,0.297407492884068,1
2,1,21.77,59.99,38,66,1,0,36,6,0,1727,106,20.0,0.25,39.99,0.36,2,79.98,59.99,21.77,19,568,6,102,39.99,0,2.0,79.98,0.2721930482620655,1
2,1,116.4,237.56,12,66,1,0,36,0,0,1727,106,2.4,0.01,59.99,0.49,4,239.96,237.56,116.4,19,568,6,71,59.99,0,4.0,239.96,0.4850808468078013,1
1,4,32.39,89.96,30,66,1,0,36,3,1,1762,75,10.0,0.1,49.98,0.36,2,99.96,89.96,32.39,17,565,2,67,49.98,3,0.5,99.96,0.3240296118447379,0
1,4,-34.0,169.99,46,66,1,0,36,3,3,3066,31,30.0,0.15,199.99,-0.2,1,199.99,169.99,-34.0,7,41,3,70,199.99,3,0.25,199.99,-0.1700085004250212,0
2,4,57.74,122.84,34,66,1,0,36,0,2,586,158,7.15,0.06,129.99,0.47,1,129.99,122.84,57.74,12,291,6,56,129.99,3,0.25,129.99,0.4441880144626509,0
2,4,11.37,39.19,38,66,1,0,36,6,2,586,158,0.8,0.02,39.99,0.29,1,39.99,39.19,11.37,12,291,6,102,39.99,3,0.25,39.99,0.2843210802700674,0
2,1,143.99,299.99,18,66,1,0,36,3,0,1727,106,100.0,0.25,399.98,0.48,1,399.98,299.99,143.99,19,568,6,24,399.98,0,1.0,399.98,0.3599929996499825,1
2,4,94.07,191.98,10,66,1,0,36,5,2,586,158,8.0,0.04,99.99,0.49,2,199.98,191.98,94.07,12,291,6,61,99.99,3,0.5,199.98,0.4703970397039704,0
2,4,37.8,126.0,47,66,1,0,36,6,2,586,158,24.0,0.16,50.0,0.3,3,150.0,126.0,37.8,12,291,6,59,50.0,3,0.75,150.0,0.252,0
1,2,-214.97,122.84,34,29,0,0,21,0,4,3470,28,7.15,0.06,129.99,-1.75,1,129.99,122.84,-214.97,0,624,2,56,129.99,2,0.5,129.99,-1.6537425955842755,0
1,2,28.81,254.97,10,29,0,0,21,5,4,2469,48,45.0,0.15,99.99,0.11,3,299.97,254.97,28.81,6,796,2,61,99.99,2,1.5,299.97,0.096042937627096,0
2,4,-457.58,175.99,46,29,0,0,21,3,4,3018,48,24.0,0.12,199.99,-2.6,1,199.99,175.99,-457.58,18,677,6,70,199.99,3,0.25,199.99,-2.288014400720036,0
1,4,12.19,107.89,34,29,0,0,21,0,0,583,138,22.1,0.17,129.99,0.11,1,129.99,107.89,12.19,16,181,2,56,129.99,3,0.25,129.99,0.0937764443418724,0
1,4,-48.95,57.59,12,29,0,0,21,0,1,3221,53,2.4,0.04,59.99,-0.85,1,59.99,57.59,-48.95,22,571,3,71,59.99,3,0.25,59.99,-0.8159693282213702,0
2,4,2.58,41.0,47,29,0,0,21,6,4,3018,48,9.0,0.18,50.0,0.06,1,50.0,41.0,2.58,18,677,6,59,50.0,3,0.25,50.0,0.0516,0
2,4,-39.04,272.98,9,29,0,0,21,3,4,3018,48,27.0,0.09,299.98,-0.14,1,299.98,272.98,-39.04,18,677,6,21,299.98,3,0.25,299.98,-0.1301420094672978,0
1,4,54.07,159.98,10,29,0,0,21,5,0,583,138,40.0,0.2,99.99,0.34,2,199.98,159.98,54.07,16,181,2,61,99.99,3,0.5,199.98,0.2703770377037704,0
1,4,31.24,111.58,12,29,0,0,21,0,0,583,138,8.4,0.07,59.99,0.28,2,119.98,111.58,31.24,16,181,2,71,59.99,3,0.5,119.98,0.2603767294549091,0
2,4,10.56,105.58,12,29,0,0,21,0,4,3018,48,14.4,0.12,59.99,0.1,2,119.98,105.58,10.56,18,677,6,71,59.99,3,0.5,119.98,0.0880146691115185,0
1,4,23.74,237.41,30,29,0,0,21,3,0,583,138,12.5,0.05,49.98,0.1,5,249.9,237.41,23.74,16,181,2,67,49.98,3,1.25,249.9,0.0949979991996798,0
1,4,62.39,239.96,12,29,0,0,21,0,0,583,138,59.99,0.2,59.99,0.26,5,299.95,239.96,62.39,16,181,2,71,59.99,3,1.25,299.95,0.2080013335555926,0
3,4,13.86,49.5,28,66,1,0,36,4,2,827,20,16.5,0.25,22.0,0.28,3,66.0,49.5,13.86,12,787,8,54,22.0,3,0.75,66.0,0.21,0
1,2,-318.48,127.39,34,66,1,0,36,0,2,2872,124,2.6,0.02,129.99,-2.5,1,129.99,127.39,-318.48,1,895,2,56,129.99,2,0.5,129.99,-2.450034618047542,0
1,2,82.64,284.95,12,66,1,0,36,0,2,2872,124,15.0,0.05,59.99,0.29,5,299.95,284.95,82.64,1,895,2,71,59.99,2,2.5,299.95,0.2755125854309052,0
0,4,-285.59,167.99,46,66,1,0,36,3,1,2015,53,32.0,0.16,199.99,-1.7,1,199.99,167.99,-285.59,22,462,1,70,199.99,3,0.25,199.99,-1.4280214010700534,0
1,2,-113.84,197.99,46,66,1,0,36,3,2,2872,124,2.0,0.01,199.99,-0.58,1,199.99,197.99,-113.84,1,895,2,70,199.99,2,0.5,199.99,-0.5692284614230712,0
0,4,-75.97,47.48,30,66,1,0,36,3,1,2015,53,2.5,0.05,49.98,-1.6,1,49.98,47.48,-75.97,22,462,1,67,49.98,3,0.25,49.98,-1.5200080032012806,0
1,2,-47.58,199.92,30,66,1,0,36,3,2,2872,124,49.98,0.2,49.98,-0.24,5,249.9,199.92,-47.58,1,895,2,67,49.98,2,2.5,249.9,-0.1903961584633853,0
3,4,50.94,181.93,30,66,1,0,36,3,2,827,20,17.99,0.09,49.98,0.28,4,199.92,181.93,50.94,12,787,8,67,49.98,3,1.0,199.92,0.2548019207683073,0
2,2,31.5,251.98,9,66,1,0,36,3,4,2256,48,48.0,0.16,299.98,0.13,1,299.98,251.98,31.5,6,741,6,21,299.98,2,0.5,299.98,0.1050070004666977,0
2,2,47.25,472.45,10,66,1,0,36,5,4,2256,48,27.5,0.06,99.99,0.1,5,499.95,472.45,47.25,6,741,6,61,99.99,2,2.5,499.95,0.0945094509450945,0
2,4,26.66,242.4,30,66,1,0,36,3,3,1964,51,7.5,0.03,49.98,0.11,5,249.9,242.4,26.66,15,196,6,67,49.98,3,1.25,249.9,0.1066826730692276,0
2,2,107.51,383.98,18,66,1,0,36,3,4,2256,48,16.0,0.04,399.98,0.28,1,399.98,383.98,107.51,6,741,6,24,399.98,2,0.5,399.98,0.2687884394219711,0
2,2,167.19,379.98,18,66,1,0,36,3,4,2256,48,20.0,0.05,399.98,0.44,1,399.98,379.98,167.19,6,741,6,24,399.98,2,0.5,399.98,0.4179958997949897,0
2,4,67.89,387.96,10,66,1,0,36,5,3,1964,51,12.0,0.03,99.99,0.18,4,399.96,387.96,67.89,15,196,6,61,99.99,3,1.0,399.96,0.1697419741974197,0
2,4,64.72,223.16,12,66,1,0,36,0,3,1964,51,16.8,0.07,59.99,0.29,4,239.96,223.16,64.72,15,196,6,71,59.99,3,1.0,239.96,0.2697116186031005,0
2,4,-29.29,464.95,10,66,1,0,36,5,3,1964,51,35.0,0.07,99.99,-0.06,5,499.95,464.95,-29.29,15,196,6,61,99.99,3,1.25,499.95,-0.0585858585858585,0
3,4,17.0,339.98,18,66,1,0,36,3,2,827,20,60.0,0.15,399.98,0.05,1,399.98,339.98,17.0,12,787,8,24,399.98,3,0.25,399.98,0.0425021251062553,0
3,4,-84.62,120.89,34,66,1,0,36,0,3,1386,31,9.1,0.07,129.99,-0.7,1,129.99,120.89,-84.62,7,41,5,56,129.99,3,0.25,129.99,-0.6509731517809062,0
3,4,30.0,299.99,18,66,1,0,36,3,3,1386,31,100.0,0.25,399.98,0.1,1,399.98,299.99,30.0,7,41,5,24,399.98,3,0.25,399.98,0.0750037501875093,0
3,4,23.15,47.25,47,66,1,0,36,6,4,683,48,2.75,0.06,50.0,0.49,1,50.0,47.25,23.15,18,450,5,59,50.0,3,0.25,50.0,0.4629999999999999,0
3,4,6.56,82.0,47,66,1,0,36,6,1,627,2,18.0,0.18,50.0,0.08,2,100.0,82.0,6.56,22,102,7,59,50.0,3,0.5,100.0,0.0655999999999999,0
3,4,29.58,101.98,12,66,1,0,36,0,2,827,20,18.0,0.15,59.99,0.29,2,119.98,101.98,29.58,12,787,8,71,59.99,3,0.5,119.98,0.2465410901816969,0
3,4,8.73,218.36,12,66,1,0,36,0,4,683,48,21.6,0.09,59.99,0.04,4,239.96,218.36,8.73,18,450,5,71,59.99,3,1.0,239.96,0.0363810635105851,0
0,4,-352.74,235.16,12,66,1,0,36,0,1,2015,53,4.8,0.02,59.99,-1.5,4,239.96,235.16,-352.74,22,462,1,71,59.99,3,1.0,239.96,-1.4699949991665278,0
3,4,16.37,45.48,30,66,1,0,36,3,1,627,2,4.5,0.09,49.98,0.36,1,49.98,45.48,16.37,22,102,7,67,49.98,3,0.25,49.98,0.327531012404962,0
3,4,131.99,399.96,10,66,1,0,36,5,1,627,2,99.99,0.2,99.99,0.33,5,499.95,399.96,131.99,22,102,7,61,99.99,3,1.25,499.95,0.264006400640064,0
2,2,14.62,116.99,34,493,0,0,5,0,3,49,71,13.0,0.1,129.99,0.13,1,129.99,116.99,14.62,20,95,6,56,129.99,2,0.5,129.99,0.1124701900146165,0
2,4,30.4,189.99,46,493,0,0,5,3,3,3143,74,10.0,0.05,199.99,0.16,1,199.99,189.99,30.4,20,977,6,70,199.99,3,0.25,199.99,0.1520076003800189,0
3,1,71.34,173.99,46,493,0,0,5,3,0,1641,123,26.0,0.13,199.99,0.41,1,199.99,173.99,71.34,2,823,5,70,199.99,0,1.0,199.99,0.3567178358917945,1
1,4,38.37,106.59,34,493,0,0,5,0,3,243,71,23.4,0.18,129.99,0.36,1,129.99,106.59,38.37,20,98,2,56,129.99,3,0.25,129.99,0.2951765520424648,0
1,4,22.41,82.99,10,493,0,0,5,5,4,2469,48,17.0,0.17,99.99,0.27,1,99.99,82.99,22.41,6,796,2,61,99.99,3,0.25,99.99,0.2241224122412241,0
3,1,53.98,199.92,30,493,0,0,5,3,0,1641,123,0.0,0.0,49.98,0.27,4,199.92,199.92,53.98,2,823,5,67,49.98,0,4.0,199.92,0.2700080032012805,1
3,1,67.69,218.36,12,493,0,0,5,0,0,1641,123,21.6,0.09,59.99,0.31,4,239.96,218.36,67.69,2,823,5,71,59.99,0,4.0,239.96,0.2820886814469078,1
3,1,46.25,98.4,38,493,0,0,5,6,0,1641,123,21.6,0.18,30.0,0.47,4,120.0,98.4,46.25,2,823,5,16,30.0,0,4.0,120.0,0.3854166666666667,1
1,4,-8.6,136.45,30,493,0,0,5,3,3,2967,133,13.49,0.09,49.98,-0.06,3,149.94,136.45,-8.6,15,928,2,67,49.98,3,0.75,149.94,-0.0573562758436708,0
3,1,-63.89,391.98,18,493,0,0,5,3,0,1641,123,8.0,0.02,399.98,-0.16,1,399.98,391.98,-63.89,2,823,5,24,399.98,0,1.0,399.98,-0.1597329866493324,1
1,4,8.55,45.0,47,532,0,2,31,6,1,2184,47,5.0,0.1,50.0,0.19,1,50.0,45.0,8.55,17,695,2,59,50.0,3,0.25,50.0,0.171,0
3,1,46.18,167.93,30,532,0,2,31,3,0,706,163,31.99,0.16,49.98,0.28,4,199.92,167.93,46.18,5,411,7,67,49.98,0,4.0,199.92,0.2309923969587835,1
3,4,120.0,244.9,30,532,0,2,31,3,2,2851,42,5.0,0.02,49.98,0.49,5,249.9,244.9,120.0,3,886,7,67,49.98,3,1.25,249.9,0.4801920768307323,0
3,4,0.0,48.48,30,532,0,2,31,3,2,2851,42,1.5,0.03,49.98,0.0,1,49.98,48.48,0.0,3,886,7,67,49.98,3,0.25,49.98,0.0,0
1,4,74.35,212.42,30,532,0,2,31,3,1,2184,47,37.49,0.15,49.98,0.35,5,249.9,212.42,74.35,17,695,2,67,49.98,3,1.25,249.9,0.2975190076030412,0
1,4,35.92,98.96,0,532,0,2,31,8,1,2184,47,1.0,0.01,24.99,0.36,4,99.96,98.96,35.92,17,695,2,88,24.99,3,1.0,99.96,0.359343737494998,0
3,1,38.66,114.39,34,532,0,2,31,0,0,706,163,15.6,0.12,129.99,0.34,1,129.99,114.39,38.66,5,411,7,56,129.99,0,1.0,129.99,0.297407492884068,1
3,1,18.43,113.09,34,532,0,2,31,0,0,706,163,16.9,0.13,129.99,0.16,1,129.99,113.09,18.43,5,411,7,56,129.99,0,1.0,129.99,0.1417801369336102,1
3,4,17.4,173.98,10,532,0,2,31,5,2,2851,42,26.0,0.13,99.99,0.1,2,199.98,173.98,17.4,3,886,7,61,99.99,3,0.5,199.98,0.087008700870087,0
3,4,159.69,472.45,10,532,0,2,31,5,2,2851,42,27.5,0.06,99.99,0.34,5,499.95,472.45,159.69,3,886,7,61,99.99,3,1.25,499.95,0.3194119411941194,0
3,1,31.95,67.98,21,66,1,2,36,6,4,1533,48,12.0,0.15,39.99,0.47,2,79.98,67.98,31.95,14,979,5,82,39.99,0,2.0,79.98,0.3994748687171792,1
3,1,-62.9,85.0,47,66,1,2,36,6,4,1533,48,15.0,0.15,50.0,-0.74,2,100.0,85.0,-62.9,14,979,5,59,50.0,0,2.0,100.0,-0.629,1
3,1,136.11,374.96,10,66,1,2,36,5,4,1533,48,124.99,0.25,99.99,0.36,5,499.95,374.96,136.11,14,979,5,61,99.99,0,5.0,499.95,0.2722472247224722,1
3,1,28.13,248.96,12,66,1,2,36,0,4,1533,48,50.99,0.17,59.99,0.11,5,299.95,248.96,28.13,14,979,5,71,59.99,0,5.0,299.95,0.0937822970495082,1
3,2,20.04,74.22,0,66,1,2,36,8,3,936,8,0.75,0.01,24.99,0.27,3,74.97,74.22,20.04,11,739,7,89,24.99,2,1.5,74.97,0.2673069227691076,0
3,2,86.0,199.99,46,66,1,2,36,3,3,936,8,0.0,0.0,199.99,0.43,1,199.99,199.99,86.0,11,739,7,70,199.99,2,0.5,199.99,0.4300215010750537,0
1,4,36.9,109.18,12,66,1,2,36,0,2,619,20,10.8,0.09,59.99,0.34,2,119.98,109.18,36.9,12,208,2,71,59.99,3,0.5,119.98,0.3075512585430905,0
1,4,84.59,179.97,12,66,1,2,36,0,2,619,20,0.0,0.0,59.99,0.47,3,179.97,179.97,84.59,12,208,2,71,59.99,3,0.75,179.97,0.4700227815747069,0
1,4,58.19,155.16,38,66,1,2,36,6,2,619,20,4.8,0.03,39.99,0.38,4,159.96,155.16,58.19,12,208,2,102,39.99,3,1.0,159.96,0.3637784446111528,0
1,0,174.71,363.98,18,59,0,0,31,3,1,2414,53,36.0,0.09,399.98,0.48,1,399.98,363.98,174.71,22,462,3,24,399.98,1,0.0,399.98,0.4367968398419921,1
1,0,14.08,38.79,38,59,0,0,31,6,4,2044,48,1.2,0.03,39.99,0.36,1,39.99,38.79,14.08,21,766,2,102,39.99,1,0.0,39.99,0.3520880220055014,1
1,0,76.43,272.98,9,59,0,0,31,3,4,2044,48,27.0,0.09,299.98,0.28,1,299.98,272.98,76.43,21,766,2,21,299.98,1,0.0,299.98,0.2547836522434829,1
1,0,29.01,111.58,12,59,0,0,31,0,4,2044,48,8.4,0.07,59.99,0.26,2,119.98,111.58,29.01,21,766,2,71,59.99,1,0.0,119.98,0.2417902983830638,1
1,4,30.53,113.09,34,59,0,0,31,0,2,2199,102,16.9,0.13,129.99,0.27,1,129.99,113.09,30.53,3,1068,3,56,129.99,3,0.25,129.99,0.2348642203246403,0
1,4,29.83,110.49,34,59,0,0,31,0,2,2199,102,19.5,0.15,129.99,0.27,1,129.99,110.49,29.83,3,1068,3,56,129.99,3,0.25,129.99,0.2294791907069774,0
1,0,77.9,189.99,46,59,0,0,31,3,1,2414,53,10.0,0.05,199.99,0.41,1,199.99,189.99,77.9,22,462,3,70,199.99,1,0.0,199.99,0.3895194759737987,1
1,4,25.99,99.96,30,59,0,0,31,3,2,2199,102,0.0,0.0,49.98,0.26,2,99.96,99.96,25.99,3,1068,3,67,49.98,3,0.5,99.96,0.2600040016006402,0
3,0,4.87,97.49,34,59,0,0,31,0,2,2786,102,32.5,0.25,129.99,0.05,1,129.99,97.49,4.87,3,244,7,56,129.99,1,0.0,129.99,0.0374644203400261,1
3,0,85.25,173.98,10,59,0,0,31,5,2,2786,102,26.0,0.13,99.99,0.49,2,199.98,173.98,85.25,3,244,7,61,99.99,1,0.0,199.98,0.4262926292629263,1
2,1,45.92,163.99,46,66,1,2,36,3,2,2392,20,36.0,0.18,199.99,0.28,1,199.99,163.99,45.92,12,799,6,70,199.99,0,1.0,199.99,0.2296114805740287,1
2,1,13.92,159.99,46,66,1,2,36,3,2,2392,20,40.0,0.2,199.99,0.09,1,199.99,159.99,13.92,12,799,6,70,199.99,0,1.0,199.99,0.0696034801740086,1
1,4,42.75,90.96,30,66,1,2,36,3,0,2125,85,9.0,0.09,49.98,0.47,2,99.96,90.96,42.75,19,684,2,67,49.98,3,0.5,99.96,0.4276710684273709,0
1,1,3.32,82.99,1,66,1,2,36,5,1,1444,120,17.0,0.17,99.99,0.04,1,99.99,82.99,3.32,10,454,2,62,99.99,0,1.0,99.99,0.0332033203320332,1
1,1,83.15,296.98,9,66,1,2,36,3,1,1444,120,3.0,0.01,299.98,0.28,1,299.98,296.98,83.15,10,454,2,21,299.98,0,1.0,299.98,0.2771851456763784,1
1,1,50.15,113.97,38,66,1,2,36,6,1,1296,2,6.0,0.05,39.99,0.44,3,119.97,113.97,50.15,22,410,2,102,39.99,0,3.0,119.97,0.4180211719596565,1
1,4,95.6,199.17,12,66,1,2,36,0,0,2125,85,40.79,0.17,59.99,0.48,4,239.96,199.17,95.6,19,684,2,71,59.99,3,1.0,239.96,0.3983997332888814,0
2,1,27.04,103.99,34,66,1,2,36,0,2,2392,20,26.0,0.2,129.99,0.26,1,129.99,103.99,27.04,12,799,6,56,129.99,0,1.0,129.99,0.2080160012308639,1
2,1,14.36,227.96,12,66,1,2,36,0,2,2392,20,12.0,0.05,59.99,0.06,4,239.96,227.96,14.36,12,799,6,71,59.99,0,4.0,239.96,0.0598433072178696,1
2,1,70.4,160.0,47,66,1,2,36,6,2,2392,20,40.0,0.2,50.0,0.44,4,200.0,160.0,70.4,12,799,6,59,50.0,0,4.0,200.0,0.352,1
3,4,20.25,56.25,21,88,0,1,15,6,4,2806,48,18.75,0.25,25.0,0.36,3,75.0,56.25,20.25,21,188,8,115,25.0,3,0.75,75.0,0.27,0
3,4,84.66,201.57,12,88,0,1,15,0,4,2806,48,38.39,0.16,59.99,0.42,4,239.96,201.57,84.66,21,188,8,71,59.99,3,1.0,239.96,0.3528088014669111,0
3,4,41.59,159.96,21,88,0,1,15,6,4,2806,48,0.0,0.0,39.99,0.26,4,159.96,159.96,41.59,21,188,8,82,39.99,3,1.0,159.96,0.2600025006251563,0
2,1,104.75,387.98,18,88,0,1,15,3,2,3266,20,12.0,0.03,399.98,0.27,1,399.98,387.98,104.75,12,670,6,24,399.98,0,1.0,399.98,0.2618880944047202,1
3,2,12.9,149.99,46,88,0,1,15,3,2,2075,102,50.0,0.25,199.99,0.09,1,199.99,149.99,12.9,3,292,0,70,199.99,2,0.5,199.99,0.064503225161258,0
2,1,18.0,179.99,46,88,0,1,15,3,2,3266,20,20.0,0.1,199.99,0.1,1,199.99,179.99,18.0,12,670,6,70,199.99,0,1.0,199.99,0.0900045002250112,1
3,4,-5.2,103.99,34,88,0,1,15,0,4,2806,48,26.0,0.2,129.99,-0.05,1,129.99,103.99,-5.2,21,188,8,56,129.99,3,0.25,129.99,-0.0400030771597815,0
3,4,-4.1,164.0,47,409,0,0,28,6,3,1595,8,36.0,0.18,50.0,-0.03,4,200.0,164.0,-4.1,11,739,5,59,50.0,3,1.0,200.0,-0.0204999999999999,0
2,4,50.83,110.49,34,409,0,0,28,0,1,402,120,19.5,0.15,129.99,0.46,1,129.99,110.49,50.83,10,454,6,56,129.99,3,0.25,129.99,0.3910300792368643,0
2,4,23.66,106.59,34,409,0,0,28,0,1,1345,2,23.4,0.18,129.99,0.22,1,129.99,106.59,23.66,22,846,6,56,129.99,3,0.25,129.99,0.1820140010770059,0
3,1,11.47,181.99,46,409,0,0,28,3,0,2206,80,18.0,0.09,199.99,0.06,1,199.99,181.99,11.47,5,703,7,70,199.99,0,1.0,199.99,0.0573528676433821,1
2,4,181.99,363.98,18,409,0,0,28,3,1,1345,2,36.0,0.09,399.98,0.5,1,399.98,363.98,181.99,22,846,6,24,399.98,3,0.25,399.98,0.4549977498874943,0
2,4,161.99,359.98,18,409,0,0,28,3,1,1345,2,40.0,0.1,399.98,0.45,1,399.98,359.98,161.99,22,846,6,24,399.98,3,0.25,399.98,0.4049952497624881,0
1,4,-207.89,296.98,9,409,0,0,28,3,4,2056,48,3.0,0.01,299.98,-0.7,1,299.98,296.98,-207.89,14,979,2,21,299.98,3,0.25,299.98,-0.6930128675245015,0
3,1,-42.48,212.42,30,409,0,0,28,3,0,2206,80,37.49,0.15,49.98,-0.2,5,249.9,212.42,-42.48,5,703,7,67,49.98,0,5.0,249.9,-0.1699879951980792,1
2,4,79.38,188.99,46,409,0,0,28,3,1,1345,2,11.0,0.06,199.99,0.42,1,199.99,188.99,79.38,22,846,6,70,199.99,3,0.25,199.99,0.3969198459922995,0
3,1,31.55,100.78,12,409,0,0,28,0,0,2206,80,19.2,0.16,59.99,0.31,2,119.98,100.78,31.55,5,703,7,71,59.99,0,2.0,119.98,0.2629604934155692,1
3,1,-30.67,144.0,47,409,0,0,28,6,0,2206,80,6.0,0.04,50.0,-0.21,3,150.0,144.0,-30.67,5,703,7,59,50.0,0,3.0,150.0,-0.2044666666666666,1
3,2,13.86,39.59,38,409,0,0,28,6,1,3254,75,0.4,0.01,39.99,0.35,1,39.99,39.59,13.86,17,801,7,102,39.99,2,0.5,39.99,0.3465866466616654,0
3,2,88.18,195.95,38,409,0,0,28,6,1,3254,75,4.0,0.02,39.99,0.45,5,199.95,195.95,88.18,17,801,7,102,39.99,2,2.5,199.95,0.4410102525631408,0
1,4,24.25,193.98,10,409,0,0,28,5,4,2056,48,6.0,0.03,99.99,0.13,2,199.98,193.98,24.25,14,979,2,61,99.99,3,0.5,199.98,0.1212621262126212,0
3,4,30.57,109.19,34,409,0,0,28,0,3,1595,8,20.8,0.16,129.99,0.28,1,129.99,109.19,30.57,11,739,5,56,129.99,3,0.25,129.99,0.2351719363027925,0
3,4,30.21,107.89,34,409,0,0,28,0,3,1595,8,22.1,0.17,129.99,0.28,1,129.99,107.89,30.21,11,739,5,56,129.99,3,0.25,129.99,0.232402492499423,0
3,4,83.51,287.98,9,409,0,0,28,3,3,1595,8,12.0,0.04,299.98,0.29,1,299.98,287.98,83.51,11,739,5,21,299.98,3,0.25,299.98,0.2783852256817121,0
3,4,-10.52,93.1,17,409,0,0,28,8,3,1595,8,2.88,0.03,47.99,-0.11,2,95.98,93.1,-10.52,11,739,5,95,47.99,3,0.5,95.98,-0.1096061679516565,0
1,4,121.96,335.98,18,409,0,0,28,3,4,2056,48,64.0,0.16,399.98,0.36,1,399.98,335.98,121.96,14,979,2,24,399.98,3,0.25,399.98,0.304915245762288,0
2,4,92.27,272.98,9,66,1,2,36,3,4,1888,48,27.0,0.09,299.98,0.34,1,299.98,272.98,92.27,6,645,6,21,299.98,3,0.25,299.98,0.3075871724781652,0
2,4,29.75,85.0,47,66,1,2,36,6,4,1888,48,15.0,0.15,50.0,0.35,2,100.0,85.0,29.75,6,645,6,59,50.0,3,0.5,100.0,0.2975,0
3,4,3.78,43.5,47,66,1,2,36,6,1,3482,120,6.5,0.13,50.0,0.09,1,50.0,43.5,3.78,10,454,7,59,50.0,3,0.25,50.0,0.0756,0
3,4,58.79,117.58,12,66,1,2,36,0,1,3482,120,2.4,0.02,59.99,0.5,2,119.98,117.58,58.79,10,454,7,71,59.99,3,0.5,119.98,0.4899983330555092,0
3,4,13.5,179.99,46,66,1,2,36,3,1,3482,120,20.0,0.1,199.99,0.08,1,199.99,179.99,13.5,10,454,7,70,199.99,3,0.25,199.99,0.0675033751687584,0
1,2,10.58,167.99,46,66,1,2,36,3,0,1999,94,32.0,0.16,199.99,0.06,1,199.99,167.99,10.58,9,636,2,70,199.99,2,0.5,199.99,0.0529026451322566,0
1,2,-163.13,95.96,30,66,1,2,36,3,0,1999,94,4.0,0.04,49.98,-1.7,2,99.96,95.96,-163.13,9,636,2,67,49.98,2,1.0,99.96,-1.631952781112445,0
2,2,6.52,130.45,30,66,1,2,36,3,2,298,33,19.49,0.13,49.98,0.05,3,149.94,130.45,6.52,12,81,6,67,49.98,2,1.5,149.94,0.0434840602907829,0
2,2,102.18,217.41,30,66,1,2,36,3,2,298,33,32.49,0.13,49.98,0.47,5,249.9,217.41,102.18,12,81,6,67,49.98,2,2.5,249.9,0.4088835534213685,0
1,2,19.5,59.99,12,66,1,2,36,0,0,1999,94,0.0,0.0,59.99,0.33,1,59.99,59.99,19.5,9,636,2,71,59.99,2,0.5,59.99,0.3250541756959493,0
1,2,66.27,251.98,9,66,1,2,36,3,0,1999,94,48.0,0.16,299.98,0.26,1,299.98,251.98,66.27,9,636,2,21,299.98,2,0.5,299.98,0.2209147276485098,0
1,2,26.03,230.36,12,66,1,2,36,0,0,1999,94,9.6,0.04,59.99,0.11,4,239.96,230.36,26.03,9,636,2,71,59.99,2,2.0,239.96,0.1084764127354559,0
1,4,17.6,40.0,47,66,1,2,36,6,2,3078,20,10.0,0.2,50.0,0.44,1,50.0,40.0,17.6,12,956,2,59,50.0,3,0.25,50.0,0.352,0
1,4,91.52,351.98,18,66,1,2,36,3,2,3078,20,48.0,0.12,399.98,0.26,1,399.98,351.98,91.52,12,956,2,24,399.98,3,0.25,399.98,0.2288114405720285,0
1,4,30.74,245.96,12,66,1,2,36,0,2,3078,20,53.99,0.18,59.99,0.13,5,299.95,245.96,30.74,12,956,2,71,59.99,3,1.25,299.95,0.1024837472912152,0
2,4,-69.93,371.98,18,66,1,2,36,3,4,1888,48,28.0,0.07,399.98,-0.19,1,399.98,371.98,-69.93,6,645,6,24,399.98,3,0.25,399.98,-0.1748337416870843,0
2,2,58.03,120.89,34,66,1,2,36,0,2,298,33,9.1,0.07,129.99,0.48,1,129.99,120.89,58.03,12,81,6,56,129.99,2,0.5,129.99,0.4464189553042541,0
2,2,18.2,49.19,12,66,1,2,36,0,2,298,33,10.8,0.18,59.99,0.37,1,59.99,49.19,18.2,12,81,6,71,59.99,2,0.5,59.99,0.3033838973162193,0
2,2,115.19,319.98,18,66,1,2,36,3,2,298,33,80.0,0.2,399.98,0.36,1,399.98,319.98,115.19,12,81,6,24,399.98,2,0.5,399.98,0.2879893994699735,0
2,1,-18.33,290.98,9,88,0,1,15,3,3,488,8,9.0,0.03,299.98,-0.06,1,299.98,290.98,-18.33,11,835,6,21,299.98,0,1.0,299.98,-0.0611040736049069,1
2,1,138.23,287.98,9,88,0,1,15,3,3,488,8,12.0,0.04,299.98,0.48,1,299.98,287.98,138.23,11,835,6,21,299.98,0,1.0,299.98,0.4607973864924328,1
2,4,137.99,299.98,9,88,0,1,15,3,1,627,2,0.0,0.0,299.98,0.46,1,299.98,299.98,137.99,22,102,6,21,299.98,3,0.25,299.98,0.4599973331555437,0
2,4,-46.13,172.77,12,88,0,1,15,0,1,627,2,7.2,0.04,59.99,-0.27,3,179.97,172.77,-46.13,22,102,6,71,59.99,3,0.75,179.97,-0.2563204978607545,0
2,4,29.48,90.72,26,88,0,1,15,8,1,627,2,17.28,0.16,108.0,0.33,1,108.0,90.72,29.48,22,102,6,43,108.0,3,0.25,108.0,0.2729629629629629,0
2,4,87.14,248.96,12,88,0,1,15,0,1,627,2,50.99,0.17,59.99,0.35,5,299.95,248.96,87.14,22,102,6,71,59.99,3,1.25,299.95,0.2905150858476413,0
2,1,54.88,195.99,46,88,0,1,15,3,3,488,8,4.0,0.02,199.99,0.28,1,199.99,195.99,54.88,11,835,6,70,199.99,0,1.0,199.99,0.2744137206860343,1
2,4,76.47,169.93,30,88,0,1,15,3,1,627,2,29.99,0.15,49.98,0.45,4,199.92,169.93,76.47,22,102,6,67,49.98,3,1.0,199.92,0.3825030012004802,0
1,1,6.05,67.18,21,388,0,0,4,6,1,596,75,12.8,0.16,39.99,0.09,2,79.98,67.18,6.05,17,320,3,82,39.99,0,2.0,79.98,0.0756439109777444,1
1,1,19.59,156.75,17,388,0,0,4,8,1,596,75,3.2,0.02,31.99,0.13,5,159.95,156.75,19.59,17,320,3,7,31.99,0,5.0,159.95,0.1224757736792747,1
2,4,133.91,371.98,18,388,0,0,4,3,2,20,102,28.0,0.07,399.98,0.36,1,399.98,371.98,133.91,3,244,6,24,399.98,3,0.25,399.98,0.3347917395869793,0
1,1,54.6,167.99,46,388,0,0,4,3,1,596,75,32.0,0.16,199.99,0.33,1,199.99,167.99,54.6,17,320,3,70,199.99,0,1.0,199.99,0.2730136506825341,1
2,4,83.99,239.96,12,388,0,0,4,0,2,20,102,0.0,0.0,59.99,0.35,4,239.96,239.96,83.99,3,244,6,71,59.99,3,1.0,239.96,0.3500166694449074,0
2,4,103.5,225.0,47,388,0,0,4,6,2,20,102,25.0,0.1,50.0,0.46,5,250.0,225.0,103.5,3,244,6,59,50.0,3,1.25,250.0,0.414,0
3,1,3.55,118.29,34,388,0,0,4,0,4,1876,48,11.7,0.09,129.99,0.03,1,129.99,118.29,3.55,21,188,8,56,129.99,0,1.0,129.99,0.0273097930610046,1
1,1,-69.0,89.96,30,388,0,0,4,3,1,596,75,10.0,0.1,49.98,-0.77,2,99.96,89.96,-69.0,17,320,3,67,49.98,0,2.0,99.96,-0.6902761104441777,1
2,4,13.49,37.49,30,388,0,0,4,3,2,20,102,12.5,0.25,49.98,0.36,1,49.98,37.49,13.49,3,244,6,67,49.98,3,0.25,49.98,0.2699079631852741,0
1,4,28.08,103.99,34,66,1,0,36,0,4,2469,48,26.0,0.2,129.99,0.27,1,129.99,103.99,28.08,6,796,2,56,129.99,3,0.25,129.99,0.2160166166628201,0
1,4,46.91,101.98,12,66,1,0,36,0,4,2469,48,18.0,0.15,59.99,0.46,2,119.98,101.98,46.91,6,796,2,71,59.99,3,0.5,119.98,0.3909818303050508,0
1,4,47.37,100.78,12,66,1,0,36,0,4,2469,48,19.2,0.16,59.99,0.47,2,119.98,100.78,47.37,6,796,2,71,59.99,3,0.5,119.98,0.3948158026337722,0
1,4,-0.41,29.1,44,66,1,0,36,8,4,2469,48,2.88,0.09,15.99,-0.01,2,31.98,29.1,-0.41,6,796,2,32,15.99,3,0.5,31.98,-0.0128205128205128,0
3,4,85.26,173.99,46,66,1,0,36,3,1,1166,25,26.0,0.13,199.99,0.49,1,199.99,173.99,85.26,22,344,5,70,199.99,3,0.25,199.99,0.4263213160658033,0
1,4,34.8,120.0,47,66,1,0,36,6,4,2469,48,30.0,0.2,50.0,0.29,3,150.0,120.0,34.8,6,796,2,59,50.0,3,0.75,150.0,0.2319999999999999,0
1,4,27.06,165.99,46,66,1,0,36,3,1,2198,53,34.0,0.17,199.99,0.16,1,199.99,165.99,27.06,22,147,2,70,199.99,3,0.25,199.99,0.1353067653382669,0
3,4,-21.65,90.96,30,66,1,0,36,3,0,1532,138,9.0,0.09,49.98,-0.24,2,99.96,90.96,-21.65,16,360,5,67,49.98,3,0.5,99.96,-0.2165866346538615,0
3,4,41.4,118.29,34,66,1,0,36,0,1,1166,25,11.7,0.09,129.99,0.35,1,129.99,118.29,41.4,22,344,5,56,129.99,3,0.25,129.99,0.3184860373874913,0
3,4,17.22,49.19,12,66,1,0,36,0,1,1166,25,10.8,0.18,59.99,0.35,1,59.99,49.19,17.22,22,344,5,71,59.99,3,0.25,59.99,0.2870478413068844,0
3,4,12.75,42.5,47,66,1,0,36,6,1,1166,25,7.5,0.15,50.0,0.3,1,50.0,42.5,12.75,22,344,5,59,50.0,3,0.25,50.0,0.255,0
3,4,20.16,42.0,47,66,1,0,36,6,1,1166,25,8.0,0.16,50.0,0.48,1,50.0,42.0,20.16,22,344,5,59,50.0,3,0.25,50.0,0.4032,0
3,4,54.14,110.49,34,66,1,0,36,0,1,994,115,19.5,0.15,129.99,0.49,1,129.99,110.49,54.14,22,303,7,56,129.99,3,0.25,129.99,0.416493576428956,0
3,4,37.87,143.98,12,66,1,0,36,0,1,994,115,35.99,0.2,59.99,0.26,3,179.97,143.98,37.87,22,303,7,71,59.99,3,0.75,179.97,0.2104239595488136,0
1,4,26.2,54.59,12,285,0,1,5,0,3,873,69,5.4,0.09,59.99,0.48,1,59.99,54.59,26.2,13,280,3,71,59.99,3,0.25,59.99,0.436739456576096,0
1,1,47.19,129.99,34,285,0,1,5,0,2,2832,66,0.0,0.0,129.99,0.36,1,129.99,129.99,47.19,3,260,2,56,129.99,0,1.0,129.99,0.3630279252250172,1
1,1,-139.2,87.0,47,285,0,1,5,6,2,2832,66,13.0,0.13,50.0,-1.6,2,100.0,87.0,-139.2,3,260,2,59,50.0,0,2.0,100.0,-1.392,1
1,1,35.7,85.0,47,285,0,1,5,6,2,2832,66,15.0,0.15,50.0,0.42,2,100.0,85.0,35.7,3,260,2,59,50.0,0,2.0,100.0,0.357,1
1,1,91.07,290.97,10,285,0,1,5,5,2,2832,66,9.0,0.03,99.99,0.31,3,299.97,290.97,91.07,3,260,2,61,99.99,0,3.0,299.97,0.3035970263693035,1
1,1,54.87,156.76,38,285,0,1,5,6,3,3108,8,3.2,0.02,39.99,0.35,4,159.96,156.76,54.87,11,739,2,102,39.99,0,4.0,159.96,0.3430232558139534,1
1,4,90.66,278.95,12,285,0,1,5,0,3,873,69,21.0,0.07,59.99,0.33,5,299.95,278.95,90.66,13,280,3,71,59.99,3,1.25,299.95,0.3022503750625104,0
1,1,78.75,225.0,47,285,0,1,5,6,3,3108,8,25.0,0.1,50.0,0.35,5,250.0,225.0,78.75,11,739,2,59,50.0,0,5.0,250.0,0.315,1
3,1,34.75,128.69,34,285,0,1,5,0,1,3349,9,1.3,0.01,129.99,0.27,1,129.99,128.69,34.75,22,1034,5,56,129.99,0,1.0,129.99,0.2673282560196938,1
3,1,-197.45,127.39,34,285,0,1,5,0,1,3349,9,2.6,0.02,129.99,-1.55,1,129.99,127.39,-197.45,22,1034,5,56,129.99,0,1.0,129.99,-1.518962997153627,1
3,1,100.76,209.92,30,285,0,1,5,3,1,3349,9,39.98,0.16,49.98,0.48,5,249.9,209.92,100.76,22,1034,5,67,49.98,0,5.0,249.9,0.4032012805122049,1
1,1,49.14,188.99,46,285,0,1,5,3,3,3108,8,11.0,0.06,199.99,0.26,1,199.99,188.99,49.14,11,739,2,70,199.99,0,1.0,199.99,0.2457122856142807,1
3,2,13.2,175.96,38,285,0,1,5,6,2,3011,42,23.99,0.12,39.99,0.08,5,199.95,175.96,13.2,3,883,5,102,39.99,2,2.5,199.95,0.0660165041260315,0
1,4,56.0,159.99,46,285,0,1,5,3,3,873,69,40.0,0.2,199.99,0.35,1,199.99,159.99,56.0,13,280,3,70,199.99,3,0.25,199.99,0.280014000700035,0
1,4,69.8,142.44,30,285,0,1,5,3,3,873,69,7.5,0.05,49.98,0.49,3,149.94,142.44,69.8,13,280,3,67,49.98,3,0.75,149.94,0.4655195411497932,0
1,4,7.27,96.96,30,285,0,1,5,3,3,873,69,3.0,0.03,49.98,0.08,2,99.96,96.96,7.27,13,280,3,67,49.98,3,0.5,99.96,0.0727290916366546,0
1,1,127.76,377.98,18,285,0,1,5,3,3,3108,8,22.0,0.06,399.98,0.34,1,399.98,377.98,127.76,11,739,2,24,399.98,0,1.0,399.98,0.3194159707985399,1
3,2,45.05,143.94,30,285,0,1,5,3,2,3011,42,6.0,0.04,49.98,0.31,3,149.94,143.94,45.05,3,883,5,67,49.98,2,1.5,149.94,0.300453514739229,0
1,4,29.0,99.99,10,391,0,1,35,5,3,1550,0,0.0,0.0,99.99,0.29,1,99.99,99.99,29.0,13,497,3,61,99.99,3,0.25,99.99,0.29002900290029,0
1,4,25.92,53.99,12,391,0,1,35,0,3,1550,0,6.0,0.1,59.99,0.48,1,59.99,53.99,25.92,13,497,3,71,59.99,3,0.25,59.99,0.4320720120020003,0
1,4,48.75,150.0,47,391,0,1,35,6,3,1550,0,0.0,0.0,50.0,0.33,3,150.0,150.0,48.75,13,497,3,59,50.0,3,0.75,150.0,0.325,0
0,1,53.66,124.79,34,391,0,1,35,0,2,2542,76,5.2,0.04,129.99,0.43,1,129.99,124.79,53.66,1,888,1,56,129.99,0,1.0,129.99,0.41280098469113,1
0,1,12.74,36.39,38,391,0,1,35,6,2,2542,76,3.6,0.09,39.99,0.35,1,39.99,36.39,12.74,1,888,1,102,39.99,0,1.0,39.99,0.3185796449112278,1
0,1,26.39,105.57,38,391,0,1,35,6,2,2542,76,14.4,0.12,39.99,0.25,3,119.97,105.57,26.39,1,888,1,102,39.99,0,3.0,119.97,0.219971659581562,1
0,1,63.8,220.0,47,391,0,1,35,6,2,2542,76,30.0,0.12,50.0,0.29,5,250.0,220.0,63.8,1,888,1,59,50.0,0,5.0,250.0,0.2552,1
2,4,9.6,29.99,38,391,0,1,35,6,2,3360,59,10.0,0.25,39.99,0.32,1,39.99,29.99,9.6,3,389,6,102,39.99,3,0.25,39.99,0.2400600150037509,0
1,2,30.16,103.99,34,391,0,1,35,0,2,2868,38,26.0,0.2,129.99,0.29,1,129.99,103.99,30.16,1,893,2,56,129.99,2,0.5,129.99,0.2320178475267328,0
1,2,44.85,97.49,34,391,0,1,35,0,2,2868,38,32.5,0.25,129.99,0.46,1,129.99,97.49,44.85,1,893,2,56,129.99,2,0.5,129.99,0.3450265405031156,0
1,2,43.68,335.98,18,391,0,1,35,3,2,2868,38,64.0,0.16,399.98,0.13,1,399.98,335.98,43.68,1,893,2,24,399.98,2,0.5,399.98,0.1092054602730136,0
1,2,31.54,83.0,47,391,0,1,35,6,2,2868,38,17.0,0.17,50.0,0.38,2,100.0,83.0,31.54,1,893,2,59,50.0,2,1.0,100.0,0.3154,0
1,2,23.04,47.01,44,391,0,1,35,8,2,2868,38,0.96,0.02,15.99,0.49,3,47.97,47.01,23.04,1,893,2,31,15.99,2,1.5,47.97,0.4803001876172608,0
3,2,48.98,99.95,22,391,0,1,35,8,4,2469,48,0.0,0.0,19.99,0.49,5,99.95,99.95,48.98,6,796,7,99,19.99,2,2.5,99.95,0.4900450225112556,0
3,2,-145.59,181.99,46,391,0,1,35,3,2,1958,105,18.0,0.09,199.99,-0.8,1,199.99,181.99,-145.59,3,616,5,70,199.99,2,0.5,199.99,-0.727986399319966,0
3,2,-141.1,201.57,12,391,0,1,35,0,2,1958,105,38.39,0.16,59.99,-0.7,4,239.96,201.57,-141.1,3,616,5,71,59.99,2,2.0,239.96,-0.5880146691115186,0
3,2,12.3,164.0,47,391,0,1,35,6,4,2469,48,36.0,0.18,50.0,0.08,4,200.0,164.0,12.3,6,796,7,59,50.0,2,2.0,200.0,0.0615,0
3,2,-168.0,210.0,47,391,0,1,35,6,2,1958,105,40.0,0.16,50.0,-0.8,5,250.0,210.0,-168.0,3,616,5,59,50.0,2,2.5,250.0,-0.672,0
3,4,21.82,290.98,9,391,0,1,35,3,2,2085,102,9.0,0.03,299.98,0.08,1,299.98,290.98,21.82,3,292,7,21,299.98,3,0.25,299.98,0.072738182545503,0
2,2,44.65,94.99,6,524,0,0,5,5,1,426,120,0.0,0.0,94.99,0.47,1,94.99,94.99,44.65,10,454,6,64,94.99,2,0.5,94.99,0.470049478892515,0
2,2,76.49,339.97,32,524,0,0,5,4,1,426,120,59.99,0.15,99.99,0.23,4,399.96,339.97,76.49,10,454,6,55,99.99,2,2.0,399.96,0.1912441244124412,0
2,2,47.03,235.16,12,524,0,0,5,0,1,426,120,4.8,0.02,59.99,0.2,4,239.96,235.16,47.03,10,454,6,71,59.99,2,2.0,239.96,0.1959909984997499,0
2,2,-18.44,84.97,30,524,0,0,5,3,1,426,120,14.99,0.15,49.98,-0.22,2,99.96,84.97,-18.44,10,454,6,67,49.98,2,1.0,99.96,-0.1844737895158063,0
1,4,55.6,118.29,34,524,0,0,5,0,2,130,42,11.7,0.09,129.99,0.47,1,129.99,118.29,55.6,3,559,2,56,129.99,3,0.25,129.99,0.4277252096315101,0
2,4,-182.31,110.49,34,524,0,0,5,0,2,1398,102,19.5,0.15,129.99,-1.65,1,129.99,110.49,-182.31,3,700,6,56,129.99,3,0.25,129.99,-1.4024924994230326,0
2,4,99.22,283.48,9,524,0,0,5,3,2,1398,102,16.5,0.06,299.98,0.35,1,299.98,283.48,99.22,3,700,6,21,299.98,3,0.25,299.98,0.3307553836922461,0
2,4,-152.63,239.98,9,524,0,0,5,3,2,143,42,60.0,0.2,299.98,-0.64,1,299.98,239.98,-152.63,3,883,6,21,299.98,3,0.25,299.98,-0.5088005867057803,0
2,4,107.99,224.99,9,524,0,0,5,3,2,143,42,75.0,0.25,299.98,0.48,1,299.98,224.99,107.99,3,883,6,21,299.98,3,0.25,299.98,0.3599906660444029,0
1,4,12.8,79.98,38,524,0,0,5,6,2,130,42,0.0,0.0,39.99,0.16,2,79.98,79.98,12.8,3,559,2,102,39.99,3,0.5,79.98,0.1600400100025006,0
2,4,15.22,43.48,30,524,0,0,5,3,2,1398,102,6.5,0.13,49.98,0.35,1,49.98,43.48,15.22,3,700,6,67,49.98,3,0.25,49.98,0.3045218087234894,0
2,4,32.47,111.97,3,524,0,0,5,4,2,1398,102,27.99,0.2,34.99,0.29,4,139.96,111.97,32.47,3,700,6,113,34.99,3,1.0,139.96,0.2319948556730494,0
2,2,176.39,391.98,18,524,0,0,5,3,1,426,120,8.0,0.02,399.98,0.45,1,399.98,391.98,176.39,10,454,6,24,399.98,2,0.5,399.98,0.4409970498524925,0
3,2,25.2,251.98,9,524,0,0,5,3,2,2106,59,48.0,0.16,299.98,0.1,1,299.98,251.98,25.2,3,389,7,21,299.98,2,0.5,299.98,0.0840056003733582,0
3,2,102.9,283.48,9,524,0,0,5,3,3,526,152,16.5,0.06,299.98,0.36,1,299.98,283.48,102.9,20,170,7,21,299.98,2,0.5,299.98,0.3430228681912127,0
3,2,-140.07,210.0,47,524,0,0,5,6,3,526,152,40.0,0.16,50.0,-0.67,5,250.0,210.0,-140.07,20,170,7,59,50.0,2,2.5,250.0,-0.56028,0
1,4,36.73,131.17,38,524,0,0,5,6,2,130,42,28.79,0.18,39.99,0.28,4,159.96,131.17,36.73,3,559,2,102,39.99,3,1.0,159.96,0.229619904976244,0
1,4,22.4,319.98,18,524,0,0,5,3,2,130,42,80.0,0.2,399.98,0.07,1,399.98,319.98,22.4,3,559,2,24,399.98,3,0.25,399.98,0.056002800140007,0
1,4,113.99,299.99,18,524,0,0,5,3,2,130,42,100.0,0.25,399.98,0.38,1,399.98,299.99,113.99,3,559,2,24,399.98,3,0.25,399.98,0.2849892494624731,0
2,4,76.0,379.98,18,524,0,0,5,3,2,1398,102,20.0,0.05,399.98,0.2,1,399.98,379.98,76.0,3,700,6,24,399.98,3,0.25,399.98,0.1900095004750237,0
3,2,174.83,371.98,18,524,0,0,5,3,3,526,152,28.0,0.07,399.98,0.47,1,399.98,371.98,174.83,20,170,7,24,399.98,2,0.5,399.98,0.4370968548427421,0
2,4,-25.94,227.5,47,66,1,2,36,6,3,1594,104,22.5,0.09,50.0,-0.11,5,250.0,227.5,-25.94,13,209,6,59,50.0,3,1.25,250.0,-0.10376,0
3,4,24.01,49.0,47,66,1,2,36,6,1,2414,53,1.0,0.02,50.0,0.49,1,50.0,49.0,24.01,22,462,7,59,50.0,3,0.25,50.0,0.4802,0
3,4,-410.82,248.98,9,66,1,2,36,3,3,1152,8,51.0,0.17,299.98,-1.65,1,299.98,248.98,-410.82,11,1033,5,21,299.98,3,0.25,299.98,-1.3694912994199613,0
3,4,-163.77,109.18,12,66,1,2,36,0,1,2414,53,10.8,0.09,59.99,-1.5,2,119.98,109.18,-163.77,22,462,7,71,59.99,3,0.5,119.98,-1.364977496249375,0
3,4,-18.9,299.97,10,66,1,2,36,5,3,1152,8,0.0,0.0,99.99,-0.06,3,299.97,299.97,-18.9,11,1033,5,61,99.99,3,0.75,299.97,-0.0630063006300629,0
3,4,18.6,299.95,12,66,1,2,36,0,1,2414,53,0.0,0.0,59.99,0.06,5,299.95,299.95,18.6,22,462,7,71,59.99,3,1.25,299.95,0.0620103350558426,0
3,4,13.2,175.99,46,66,1,2,36,3,1,2414,53,24.0,0.12,199.99,0.08,1,199.99,175.99,13.2,22,462,7,70,199.99,3,0.25,199.99,0.0660033001650082,0
1,1,70.98,272.98,9,66,1,2,36,3,3,2916,34,27.0,0.09,299.98,0.26,1,299.98,272.98,70.98,7,910,2,21,299.98,0,1.0,299.98,0.236615774384959,1
1,1,82.0,200.0,47,66,1,2,36,6,3,2916,34,50.0,0.2,50.0,0.41,5,250.0,200.0,82.0,7,910,2,59,50.0,0,5.0,250.0,0.328,1
2,4,7.17,43.98,30,66,1,2,36,3,3,1594,104,6.0,0.12,49.98,0.16,1,49.98,43.98,7.17,13,209,6,67,49.98,3,0.25,49.98,0.1434573829531812,0
2,4,39.46,83.97,30,66,1,2,36,3,3,1594,104,15.99,0.16,49.98,0.47,2,99.96,83.97,39.46,13,209,6,67,49.98,3,0.5,99.96,0.3947579031612645,0
2,4,24.06,82.97,30,66,1,2,36,3,3,1594,104,16.99,0.17,49.98,0.29,2,99.96,82.97,24.06,13,209,6,67,49.98,3,0.5,99.96,0.2406962785114045,0
3,4,28.5,379.98,18,66,1,2,36,3,3,1152,8,20.0,0.05,399.98,0.08,1,399.98,379.98,28.5,11,1033,5,24,399.98,3,0.25,399.98,0.0712535626781339,0
0,1,-84.0,48.0,47,241,0,1,26,6,0,419,132,2.0,0.04,50.0,-1.75,1,50.0,48.0,-84.0,19,663,1,59,50.0,0,1.0,50.0,-1.68,1
0,1,-66.5,47.5,47,241,0,1,26,6,0,419,132,2.5,0.05,50.0,-1.4,1,50.0,47.5,-66.5,19,663,1,59,50.0,0,1.0,50.0,-1.33,1
0,1,26.81,201.57,12,241,0,1,26,0,0,419,132,38.39,0.16,59.99,0.13,4,239.96,201.57,26.81,19,663,1,71,59.99,0,4.0,239.96,0.1117269544924153,1
